solid OpenSCAD_Model
  facet normal 0 1 -0
    outer loop
      vertex 29 0 -20.01
      vertex 13.5 0 -10.01
      vertex 29 0 -10.01
    endloop
  endfacet
  facet normal 0 1 0
    outer loop
      vertex 13.5 0 -10.01
      vertex 29 0 -20.01
      vertex 13.5 0 -20.01
    endloop
  endfacet
  facet normal 0 1 -0
    outer loop
      vertex 90.245 0 -22.01
      vertex 70.745 0 -10.01
      vertex 90.245 0 -7
    endloop
  endfacet
  facet normal 0 1 0
    outer loop
      vertex 70.745 0 -10.01
      vertex 90.245 0 -22.01
      vertex 70.745 0 -22.01
    endloop
  endfacet
  facet normal 0 1 0
    outer loop
      vertex 90.245 0 -7
      vertex 97.745 0 0
      vertex 97.745 0 -7
    endloop
  endfacet
  facet normal 0 1 0
    outer loop
      vertex 70.745 0 -10.01
      vertex 97.745 0 0
      vertex 90.245 0 -7
    endloop
  endfacet
  facet normal 0 1 0
    outer loop
      vertex 97.745 0 0
      vertex 70.745 0 -10.01
      vertex 2 0 0
    endloop
  endfacet
  facet normal 0 1 -0
    outer loop
      vertex 29 0 -10.01
      vertex 2 0 0
      vertex 70.745 0 -10.01
    endloop
  endfacet
  facet normal 0 1 -0
    outer loop
      vertex 13.5 0 -10.01
      vertex 2 0 0
      vertex 29 0 -10.01
    endloop
  endfacet
  facet normal 0 1 0
    outer loop
      vertex 2 0 0
      vertex 13.5 0 -10.01
      vertex 2 0 -10.01
    endloop
  endfacet
  facet normal -0.972369 0.233448 0
    outer loop
      vertex 0.0246229 -1.68713 -10.01
      vertex 0.0978861 -1.38197 0
      vertex 0.0978861 -1.38197 -10.01
    endloop
  endfacet
  facet normal -0.972369 0.233448 0
    outer loop
      vertex 0.0978861 -1.38197 0
      vertex 0.0246229 -1.68713 -10.01
      vertex 0.0246229 -1.68713 0
    endloop
  endfacet
  facet normal -0.0784575 0.996917 0
    outer loop
      vertex 2 0 -10.01
      vertex 1.68713 -0.0246229 0
      vertex 2 0 0
    endloop
  endfacet
  facet normal -0.0784575 0.996917 0
    outer loop
      vertex 1.68713 -0.0246229 0
      vertex 2 0 -10.01
      vertex 1.68713 -0.0246229 -10.01
    endloop
  endfacet
  facet normal -0.972359 -0.233491 0
    outer loop
      vertex 0.0978861 -44.388 -10.01
      vertex 0.0246229 -44.0829 0
      vertex 0.0246229 -44.0829 -10.01
    endloop
  endfacet
  facet normal -0.972359 -0.233491 0
    outer loop
      vertex 0.0246229 -44.0829 0
      vertex 0.0978861 -44.388 -10.01
      vertex 0.0978861 -44.388 0
    endloop
  endfacet
  facet normal -0.233448 0.972369 0
    outer loop
      vertex 1.68713 -0.0246229 -10.01
      vertex 1.38197 -0.0978861 0
      vertex 1.68713 -0.0246229 0
    endloop
  endfacet
  facet normal -0.233448 0.972369 0
    outer loop
      vertex 1.38197 -0.0978861 0
      vertex 1.68713 -0.0246229 -10.01
      vertex 1.38197 -0.0978861 -10.01
    endloop
  endfacet
  facet normal -0.078385 -0.996923 0
    outer loop
      vertex 1.68713 -45.7454 -10.01
      vertex 2 -45.77 0
      vertex 1.68713 -45.7454 0
    endloop
  endfacet
  facet normal -0.078385 -0.996923 -0
    outer loop
      vertex 2 -45.77 0
      vertex 1.68713 -45.7454 -10.01
      vertex 2 -45.77 -10.01
    endloop
  endfacet
  facet normal 0 -1 0
    outer loop
      vertex 29 -45.77 -20.01
      vertex 27.9 -45.77 -9.6
      vertex 13.5 -45.77 -20.01
    endloop
  endfacet
  facet normal 0 -1 0
    outer loop
      vertex 27.9 -45.77 -9.6
      vertex 29 -45.77 -20.01
      vertex 29 -45.77 -10.01
    endloop
  endfacet
  facet normal 0 -1 0
    outer loop
      vertex 59.8725 -45.77 -2
      vertex 70.745 -45.77 -10.01
      vertex 69.8725 -45.77 -2
    endloop
  endfacet
  facet normal 0 -1 0
    outer loop
      vertex 13.5 -45.77 -20.01
      vertex 27.9 -45.77 -9.6
      vertex 13.5 -45.77 -10.01
    endloop
  endfacet
  facet normal 0 -1 0
    outer loop
      vertex 27.9 -45.77 -9.6
      vertex 29 -45.77 -10.01
      vertex 38.9 -45.77 -9.6
    endloop
  endfacet
  facet normal 0 -1 0
    outer loop
      vertex 70.745 -45.77 -10.01
      vertex 38.9 -45.77 -9.6
      vertex 29 -45.77 -10.01
    endloop
  endfacet
  facet normal 0 -1 0
    outer loop
      vertex 69.8725 -45.77 -2
      vertex 70.745 -45.77 -10.01
      vertex 90.245 -45.77 -7
    endloop
  endfacet
  facet normal 0 -1 0
    outer loop
      vertex 90.245 -45.77 -22.01
      vertex 70.745 -45.77 -10.01
      vertex 70.745 -45.77 -22.01
    endloop
  endfacet
  facet normal 0 -1 0
    outer loop
      vertex 70.745 -45.77 -10.01
      vertex 90.245 -45.77 -22.01
      vertex 90.245 -45.77 -7
    endloop
  endfacet
  facet normal 0 -1 0
    outer loop
      vertex 27.9 -45.77 -3.6
      vertex 59.8725 -45.77 0
      vertex 2 -45.77 0
    endloop
  endfacet
  facet normal 0 -1 -0
    outer loop
      vertex 59.8725 -45.77 0
      vertex 38.9 -45.77 -3.6
      vertex 59.8725 -45.77 -2
    endloop
  endfacet
  facet normal 0 -1 0
    outer loop
      vertex 59.8725 -45.77 0
      vertex 27.9 -45.77 -3.6
      vertex 38.9 -45.77 -3.6
    endloop
  endfacet
  facet normal 0 -1 0
    outer loop
      vertex 13.5 -45.77 -10.01
      vertex 2 -45.77 0
      vertex 2 -45.77 -10.01
    endloop
  endfacet
  facet normal 0 -1 -0
    outer loop
      vertex 27.9 -45.77 -3.6
      vertex 13.5 -45.77 -10.01
      vertex 27.9 -45.77 -9.6
    endloop
  endfacet
  facet normal 0 -1 0
    outer loop
      vertex 2 -45.77 0
      vertex 13.5 -45.77 -10.01
      vertex 27.9 -45.77 -3.6
    endloop
  endfacet
  facet normal 0 -1 0
    outer loop
      vertex 90.245 -45.77 -7
      vertex 69.8725 -45.77 0
      vertex 69.8725 -45.77 -2
    endloop
  endfacet
  facet normal 0 -1 0
    outer loop
      vertex 38.9 -45.77 -9.6
      vertex 59.8725 -45.77 -2
      vertex 38.9 -45.77 -3.6
    endloop
  endfacet
  facet normal 0 -1 0
    outer loop
      vertex 70.745 -45.77 -10.01
      vertex 59.8725 -45.77 -2
      vertex 38.9 -45.77 -9.6
    endloop
  endfacet
  facet normal 0 -1 0
    outer loop
      vertex 69.8725 -45.77 0
      vertex 90.245 -45.77 -7
      vertex 97.745 -45.77 0
    endloop
  endfacet
  facet normal 0 -1 -0
    outer loop
      vertex 97.745 -45.77 0
      vertex 90.245 -45.77 -7
      vertex 97.745 -45.77 -7
    endloop
  endfacet
  facet normal 1 0 0
    outer loop
      vertex 91.245 -23.2 -7
      vertex 91.245 -44.77 -7
      vertex 91.245 -23.2 -7.01
    endloop
  endfacet
  facet normal 1 0 0
    outer loop
      vertex 91.245 -18.2 -7.01
      vertex 91.245 -1 -7
      vertex 91.245 -18.2 -7
    endloop
  endfacet
  facet normal 1 0 0
    outer loop
      vertex 91.245 -1 -7
      vertex 91.245 -18.2 -7.01
      vertex 91.245 -1 -22.01
    endloop
  endfacet
  facet normal 1 -0 0
    outer loop
      vertex 91.245 -23.2 -7.01
      vertex 91.245 -1 -22.01
      vertex 91.245 -18.2 -7.01
    endloop
  endfacet
  facet normal 1 0 0
    outer loop
      vertex 91.245 -44.77 -22.01
      vertex 91.245 -23.2 -7.01
      vertex 91.245 -44.77 -7
    endloop
  endfacet
  facet normal 1 0 0
    outer loop
      vertex 91.245 -23.2 -7.01
      vertex 91.245 -44.77 -22.01
      vertex 91.245 -1 -22.01
    endloop
  endfacet
  facet normal -0.923881 0.38268 0
    outer loop
      vertex 0.0978861 -1.38197 -10.01
      vertex 0.217986 -1.09202 0
      vertex 0.217986 -1.09202 -10.01
    endloop
  endfacet
  facet normal -0.923881 0.38268 0
    outer loop
      vertex 0.217986 -1.09202 0
      vertex 0.0978861 -1.38197 -10.01
      vertex 0.0978861 -1.38197 0
    endloop
  endfacet
  facet normal -1 0 0
    outer loop
      vertex 0 -43.77 -10.01
      vertex 0 -2 0
      vertex 0 -2 -10.01
    endloop
  endfacet
  facet normal -1 -0 0
    outer loop
      vertex 0 -2 0
      vertex 0 -43.77 -10.01
      vertex 0 -43.77 0
    endloop
  endfacet
  facet normal -0.522545 -0.852612 0
    outer loop
      vertex 0.824429 -45.388 -10.01
      vertex 1.09202 -45.552 0
      vertex 0.824429 -45.388 0
    endloop
  endfacet
  facet normal -0.522545 -0.852612 -0
    outer loop
      vertex 1.09202 -45.552 0
      vertex 0.824429 -45.388 -10.01
      vertex 1.09202 -45.552 -10.01
    endloop
  endfacet
  facet normal -0.649411 -0.760438 0
    outer loop
      vertex 0.585786 -45.1842 -10.01
      vertex 0.824429 -45.388 0
      vertex 0.585786 -45.1842 0
    endloop
  endfacet
  facet normal -0.649411 -0.760438 -0
    outer loop
      vertex 0.824429 -45.388 0
      vertex 0.585786 -45.1842 -10.01
      vertex 0.824429 -45.388 -10.01
    endloop
  endfacet
  facet normal -0.38268 0.923881 0
    outer loop
      vertex 1.38197 -0.0978861 -10.01
      vertex 1.09202 -0.217986 0
      vertex 1.38197 -0.0978861 0
    endloop
  endfacet
  facet normal -0.38268 0.923881 0
    outer loop
      vertex 1.09202 -0.217986 0
      vertex 1.38197 -0.0978861 -10.01
      vertex 1.09202 -0.217986 -10.01
    endloop
  endfacet
  facet normal -0.649447 0.760407 0
    outer loop
      vertex 0.824429 -0.381966 -10.01
      vertex 0.585786 -0.585786 0
      vertex 0.824429 -0.381966 0
    endloop
  endfacet
  facet normal -0.649447 0.760407 0
    outer loop
      vertex 0.585786 -0.585786 0
      vertex 0.824429 -0.381966 -10.01
      vertex 0.585786 -0.585786 -10.01
    endloop
  endfacet
  facet normal -0.923904 -0.382624 0
    outer loop
      vertex 0.217986 -44.678 -10.01
      vertex 0.0978861 -44.388 0
      vertex 0.0978861 -44.388 -10.01
    endloop
  endfacet
  facet normal -0.923904 -0.382624 0
    outer loop
      vertex 0.0978861 -44.388 0
      vertex 0.217986 -44.678 -10.01
      vertex 0.217986 -44.678 0
    endloop
  endfacet
  facet normal -0.996918 -0.07845 0
    outer loop
      vertex 0.0246229 -44.0829 -10.01
      vertex 0 -43.77 0
      vertex 0 -43.77 -10.01
    endloop
  endfacet
  facet normal -0.996918 -0.07845 0
    outer loop
      vertex 0 -43.77 0
      vertex 0.0246229 -44.0829 -10.01
      vertex 0.0246229 -44.0829 0
    endloop
  endfacet
  facet normal -0.522499 0.85264 0
    outer loop
      vertex 1.09202 -0.217986 -10.01
      vertex 0.824429 -0.381966 0
      vertex 1.09202 -0.217986 0
    endloop
  endfacet
  facet normal -0.522499 0.85264 0
    outer loop
      vertex 0.824429 -0.381966 0
      vertex 1.09202 -0.217986 -10.01
      vertex 0.824429 -0.381966 -10.01
    endloop
  endfacet
  facet normal -0.38268 -0.923881 0
    outer loop
      vertex 1.09202 -45.552 -10.01
      vertex 1.38197 -45.6721 0
      vertex 1.09202 -45.552 0
    endloop
  endfacet
  facet normal -0.38268 -0.923881 -0
    outer loop
      vertex 1.38197 -45.6721 0
      vertex 1.09202 -45.552 -10.01
      vertex 1.38197 -45.6721 -10.01
    endloop
  endfacet
  facet normal -0.760349 -0.649515 0
    outer loop
      vertex 0.585786 -45.1842 -10.01
      vertex 0.381966 -44.9456 0
      vertex 0.381966 -44.9456 -10.01
    endloop
  endfacet
  facet normal -0.760349 -0.649515 0
    outer loop
      vertex 0.381966 -44.9456 0
      vertex 0.585786 -45.1842 -10.01
      vertex 0.585786 -45.1842 0
    endloop
  endfacet
  facet normal -0.760407 0.649447 0
    outer loop
      vertex 0.381966 -0.824429 -10.01
      vertex 0.585786 -0.585786 0
      vertex 0.585786 -0.585786 -10.01
    endloop
  endfacet
  facet normal -0.760407 0.649447 0
    outer loop
      vertex 0.585786 -0.585786 0
      vertex 0.381966 -0.824429 -10.01
      vertex 0.381966 -0.824429 0
    endloop
  endfacet
  facet normal -0.996917 0.0784575 0
    outer loop
      vertex 0 -2 -10.01
      vertex 0.0246229 -1.68713 0
      vertex 0.0246229 -1.68713 -10.01
    endloop
  endfacet
  facet normal -0.996917 0.0784575 0
    outer loop
      vertex 0.0246229 -1.68713 0
      vertex 0 -2 -10.01
      vertex 0 -2 0
    endloop
  endfacet
  facet normal -0.85264 0.522499 0
    outer loop
      vertex 0.217986 -1.09202 -10.01
      vertex 0.381966 -0.824429 0
      vertex 0.381966 -0.824429 -10.01
    endloop
  endfacet
  facet normal -0.85264 0.522499 0
    outer loop
      vertex 0.381966 -0.824429 0
      vertex 0.217986 -1.09202 -10.01
      vertex 0.217986 -1.09202 0
    endloop
  endfacet
  facet normal -0.233559 -0.972343 0
    outer loop
      vertex 1.38197 -45.6721 -10.01
      vertex 1.68713 -45.7454 0
      vertex 1.38197 -45.6721 0
    endloop
  endfacet
  facet normal -0.233559 -0.972343 -0
    outer loop
      vertex 1.68713 -45.7454 0
      vertex 1.38197 -45.6721 -10.01
      vertex 1.68713 -45.7454 -10.01
    endloop
  endfacet
  facet normal -0.852648 -0.522486 0
    outer loop
      vertex 0.381966 -44.9456 -10.01
      vertex 0.217986 -44.678 0
      vertex 0.217986 -44.678 -10.01
    endloop
  endfacet
  facet normal -0.852648 -0.522486 0
    outer loop
      vertex 0.217986 -44.678 0
      vertex 0.381966 -44.9456 -10.01
      vertex 0.381966 -44.9456 0
    endloop
  endfacet
  facet normal 0 0 -1
    outer loop
      vertex 0 -43.77 -10.01
      vertex 13.5 -45.77 -10.01
      vertex 2 -45.77 -10.01
    endloop
  endfacet
  facet normal 0 0 -1
    outer loop
      vertex 13.5 -45.77 -10.01
      vertex 0 -43.77 -10.01
      vertex 13.5 0 -10.01
    endloop
  endfacet
  facet normal 0 0 -1
    outer loop
      vertex 0 -43.77 -10.01
      vertex 2 -45.77 -10.01
      vertex 1.68713 -45.7454 -10.01
    endloop
  endfacet
  facet normal 0 0 -1
    outer loop
      vertex 0 -2 -10.01
      vertex 13.5 0 -10.01
      vertex 0 -43.77 -10.01
    endloop
  endfacet
  facet normal 0 0 -1
    outer loop
      vertex 0 -43.77 -10.01
      vertex 1.68713 -45.7454 -10.01
      vertex 1.38197 -45.6721 -10.01
    endloop
  endfacet
  facet normal -0 0 -1
    outer loop
      vertex 13.5 0 -10.01
      vertex 0 -2 -10.01
      vertex 2 0 -10.01
    endloop
  endfacet
  facet normal 0 0 -1
    outer loop
      vertex 0 -43.77 -10.01
      vertex 1.38197 -45.6721 -10.01
      vertex 1.09202 -45.552 -10.01
    endloop
  endfacet
  facet normal 0 0 -1
    outer loop
      vertex 2 0 -10.01
      vertex 0 -2 -10.01
      vertex 1.68713 -0.0246229 -10.01
    endloop
  endfacet
  facet normal 0 0 -1
    outer loop
      vertex 0 -43.77 -10.01
      vertex 1.09202 -45.552 -10.01
      vertex 0.824429 -45.388 -10.01
    endloop
  endfacet
  facet normal 0 0 -1
    outer loop
      vertex 1.68713 -0.0246229 -10.01
      vertex 0 -2 -10.01
      vertex 1.38197 -0.0978861 -10.01
    endloop
  endfacet
  facet normal 0 0 -1
    outer loop
      vertex 0 -43.77 -10.01
      vertex 0.824429 -45.388 -10.01
      vertex 0.585786 -45.1842 -10.01
    endloop
  endfacet
  facet normal 0 0 -1
    outer loop
      vertex 1.38197 -0.0978861 -10.01
      vertex 0 -2 -10.01
      vertex 1.09202 -0.217986 -10.01
    endloop
  endfacet
  facet normal 0 0 -1
    outer loop
      vertex 0 -43.77 -10.01
      vertex 0.585786 -45.1842 -10.01
      vertex 0.381966 -44.9456 -10.01
    endloop
  endfacet
  facet normal 0 0 -1
    outer loop
      vertex 1.09202 -0.217986 -10.01
      vertex 0 -2 -10.01
      vertex 0.824429 -0.381966 -10.01
    endloop
  endfacet
  facet normal 0 0 -1
    outer loop
      vertex 0 -43.77 -10.01
      vertex 0.381966 -44.9456 -10.01
      vertex 0.217986 -44.678 -10.01
    endloop
  endfacet
  facet normal 0 0 -1
    outer loop
      vertex 0.824429 -0.381966 -10.01
      vertex 0 -2 -10.01
      vertex 0.585786 -0.585786 -10.01
    endloop
  endfacet
  facet normal 0 0 -1
    outer loop
      vertex 0 -43.77 -10.01
      vertex 0.217986 -44.678 -10.01
      vertex 0.0978861 -44.388 -10.01
    endloop
  endfacet
  facet normal 0 0 -1
    outer loop
      vertex 0.585786 -0.585786 -10.01
      vertex 0 -2 -10.01
      vertex 0.381966 -0.824429 -10.01
    endloop
  endfacet
  facet normal 0 0 -1
    outer loop
      vertex 0 -43.77 -10.01
      vertex 0.0978861 -44.388 -10.01
      vertex 0.0246229 -44.0829 -10.01
    endloop
  endfacet
  facet normal 0 0 -1
    outer loop
      vertex 0.381966 -0.824429 -10.01
      vertex 0 -2 -10.01
      vertex 0.217986 -1.09202 -10.01
    endloop
  endfacet
  facet normal 0 0 -1
    outer loop
      vertex 0.217986 -1.09202 -10.01
      vertex 0 -2 -10.01
      vertex 0.0978861 -1.38197 -10.01
    endloop
  endfacet
  facet normal 0 0 -1
    outer loop
      vertex 0.0978861 -1.38197 -10.01
      vertex 0 -2 -10.01
      vertex 0.0246229 -1.68713 -10.01
    endloop
  endfacet
  facet normal 0 0 -1
    outer loop
      vertex 39.5 -25 -10.01
      vertex 68 -9.5 -10.01
      vertex 68.5 -25 -10.01
    endloop
  endfacet
  facet normal -0 0 -1
    outer loop
      vertex 68 -9.5 -10.01
      vertex 39.5 -25 -10.01
      vertex 34.5 -9.5 -10.01
    endloop
  endfacet
  facet normal 0 0 -1
    outer loop
      vertex 68.5 -25 -10.01
      vertex 69.745 -44.77 -10.01
      vertex 68.5 -42 -10.01
    endloop
  endfacet
  facet normal 0 0 -1
    outer loop
      vertex 69.7573 -44.9264 -10.01
      vertex 68.5 -42 -10.01
      vertex 69.745 -44.77 -10.01
    endloop
  endfacet
  facet normal 0 0 -1
    outer loop
      vertex 69.7939 -45.079 -10.01
      vertex 68.5 -42 -10.01
      vertex 69.7573 -44.9264 -10.01
    endloop
  endfacet
  facet normal 0 0 -1
    outer loop
      vertex 39.5 -42 -10.01
      vertex 69.7939 -45.079 -10.01
      vertex 69.854 -45.224 -10.01
    endloop
  endfacet
  facet normal 0 0 -1
    outer loop
      vertex 69.7939 -45.079 -10.01
      vertex 39.5 -42 -10.01
      vertex 68.5 -42 -10.01
    endloop
  endfacet
  facet normal 0 0 -1
    outer loop
      vertex 69.936 -45.3578 -10.01
      vertex 39.5 -42 -10.01
      vertex 69.854 -45.224 -10.01
    endloop
  endfacet
  facet normal 0 0 -1
    outer loop
      vertex 70.0379 -45.4771 -10.01
      vertex 39.5 -42 -10.01
      vertex 69.936 -45.3578 -10.01
    endloop
  endfacet
  facet normal 0 0 -1
    outer loop
      vertex 70.1572 -45.579 -10.01
      vertex 39.5 -42 -10.01
      vertex 70.0379 -45.4771 -10.01
    endloop
  endfacet
  facet normal 0 0 -1
    outer loop
      vertex 70.291 -45.661 -10.01
      vertex 39.5 -42 -10.01
      vertex 70.1572 -45.579 -10.01
    endloop
  endfacet
  facet normal 0 0 -1
    outer loop
      vertex 29 -45.77 -10.01
      vertex 70.291 -45.661 -10.01
      vertex 70.436 -45.7211 -10.01
    endloop
  endfacet
  facet normal 0 0 -1
    outer loop
      vertex 29 -45.77 -10.01
      vertex 70.436 -45.7211 -10.01
      vertex 70.5886 -45.7577 -10.01
    endloop
  endfacet
  facet normal 0 0 -1
    outer loop
      vertex 29 -45.77 -10.01
      vertex 39.5 -25 -10.01
      vertex 39.5 -42 -10.01
    endloop
  endfacet
  facet normal 0 0 -1
    outer loop
      vertex 29 0 -10.01
      vertex 34.5 -9.5 -10.01
      vertex 29 -45.77 -10.01
    endloop
  endfacet
  facet normal -0 0 -1
    outer loop
      vertex 39.5 -25 -10.01
      vertex 29 -45.77 -10.01
      vertex 34.5 -9.5 -10.01
    endloop
  endfacet
  facet normal -0 0 -1
    outer loop
      vertex 70.291 -45.661 -10.01
      vertex 29 -45.77 -10.01
      vertex 39.5 -42 -10.01
    endloop
  endfacet
  facet normal 0 0 -1
    outer loop
      vertex 29 -45.77 -10.01
      vertex 70.5886 -45.7577 -10.01
      vertex 70.745 -45.77 -10.01
    endloop
  endfacet
  facet normal 0 0 -1
    outer loop
      vertex 69.745 -44.77 -10.01
      vertex 68.5 -25 -10.01
      vertex 69.745 -1 -10.01
    endloop
  endfacet
  facet normal 0 0 -1
    outer loop
      vertex 68 -9.5 -10.01
      vertex 69.745 -1 -10.01
      vertex 68.5 -25 -10.01
    endloop
  endfacet
  facet normal 0 0 -1
    outer loop
      vertex 68 -2.5 -10.01
      vertex 69.745 -1 -10.01
      vertex 68 -9.5 -10.01
    endloop
  endfacet
  facet normal -0 0 -1
    outer loop
      vertex 69.745 -1 -10.01
      vertex 68 -2.5 -10.01
      vertex 69.7573 -0.843565 -10.01
    endloop
  endfacet
  facet normal 0 0 -1
    outer loop
      vertex 68 -2.5 -10.01
      vertex 69.7939 -0.690983 -10.01
      vertex 69.7573 -0.843565 -10.01
    endloop
  endfacet
  facet normal 0 0 -1
    outer loop
      vertex 68 -2.5 -10.01
      vertex 69.854 -0.546009 -10.01
      vertex 69.7939 -0.690983 -10.01
    endloop
  endfacet
  facet normal 0 0 -1
    outer loop
      vertex 68 -2.5 -10.01
      vertex 69.936 -0.412214 -10.01
      vertex 69.854 -0.546009 -10.01
    endloop
  endfacet
  facet normal 0 0 -1
    outer loop
      vertex 34.5 -2.5 -10.01
      vertex 69.936 -0.412214 -10.01
      vertex 68 -2.5 -10.01
    endloop
  endfacet
  facet normal -0 0 -1
    outer loop
      vertex 69.936 -0.412214 -10.01
      vertex 34.5 -2.5 -10.01
      vertex 70.0379 -0.292892 -10.01
    endloop
  endfacet
  facet normal 0 0 -1
    outer loop
      vertex 34.5 -2.5 -10.01
      vertex 70.1572 -0.190983 -10.01
      vertex 70.0379 -0.292892 -10.01
    endloop
  endfacet
  facet normal 0 0 -1
    outer loop
      vertex 34.5 -2.5 -10.01
      vertex 70.291 -0.108993 -10.01
      vertex 70.1572 -0.190983 -10.01
    endloop
  endfacet
  facet normal 0 0 -1
    outer loop
      vertex 29 0 -10.01
      vertex 70.291 -0.108993 -10.01
      vertex 34.5 -2.5 -10.01
    endloop
  endfacet
  facet normal 0 0 -1
    outer loop
      vertex 70.291 -0.108993 -10.01
      vertex 29 0 -10.01
      vertex 70.436 -0.0489426 -10.01
    endloop
  endfacet
  facet normal 0 0 -1
    outer loop
      vertex 70.436 -0.0489426 -10.01
      vertex 29 0 -10.01
      vertex 70.5886 -0.012311 -10.01
    endloop
  endfacet
  facet normal 0 0 -1
    outer loop
      vertex 70.5886 -0.012311 -10.01
      vertex 29 0 -10.01
      vertex 70.745 0 -10.01
    endloop
  endfacet
  facet normal 0 0 -1
    outer loop
      vertex 34.5 -9.5 -10.01
      vertex 29 0 -10.01
      vertex 34.5 -2.5 -10.01
    endloop
  endfacet
  facet normal 1 -0 0
    outer loop
      vertex 29 -45.77 -10.01
      vertex 29 0 -20.01
      vertex 29 0 -10.01
    endloop
  endfacet
  facet normal 1 0 0
    outer loop
      vertex 29 0 -20.01
      vertex 29 -45.77 -10.01
      vertex 29 -45.77 -20.01
    endloop
  endfacet
  facet normal 0 0 -1
    outer loop
      vertex 27.5 -9 -20.01
      vertex 29 -45.77 -20.01
      vertex 27.5 -38 -20.01
    endloop
  endfacet
  facet normal 0 0 -1
    outer loop
      vertex 29 -45.77 -20.01
      vertex 15.5 -38 -20.01
      vertex 27.5 -38 -20.01
    endloop
  endfacet
  facet normal -0 0 -1
    outer loop
      vertex 15.5 -38 -20.01
      vertex 13.5 -45.77 -20.01
      vertex 15.5 -9 -20.01
    endloop
  endfacet
  facet normal 0 0 -1
    outer loop
      vertex 13.5 -45.77 -20.01
      vertex 15.5 -38 -20.01
      vertex 29 -45.77 -20.01
    endloop
  endfacet
  facet normal 0 0 -1
    outer loop
      vertex 29 -45.77 -20.01
      vertex 27.5 -9 -20.01
      vertex 29 0 -20.01
    endloop
  endfacet
  facet normal 0 0 -1
    outer loop
      vertex 15.5 -9 -20.01
      vertex 29 0 -20.01
      vertex 27.5 -9 -20.01
    endloop
  endfacet
  facet normal 0 0 -1
    outer loop
      vertex 15.5 -9 -20.01
      vertex 13.5 0 -20.01
      vertex 29 0 -20.01
    endloop
  endfacet
  facet normal 0 0 -1
    outer loop
      vertex 13.5 0 -20.01
      vertex 15.5 -9 -20.01
      vertex 13.5 -45.77 -20.01
    endloop
  endfacet
  facet normal -1 0 0
    outer loop
      vertex 13.5 -45.77 -20.01
      vertex 13.5 0 -10.01
      vertex 13.5 0 -20.01
    endloop
  endfacet
  facet normal -1 -0 0
    outer loop
      vertex 13.5 0 -10.01
      vertex 13.5 -45.77 -20.01
      vertex 13.5 -45.77 -10.01
    endloop
  endfacet
  facet normal -0.233419 0.972376 0
    outer loop
      vertex 70.5886 -0.012311 -22.01
      vertex 70.436 -0.0489426 -10.01
      vertex 70.5886 -0.012311 -10.01
    endloop
  endfacet
  facet normal -0.233419 0.972376 0
    outer loop
      vertex 70.436 -0.0489426 -10.01
      vertex 70.5886 -0.012311 -22.01
      vertex 70.436 -0.0489426 -22.01
    endloop
  endfacet
  facet normal -0.923767 0.382954 0
    outer loop
      vertex 69.7939 -0.690983 -22.01
      vertex 69.854 -0.546009 -10.01
      vertex 69.854 -0.546009 -22.01
    endloop
  endfacet
  facet normal -0.923767 0.382954 0
    outer loop
      vertex 69.854 -0.546009 -10.01
      vertex 69.7939 -0.690983 -22.01
      vertex 69.7939 -0.690983 -10.01
    endloop
  endfacet
  facet normal 0.85262 -0.522532 0
    outer loop
      vertex 91.054 -45.3578 -7
      vertex 91.136 -45.224 -22.01
      vertex 91.136 -45.224 -7
    endloop
  endfacet
  facet normal 0.85262 -0.522532 0
    outer loop
      vertex 91.136 -45.224 -22.01
      vertex 91.054 -45.3578 -7
      vertex 91.054 -45.3578 -22.01
    endloop
  endfacet
  facet normal -0.996923 0.078385 0
    outer loop
      vertex 69.745 -1 -22.01
      vertex 69.7573 -0.843565 -10.01
      vertex 69.7573 -0.843565 -22.01
    endloop
  endfacet
  facet normal -0.996923 0.078385 0
    outer loop
      vertex 69.7573 -0.843565 -10.01
      vertex 69.745 -1 -22.01
      vertex 69.745 -1 -10.01
    endloop
  endfacet
  facet normal 0.649511 0.760352 -0
    outer loop
      vertex 90.9521 -0.292892 -22.01
      vertex 90.8328 -0.190983 -7
      vertex 90.9521 -0.292892 -7
    endloop
  endfacet
  facet normal 0.649511 0.760352 0
    outer loop
      vertex 90.8328 -0.190983 -7
      vertex 90.9521 -0.292892 -22.01
      vertex 90.8328 -0.190983 -22.01
    endloop
  endfacet
  facet normal -0.996922 -0.0784024 0
    outer loop
      vertex 69.7573 -44.9264 -22.01
      vertex 69.745 -44.77 -10.01
      vertex 69.745 -44.77 -22.01
    endloop
  endfacet
  facet normal -0.996922 -0.0784024 0
    outer loop
      vertex 69.745 -44.77 -10.01
      vertex 69.7573 -44.9264 -22.01
      vertex 69.7573 -44.9264 -10.01
    endloop
  endfacet
  facet normal -0.923792 -0.382896 0
    outer loop
      vertex 69.854 -45.224 -22.01
      vertex 69.7939 -45.079 -10.01
      vertex 69.7939 -45.079 -22.01
    endloop
  endfacet
  facet normal -0.923792 -0.382896 0
    outer loop
      vertex 69.7939 -45.079 -10.01
      vertex 69.854 -45.224 -22.01
      vertex 69.854 -45.224 -10.01
    endloop
  endfacet
  facet normal -0.382626 0.923903 0
    outer loop
      vertex 70.436 -0.0489426 -22.01
      vertex 70.291 -0.108993 -10.01
      vertex 70.436 -0.0489426 -10.01
    endloop
  endfacet
  facet normal -0.382626 0.923903 0
    outer loop
      vertex 70.291 -0.108993 -10.01
      vertex 70.436 -0.0489426 -22.01
      vertex 70.291 -0.108993 -22.01
    endloop
  endfacet
  facet normal 0.923767 0.382954 0
    outer loop
      vertex 91.1961 -0.690983 -7
      vertex 91.136 -0.546009 -22.01
      vertex 91.136 -0.546009 -7
    endloop
  endfacet
  facet normal 0.923767 0.382954 0
    outer loop
      vertex 91.136 -0.546009 -22.01
      vertex 91.1961 -0.690983 -7
      vertex 91.1961 -0.690983 -22.01
    endloop
  endfacet
  facet normal -0.522532 -0.85262 0
    outer loop
      vertex 70.1572 -45.579 -22.01
      vertex 70.291 -45.661 -10.01
      vertex 70.1572 -45.579 -10.01
    endloop
  endfacet
  facet normal -0.522532 -0.85262 -0
    outer loop
      vertex 70.291 -45.661 -10.01
      vertex 70.1572 -45.579 -22.01
      vertex 70.291 -45.661 -22.01
    endloop
  endfacet
  facet normal 0.972422 -0.233228 0
    outer loop
      vertex 91.1961 -45.079 -7
      vertex 91.2327 -44.9264 -22.01
      vertex 91.2327 -44.9264 -7
    endloop
  endfacet
  facet normal 0.972422 -0.233228 0
    outer loop
      vertex 91.2327 -44.9264 -22.01
      vertex 91.1961 -45.079 -7
      vertex 91.1961 -45.079 -22.01
    endloop
  endfacet
  facet normal 0.996923 0.078385 0
    outer loop
      vertex 91.245 -1 -7
      vertex 91.2327 -0.843565 -22.01
      vertex 91.2327 -0.843565 -7
    endloop
  endfacet
  facet normal 0.996923 0.078385 0
    outer loop
      vertex 91.2327 -0.843565 -22.01
      vertex 91.245 -1 -7
      vertex 91.245 -1 -22.01
    endloop
  endfacet
  facet normal -0.0784024 -0.996922 0
    outer loop
      vertex 70.5886 -45.7577 -22.01
      vertex 70.745 -45.77 -10.01
      vertex 70.5886 -45.7577 -10.01
    endloop
  endfacet
  facet normal -0.0784024 -0.996922 -0
    outer loop
      vertex 70.745 -45.77 -10.01
      vertex 70.5886 -45.7577 -22.01
      vertex 70.745 -45.77 -22.01
    endloop
  endfacet
  facet normal 0.649478 -0.76038 0
    outer loop
      vertex 90.8328 -45.579 -22.01
      vertex 90.9521 -45.4771 -7
      vertex 90.8328 -45.579 -7
    endloop
  endfacet
  facet normal 0.649478 -0.76038 0
    outer loop
      vertex 90.9521 -45.4771 -7
      vertex 90.8328 -45.579 -22.01
      vertex 90.9521 -45.4771 -22.01
    endloop
  endfacet
  facet normal -1 0 0
    outer loop
      vertex 69.745 -44.77 -22.01
      vertex 69.745 -1 -10.01
      vertex 69.745 -1 -22.01
    endloop
  endfacet
  facet normal -1 -0 0
    outer loop
      vertex 69.745 -1 -10.01
      vertex 69.745 -44.77 -22.01
      vertex 69.745 -44.77 -10.01
    endloop
  endfacet
  facet normal -0.972422 -0.233228 0
    outer loop
      vertex 69.7939 -45.079 -22.01
      vertex 69.7573 -44.9264 -10.01
      vertex 69.7573 -44.9264 -22.01
    endloop
  endfacet
  facet normal -0.972422 -0.233228 0
    outer loop
      vertex 69.7573 -44.9264 -10.01
      vertex 69.7939 -45.079 -22.01
      vertex 69.7939 -45.079 -10.01
    endloop
  endfacet
  facet normal 0.0784721 0.996916 -0
    outer loop
      vertex 90.4014 -0.012311 -22.01
      vertex 90.245 0 -7
      vertex 90.4014 -0.012311 -7
    endloop
  endfacet
  facet normal 0.0784721 0.996916 0
    outer loop
      vertex 90.245 0 -7
      vertex 90.4014 -0.012311 -22.01
      vertex 90.245 0 -22.01
    endloop
  endfacet
  facet normal 0.233228 -0.972422 0
    outer loop
      vertex 90.4014 -45.7577 -22.01
      vertex 90.554 -45.7211 -7
      vertex 90.4014 -45.7577 -7
    endloop
  endfacet
  facet normal 0.233228 -0.972422 0
    outer loop
      vertex 90.554 -45.7211 -7
      vertex 90.4014 -45.7577 -22.01
      vertex 90.554 -45.7211 -22.01
    endloop
  endfacet
  facet normal -0.649478 -0.76038 0
    outer loop
      vertex 70.0379 -45.4771 -22.01
      vertex 70.1572 -45.579 -10.01
      vertex 70.0379 -45.4771 -10.01
    endloop
  endfacet
  facet normal -0.649478 -0.76038 -0
    outer loop
      vertex 70.1572 -45.579 -10.01
      vertex 70.0379 -45.4771 -22.01
      vertex 70.1572 -45.579 -22.01
    endloop
  endfacet
  facet normal 0.522486 0.852648 -0
    outer loop
      vertex 90.8328 -0.190983 -22.01
      vertex 90.699 -0.108993 -7
      vertex 90.8328 -0.190983 -7
    endloop
  endfacet
  facet normal 0.522486 0.852648 0
    outer loop
      vertex 90.699 -0.108993 -7
      vertex 90.8328 -0.190983 -22.01
      vertex 90.699 -0.108993 -22.01
    endloop
  endfacet
  facet normal -0.649511 0.760352 0
    outer loop
      vertex 70.1572 -0.190983 -22.01
      vertex 70.0379 -0.292892 -10.01
      vertex 70.1572 -0.190983 -10.01
    endloop
  endfacet
  facet normal -0.649511 0.760352 0
    outer loop
      vertex 70.0379 -0.292892 -10.01
      vertex 70.1572 -0.190983 -22.01
      vertex 70.0379 -0.292892 -22.01
    endloop
  endfacet
  facet normal 0.522532 -0.85262 0
    outer loop
      vertex 90.699 -45.661 -22.01
      vertex 90.8328 -45.579 -7
      vertex 90.699 -45.661 -7
    endloop
  endfacet
  facet normal 0.522532 -0.85262 0
    outer loop
      vertex 90.8328 -45.579 -7
      vertex 90.699 -45.661 -22.01
      vertex 90.8328 -45.579 -22.01
    endloop
  endfacet
  facet normal -0.760439 0.649409 0
    outer loop
      vertex 69.936 -0.412214 -22.01
      vertex 70.0379 -0.292892 -10.01
      vertex 70.0379 -0.292892 -22.01
    endloop
  endfacet
  facet normal -0.760439 0.649409 0
    outer loop
      vertex 70.0379 -0.292892 -10.01
      vertex 69.936 -0.412214 -22.01
      vertex 69.936 -0.412214 -10.01
    endloop
  endfacet
  facet normal 0.972416 0.233254 0
    outer loop
      vertex 91.2327 -0.843565 -7
      vertex 91.1961 -0.690983 -22.01
      vertex 91.1961 -0.690983 -7
    endloop
  endfacet
  facet normal 0.972416 0.233254 0
    outer loop
      vertex 91.1961 -0.690983 -22.01
      vertex 91.2327 -0.843565 -7
      vertex 91.2327 -0.843565 -22.01
    endloop
  endfacet
  facet normal 0.382626 0.923903 -0
    outer loop
      vertex 90.699 -0.108993 -22.01
      vertex 90.554 -0.0489426 -7
      vertex 90.699 -0.108993 -7
    endloop
  endfacet
  facet normal 0.382626 0.923903 0
    outer loop
      vertex 90.554 -0.0489426 -7
      vertex 90.699 -0.108993 -22.01
      vertex 90.554 -0.0489426 -22.01
    endloop
  endfacet
  facet normal -0.852611 0.522546 0
    outer loop
      vertex 69.854 -0.546009 -22.01
      vertex 69.936 -0.412214 -10.01
      vertex 69.936 -0.412214 -22.01
    endloop
  endfacet
  facet normal -0.852611 0.522546 0
    outer loop
      vertex 69.936 -0.412214 -10.01
      vertex 69.854 -0.546009 -22.01
      vertex 69.854 -0.546009 -10.01
    endloop
  endfacet
  facet normal -0.972416 0.233254 0
    outer loop
      vertex 69.7573 -0.843565 -22.01
      vertex 69.7939 -0.690983 -10.01
      vertex 69.7939 -0.690983 -22.01
    endloop
  endfacet
  facet normal -0.972416 0.233254 0
    outer loop
      vertex 69.7939 -0.690983 -10.01
      vertex 69.7573 -0.843565 -22.01
      vertex 69.7573 -0.843565 -10.01
    endloop
  endfacet
  facet normal -0.76038 -0.649478 0
    outer loop
      vertex 70.0379 -45.4771 -22.01
      vertex 69.936 -45.3578 -10.01
      vertex 69.936 -45.3578 -22.01
    endloop
  endfacet
  facet normal -0.76038 -0.649478 0
    outer loop
      vertex 69.936 -45.3578 -10.01
      vertex 70.0379 -45.4771 -22.01
      vertex 70.0379 -45.4771 -10.01
    endloop
  endfacet
  facet normal 0.382896 -0.923792 0
    outer loop
      vertex 90.554 -45.7211 -22.01
      vertex 90.699 -45.661 -7
      vertex 90.554 -45.7211 -7
    endloop
  endfacet
  facet normal 0.382896 -0.923792 0
    outer loop
      vertex 90.699 -45.661 -7
      vertex 90.554 -45.7211 -22.01
      vertex 90.699 -45.661 -22.01
    endloop
  endfacet
  facet normal 0.233419 0.972376 -0
    outer loop
      vertex 90.554 -0.0489426 -22.01
      vertex 90.4014 -0.012311 -7
      vertex 90.554 -0.0489426 -7
    endloop
  endfacet
  facet normal 0.233419 0.972376 0
    outer loop
      vertex 90.4014 -0.012311 -7
      vertex 90.554 -0.0489426 -22.01
      vertex 90.4014 -0.012311 -22.01
    endloop
  endfacet
  facet normal 0.760439 0.649409 0
    outer loop
      vertex 91.054 -0.412214 -7
      vertex 90.9521 -0.292892 -22.01
      vertex 90.9521 -0.292892 -7
    endloop
  endfacet
  facet normal 0.760439 0.649409 0
    outer loop
      vertex 90.9521 -0.292892 -22.01
      vertex 91.054 -0.412214 -7
      vertex 91.054 -0.412214 -22.01
    endloop
  endfacet
  facet normal 0.923792 -0.382896 0
    outer loop
      vertex 91.136 -45.224 -7
      vertex 91.1961 -45.079 -22.01
      vertex 91.1961 -45.079 -7
    endloop
  endfacet
  facet normal 0.923792 -0.382896 0
    outer loop
      vertex 91.1961 -45.079 -22.01
      vertex 91.136 -45.224 -7
      vertex 91.136 -45.224 -22.01
    endloop
  endfacet
  facet normal 0.996922 -0.0784024 0
    outer loop
      vertex 91.2327 -44.9264 -7
      vertex 91.245 -44.77 -22.01
      vertex 91.245 -44.77 -7
    endloop
  endfacet
  facet normal 0.996922 -0.0784024 0
    outer loop
      vertex 91.245 -44.77 -22.01
      vertex 91.2327 -44.9264 -7
      vertex 91.2327 -44.9264 -22.01
    endloop
  endfacet
  facet normal 0.0784024 -0.996922 0
    outer loop
      vertex 90.245 -45.77 -22.01
      vertex 90.4014 -45.7577 -7
      vertex 90.245 -45.77 -7
    endloop
  endfacet
  facet normal 0.0784024 -0.996922 0
    outer loop
      vertex 90.4014 -45.7577 -7
      vertex 90.245 -45.77 -22.01
      vertex 90.4014 -45.7577 -22.01
    endloop
  endfacet
  facet normal -0.0784721 0.996916 0
    outer loop
      vertex 70.745 0 -22.01
      vertex 70.5886 -0.012311 -10.01
      vertex 70.745 0 -10.01
    endloop
  endfacet
  facet normal -0.0784721 0.996916 0
    outer loop
      vertex 70.5886 -0.012311 -10.01
      vertex 70.745 0 -22.01
      vertex 70.5886 -0.012311 -22.01
    endloop
  endfacet
  facet normal -0.522486 0.852648 0
    outer loop
      vertex 70.291 -0.108993 -22.01
      vertex 70.1572 -0.190983 -10.01
      vertex 70.291 -0.108993 -10.01
    endloop
  endfacet
  facet normal -0.522486 0.852648 0
    outer loop
      vertex 70.1572 -0.190983 -10.01
      vertex 70.291 -0.108993 -22.01
      vertex 70.1572 -0.190983 -22.01
    endloop
  endfacet
  facet normal -0.85262 -0.522532 0
    outer loop
      vertex 69.936 -45.3578 -22.01
      vertex 69.854 -45.224 -10.01
      vertex 69.854 -45.224 -22.01
    endloop
  endfacet
  facet normal -0.85262 -0.522532 0
    outer loop
      vertex 69.854 -45.224 -10.01
      vertex 69.936 -45.3578 -22.01
      vertex 69.936 -45.3578 -10.01
    endloop
  endfacet
  facet normal -0.233228 -0.972422 0
    outer loop
      vertex 70.436 -45.7211 -22.01
      vertex 70.5886 -45.7577 -10.01
      vertex 70.436 -45.7211 -10.01
    endloop
  endfacet
  facet normal -0.233228 -0.972422 -0
    outer loop
      vertex 70.5886 -45.7577 -10.01
      vertex 70.436 -45.7211 -22.01
      vertex 70.5886 -45.7577 -22.01
    endloop
  endfacet
  facet normal 0.76038 -0.649478 0
    outer loop
      vertex 90.9521 -45.4771 -7
      vertex 91.054 -45.3578 -22.01
      vertex 91.054 -45.3578 -7
    endloop
  endfacet
  facet normal 0.76038 -0.649478 0
    outer loop
      vertex 91.054 -45.3578 -22.01
      vertex 90.9521 -45.4771 -7
      vertex 90.9521 -45.4771 -22.01
    endloop
  endfacet
  facet normal 0.852611 0.522546 0
    outer loop
      vertex 91.136 -0.546009 -7
      vertex 91.054 -0.412214 -22.01
      vertex 91.054 -0.412214 -7
    endloop
  endfacet
  facet normal 0.852611 0.522546 0
    outer loop
      vertex 91.054 -0.412214 -22.01
      vertex 91.136 -0.546009 -7
      vertex 91.136 -0.546009 -22.01
    endloop
  endfacet
  facet normal -0.382896 -0.923792 0
    outer loop
      vertex 70.291 -45.661 -22.01
      vertex 70.436 -45.7211 -10.01
      vertex 70.291 -45.661 -10.01
    endloop
  endfacet
  facet normal -0.382896 -0.923792 -0
    outer loop
      vertex 70.436 -45.7211 -10.01
      vertex 70.291 -45.661 -22.01
      vertex 70.436 -45.7211 -22.01
    endloop
  endfacet
  facet normal 0 0 -1
    outer loop
      vertex 90.245 -45.77 -22.01
      vertex 91.245 -44.77 -22.01
      vertex 91.2327 -44.9264 -22.01
    endloop
  endfacet
  facet normal 0 0 -1
    outer loop
      vertex 91.245 -44.77 -22.01
      vertex 69.745 -44.77 -22.01
      vertex 91.245 -1 -22.01
    endloop
  endfacet
  facet normal 0 0 -1
    outer loop
      vertex 90.245 -45.77 -22.01
      vertex 91.2327 -44.9264 -22.01
      vertex 91.1961 -45.079 -22.01
    endloop
  endfacet
  facet normal 0 0 -1
    outer loop
      vertex 69.745 -1 -22.01
      vertex 91.245 -1 -22.01
      vertex 69.745 -44.77 -22.01
    endloop
  endfacet
  facet normal 0 0 -1
    outer loop
      vertex 90.245 -45.77 -22.01
      vertex 91.1961 -45.079 -22.01
      vertex 91.136 -45.224 -22.01
    endloop
  endfacet
  facet normal 0 -0 -1
    outer loop
      vertex 90.245 0 -22.01
      vertex 91.245 -1 -22.01
      vertex 69.745 -1 -22.01
    endloop
  endfacet
  facet normal 0 0 -1
    outer loop
      vertex 90.245 -45.77 -22.01
      vertex 91.136 -45.224 -22.01
      vertex 91.054 -45.3578 -22.01
    endloop
  endfacet
  facet normal 0 0 -1
    outer loop
      vertex 91.245 -1 -22.01
      vertex 90.245 0 -22.01
      vertex 91.2327 -0.843565 -22.01
    endloop
  endfacet
  facet normal 0 0 -1
    outer loop
      vertex 90.245 -45.77 -22.01
      vertex 91.054 -45.3578 -22.01
      vertex 90.9521 -45.4771 -22.01
    endloop
  endfacet
  facet normal -0 0 -1
    outer loop
      vertex 91.245 -44.77 -22.01
      vertex 90.245 -45.77 -22.01
      vertex 69.745 -44.77 -22.01
    endloop
  endfacet
  facet normal 0 0 -1
    outer loop
      vertex 90.245 -45.77 -22.01
      vertex 90.9521 -45.4771 -22.01
      vertex 90.8328 -45.579 -22.01
    endloop
  endfacet
  facet normal 0 0 -1
    outer loop
      vertex 91.2327 -0.843565 -22.01
      vertex 90.245 0 -22.01
      vertex 91.1961 -0.690983 -22.01
    endloop
  endfacet
  facet normal 0 0 -1
    outer loop
      vertex 90.245 -45.77 -22.01
      vertex 90.8328 -45.579 -22.01
      vertex 90.699 -45.661 -22.01
    endloop
  endfacet
  facet normal 0 0 -1
    outer loop
      vertex 91.054 -0.412214 -22.01
      vertex 90.245 0 -22.01
      vertex 90.9521 -0.292892 -22.01
    endloop
  endfacet
  facet normal 0 0 -1
    outer loop
      vertex 90.245 -45.77 -22.01
      vertex 90.699 -45.661 -22.01
      vertex 90.554 -45.7211 -22.01
    endloop
  endfacet
  facet normal 0 0 -1
    outer loop
      vertex 90.9521 -0.292892 -22.01
      vertex 90.245 0 -22.01
      vertex 90.8328 -0.190983 -22.01
    endloop
  endfacet
  facet normal 0 0 -1
    outer loop
      vertex 90.245 -45.77 -22.01
      vertex 90.554 -45.7211 -22.01
      vertex 90.4014 -45.7577 -22.01
    endloop
  endfacet
  facet normal 0 0 -1
    outer loop
      vertex 90.8328 -0.190983 -22.01
      vertex 90.245 0 -22.01
      vertex 90.699 -0.108993 -22.01
    endloop
  endfacet
  facet normal 0 0 -1
    outer loop
      vertex 90.699 -0.108993 -22.01
      vertex 90.245 0 -22.01
      vertex 90.554 -0.0489426 -22.01
    endloop
  endfacet
  facet normal 0 0 -1
    outer loop
      vertex 90.554 -0.0489426 -22.01
      vertex 90.245 0 -22.01
      vertex 90.4014 -0.012311 -22.01
    endloop
  endfacet
  facet normal 0 0 -1
    outer loop
      vertex 69.745 -44.77 -22.01
      vertex 90.245 -45.77 -22.01
      vertex 70.745 -45.77 -22.01
    endloop
  endfacet
  facet normal 0 0 -1
    outer loop
      vertex 91.1961 -0.690983 -22.01
      vertex 90.245 0 -22.01
      vertex 91.136 -0.546009 -22.01
    endloop
  endfacet
  facet normal 0 0 -1
    outer loop
      vertex 69.745 -44.77 -22.01
      vertex 70.745 -45.77 -22.01
      vertex 70.5886 -45.7577 -22.01
    endloop
  endfacet
  facet normal 0 0 -1
    outer loop
      vertex 91.136 -0.546009 -22.01
      vertex 90.245 0 -22.01
      vertex 91.054 -0.412214 -22.01
    endloop
  endfacet
  facet normal 0 0 -1
    outer loop
      vertex 69.745 -44.77 -22.01
      vertex 70.5886 -45.7577 -22.01
      vertex 70.436 -45.7211 -22.01
    endloop
  endfacet
  facet normal -0 0 -1
    outer loop
      vertex 90.245 0 -22.01
      vertex 69.745 -1 -22.01
      vertex 70.745 0 -22.01
    endloop
  endfacet
  facet normal 0 0 -1
    outer loop
      vertex 69.745 -44.77 -22.01
      vertex 70.436 -45.7211 -22.01
      vertex 70.291 -45.661 -22.01
    endloop
  endfacet
  facet normal 0 0 -1
    outer loop
      vertex 70.745 0 -22.01
      vertex 69.745 -1 -22.01
      vertex 70.5886 -0.012311 -22.01
    endloop
  endfacet
  facet normal 0 0 -1
    outer loop
      vertex 69.745 -44.77 -22.01
      vertex 70.291 -45.661 -22.01
      vertex 70.1572 -45.579 -22.01
    endloop
  endfacet
  facet normal 0 0 -1
    outer loop
      vertex 70.5886 -0.012311 -22.01
      vertex 69.745 -1 -22.01
      vertex 70.436 -0.0489426 -22.01
    endloop
  endfacet
  facet normal 0 0 -1
    outer loop
      vertex 69.745 -44.77 -22.01
      vertex 70.1572 -45.579 -22.01
      vertex 70.0379 -45.4771 -22.01
    endloop
  endfacet
  facet normal 0 0 -1
    outer loop
      vertex 70.436 -0.0489426 -22.01
      vertex 69.745 -1 -22.01
      vertex 70.291 -0.108993 -22.01
    endloop
  endfacet
  facet normal 0 0 -1
    outer loop
      vertex 69.745 -44.77 -22.01
      vertex 70.0379 -45.4771 -22.01
      vertex 69.936 -45.3578 -22.01
    endloop
  endfacet
  facet normal 0 0 -1
    outer loop
      vertex 70.291 -0.108993 -22.01
      vertex 69.745 -1 -22.01
      vertex 70.1572 -0.190983 -22.01
    endloop
  endfacet
  facet normal 0 0 -1
    outer loop
      vertex 69.745 -44.77 -22.01
      vertex 69.936 -45.3578 -22.01
      vertex 69.854 -45.224 -22.01
    endloop
  endfacet
  facet normal 0 0 -1
    outer loop
      vertex 70.1572 -0.190983 -22.01
      vertex 69.745 -1 -22.01
      vertex 70.0379 -0.292892 -22.01
    endloop
  endfacet
  facet normal 0 0 -1
    outer loop
      vertex 69.745 -44.77 -22.01
      vertex 69.854 -45.224 -22.01
      vertex 69.7939 -45.079 -22.01
    endloop
  endfacet
  facet normal 0 0 -1
    outer loop
      vertex 70.0379 -0.292892 -22.01
      vertex 69.745 -1 -22.01
      vertex 69.936 -0.412214 -22.01
    endloop
  endfacet
  facet normal 0 0 -1
    outer loop
      vertex 69.745 -44.77 -22.01
      vertex 69.7939 -45.079 -22.01
      vertex 69.7573 -44.9264 -22.01
    endloop
  endfacet
  facet normal 0 0 -1
    outer loop
      vertex 69.936 -0.412214 -22.01
      vertex 69.745 -1 -22.01
      vertex 69.854 -0.546009 -22.01
    endloop
  endfacet
  facet normal 0 0 -1
    outer loop
      vertex 69.854 -0.546009 -22.01
      vertex 69.745 -1 -22.01
      vertex 69.7939 -0.690983 -22.01
    endloop
  endfacet
  facet normal 0 0 -1
    outer loop
      vertex 69.7939 -0.690983 -22.01
      vertex 69.745 -1 -22.01
      vertex 69.7573 -0.843565 -22.01
    endloop
  endfacet
  facet normal 0.522486 0.852648 -0
    outer loop
      vertex 98.9206 -0.381966 -7
      vertex 98.653 -0.217986 0
      vertex 98.9206 -0.381966 0
    endloop
  endfacet
  facet normal 0.522486 0.852648 0
    outer loop
      vertex 98.653 -0.217986 0
      vertex 98.9206 -0.381966 -7
      vertex 98.653 -0.217986 -7
    endloop
  endfacet
  facet normal 0.07845 0.996918 -0
    outer loop
      vertex 98.0579 -0.0246229 -7
      vertex 97.745 0 0
      vertex 98.0579 -0.0246229 0
    endloop
  endfacet
  facet normal 0.07845 0.996918 0
    outer loop
      vertex 97.745 0 0
      vertex 98.0579 -0.0246229 -7
      vertex 97.745 0 -7
    endloop
  endfacet
  facet normal 0.0783775 -0.996924 0
    outer loop
      vertex 97.745 -45.77 -7
      vertex 98.0579 -45.7454 0
      vertex 97.745 -45.77 0
    endloop
  endfacet
  facet normal 0.0783775 -0.996924 0
    outer loop
      vertex 98.0579 -45.7454 0
      vertex 97.745 -45.77 -7
      vertex 98.0579 -45.7454 -7
    endloop
  endfacet
  facet normal 1 -0 0
    outer loop
      vertex 99.745 -43.77 0
      vertex 99.745 -2 -7
      vertex 99.745 -2 0
    endloop
  endfacet
  facet normal 1 0 0
    outer loop
      vertex 99.745 -2 -7
      vertex 99.745 -43.77 0
      vertex 99.745 -43.77 -7
    endloop
  endfacet
  facet normal 0.233602 -0.972332 0
    outer loop
      vertex 98.0579 -45.7454 -7
      vertex 98.363 -45.6721 0
      vertex 98.0579 -45.7454 0
    endloop
  endfacet
  facet normal 0.233602 -0.972332 0
    outer loop
      vertex 98.363 -45.6721 0
      vertex 98.0579 -45.7454 -7
      vertex 98.363 -45.6721 -7
    endloop
  endfacet
  facet normal 0.382624 0.923904 -0
    outer loop
      vertex 98.653 -0.217986 -7
      vertex 98.363 -0.0978861 0
      vertex 98.653 -0.217986 0
    endloop
  endfacet
  facet normal 0.382624 0.923904 0
    outer loop
      vertex 98.363 -0.0978861 0
      vertex 98.653 -0.217986 -7
      vertex 98.363 -0.0978861 -7
    endloop
  endfacet
  facet normal 0.233491 0.972359 -0
    outer loop
      vertex 98.363 -0.0978861 -7
      vertex 98.0579 -0.0246229 0
      vertex 98.363 -0.0978861 0
    endloop
  endfacet
  facet normal 0.233491 0.972359 0
    outer loop
      vertex 98.0579 -0.0246229 0
      vertex 98.363 -0.0978861 -7
      vertex 98.0579 -0.0246229 -7
    endloop
  endfacet
  facet normal 0.382624 -0.923904 0
    outer loop
      vertex 98.363 -45.6721 -7
      vertex 98.653 -45.552 0
      vertex 98.363 -45.6721 0
    endloop
  endfacet
  facet normal 0.382624 -0.923904 0
    outer loop
      vertex 98.653 -45.552 0
      vertex 98.363 -45.6721 -7
      vertex 98.653 -45.552 -7
    endloop
  endfacet
  facet normal 0.649478 -0.76038 0
    outer loop
      vertex 98.9206 -45.388 -7
      vertex 99.1592 -45.1842 0
      vertex 98.9206 -45.388 0
    endloop
  endfacet
  facet normal 0.649478 -0.76038 0
    outer loop
      vertex 99.1592 -45.1842 0
      vertex 98.9206 -45.388 -7
      vertex 99.1592 -45.1842 -7
    endloop
  endfacet
  facet normal 0.996924 -0.0783775 0
    outer loop
      vertex 99.7204 -44.0829 0
      vertex 99.745 -43.77 -7
      vertex 99.745 -43.77 0
    endloop
  endfacet
  facet normal 0.996924 -0.0783775 0
    outer loop
      vertex 99.745 -43.77 -7
      vertex 99.7204 -44.0829 0
      vertex 99.7204 -44.0829 -7
    endloop
  endfacet
  facet normal 0.923881 0.38268 0
    outer loop
      vertex 99.6471 -1.38197 0
      vertex 99.527 -1.09202 -7
      vertex 99.527 -1.09202 0
    endloop
  endfacet
  facet normal 0.923881 0.38268 0
    outer loop
      vertex 99.527 -1.09202 -7
      vertex 99.6471 -1.38197 0
      vertex 99.6471 -1.38197 -7
    endloop
  endfacet
  facet normal 0.996923 0.078385 0
    outer loop
      vertex 99.745 -2 0
      vertex 99.7204 -1.68713 -7
      vertex 99.7204 -1.68713 0
    endloop
  endfacet
  facet normal 0.996923 0.078385 0
    outer loop
      vertex 99.7204 -1.68713 -7
      vertex 99.745 -2 0
      vertex 99.745 -2 -7
    endloop
  endfacet
  facet normal 0.760438 0.649411 0
    outer loop
      vertex 99.363 -0.824429 0
      vertex 99.1592 -0.585786 -7
      vertex 99.1592 -0.585786 0
    endloop
  endfacet
  facet normal 0.760438 0.649411 0
    outer loop
      vertex 99.1592 -0.585786 -7
      vertex 99.363 -0.824429 0
      vertex 99.363 -0.824429 -7
    endloop
  endfacet
  facet normal 0.522532 -0.85262 0
    outer loop
      vertex 98.653 -45.552 -7
      vertex 98.9206 -45.388 0
      vertex 98.653 -45.552 0
    endloop
  endfacet
  facet normal 0.522532 -0.85262 0
    outer loop
      vertex 98.9206 -45.388 0
      vertex 98.653 -45.552 -7
      vertex 98.9206 -45.388 -7
    endloop
  endfacet
  facet normal 0.649515 0.760349 -0
    outer loop
      vertex 99.1592 -0.585786 -7
      vertex 98.9206 -0.381966 0
      vertex 99.1592 -0.585786 0
    endloop
  endfacet
  facet normal 0.649515 0.760349 0
    outer loop
      vertex 98.9206 -0.381966 0
      vertex 99.1592 -0.585786 -7
      vertex 98.9206 -0.381966 -7
    endloop
  endfacet
  facet normal 0.76038 -0.649478 0
    outer loop
      vertex 99.1592 -45.1842 0
      vertex 99.363 -44.9456 -7
      vertex 99.363 -44.9456 0
    endloop
  endfacet
  facet normal 0.76038 -0.649478 0
    outer loop
      vertex 99.363 -44.9456 -7
      vertex 99.1592 -45.1842 0
      vertex 99.1592 -45.1842 -7
    endloop
  endfacet
  facet normal 0 0 1
    outer loop
      vertex 98.527 -2.09202 0
      vertex 99.745 -2 0
      vertex 99.7204 -1.68713 0
    endloop
  endfacet
  facet normal 0 0 1
    outer loop
      vertex 99.745 -2 0
      vertex 98.745 -3 0
      vertex 99.745 -43.77 0
    endloop
  endfacet
  facet normal 0 0 1
    outer loop
      vertex 98.527 -2.09202 0
      vertex 99.7204 -1.68713 0
      vertex 99.6471 -1.38197 0
    endloop
  endfacet
  facet normal -0 0 1
    outer loop
      vertex 98.745 -42.77 0
      vertex 99.745 -43.77 0
      vertex 98.745 -3 0
    endloop
  endfacet
  facet normal 0 0 1
    outer loop
      vertex 98.363 -1.82443 0
      vertex 99.6471 -1.38197 0
      vertex 99.527 -1.09202 0
    endloop
  endfacet
  facet normal -0 0 1
    outer loop
      vertex 98.7204 -43.0829 0
      vertex 99.745 -43.77 0
      vertex 98.745 -42.77 0
    endloop
  endfacet
  facet normal 0 0 1
    outer loop
      vertex 98.363 -1.82443 0
      vertex 99.527 -1.09202 0
      vertex 99.363 -0.824429 0
    endloop
  endfacet
  facet normal -0 0 1
    outer loop
      vertex 98.6471 -43.388 0
      vertex 99.745 -43.77 0
      vertex 98.7204 -43.0829 0
    endloop
  endfacet
  facet normal 0 0 1
    outer loop
      vertex 98.1592 -1.58579 0
      vertex 99.363 -0.824429 0
      vertex 99.1592 -0.585786 0
    endloop
  endfacet
  facet normal -0 0 1
    outer loop
      vertex 98.527 -43.678 0
      vertex 99.745 -43.77 0
      vertex 98.6471 -43.388 0
    endloop
  endfacet
  facet normal 0 0 1
    outer loop
      vertex 98.1592 -1.58579 0
      vertex 99.1592 -0.585786 0
      vertex 98.9206 -0.381966 0
    endloop
  endfacet
  facet normal 0 0 1
    outer loop
      vertex 99.745 -43.77 0
      vertex 98.527 -43.678 0
      vertex 99.7204 -44.0829 0
    endloop
  endfacet
  facet normal 0 0 1
    outer loop
      vertex 99.7204 -44.0829 0
      vertex 98.527 -43.678 0
      vertex 99.6471 -44.388 0
    endloop
  endfacet
  facet normal 0 0 1
    outer loop
      vertex 99.745 -2 0
      vertex 98.7204 -2.68713 0
      vertex 98.745 -3 0
    endloop
  endfacet
  facet normal 0 0 1
    outer loop
      vertex 97.9206 -1.38197 0
      vertex 98.9206 -0.381966 0
      vertex 98.653 -0.217986 0
    endloop
  endfacet
  facet normal 0 0 1
    outer loop
      vertex 99.745 -2 0
      vertex 98.6471 -2.38197 0
      vertex 98.7204 -2.68713 0
    endloop
  endfacet
  facet normal 0 0 1
    outer loop
      vertex 99.745 -2 0
      vertex 98.527 -2.09202 0
      vertex 98.6471 -2.38197 0
    endloop
  endfacet
  facet normal 0 0 1
    outer loop
      vertex 97.9206 -1.38197 0
      vertex 98.653 -0.217986 0
      vertex 98.363 -0.0978861 0
    endloop
  endfacet
  facet normal 0 0 1
    outer loop
      vertex 99.6471 -1.38197 0
      vertex 98.363 -1.82443 0
      vertex 98.527 -2.09202 0
    endloop
  endfacet
  facet normal 0 0 1
    outer loop
      vertex 99.363 -0.824429 0
      vertex 98.1592 -1.58579 0
      vertex 98.363 -1.82443 0
    endloop
  endfacet
  facet normal 0 0 1
    outer loop
      vertex 97.653 -1.21799 0
      vertex 98.363 -0.0978861 0
      vertex 98.0579 -0.0246229 0
    endloop
  endfacet
  facet normal 0 0 1
    outer loop
      vertex 98.9206 -0.381966 0
      vertex 97.9206 -1.38197 0
      vertex 98.1592 -1.58579 0
    endloop
  endfacet
  facet normal 0 0 1
    outer loop
      vertex 97.653 -1.21799 0
      vertex 98.0579 -0.0246229 0
      vertex 97.745 0 0
    endloop
  endfacet
  facet normal 0 0 1
    outer loop
      vertex 98.363 -0.0978861 0
      vertex 97.653 -1.21799 0
      vertex 97.9206 -1.38197 0
    endloop
  endfacet
  facet normal 0 0 1
    outer loop
      vertex 97.745 0 0
      vertex 97.363 -1.09789 0
      vertex 97.653 -1.21799 0
    endloop
  endfacet
  facet normal 0 0 1
    outer loop
      vertex 97.745 0 0
      vertex 97.0579 -1.02462 0
      vertex 97.363 -1.09789 0
    endloop
  endfacet
  facet normal 0 0 1
    outer loop
      vertex 97.745 0 0
      vertex 96.745 -1 0
      vertex 97.0579 -1.02462 0
    endloop
  endfacet
  facet normal 0 0 1
    outer loop
      vertex 97.745 0 0
      vertex 3 -1 0
      vertex 96.745 -1 0
    endloop
  endfacet
  facet normal -0 0 1
    outer loop
      vertex 2 0 0
      vertex 3 -1 0
      vertex 97.745 0 0
    endloop
  endfacet
  facet normal 0 0 1
    outer loop
      vertex 2 0 0
      vertex 2.68713 -1.02462 0
      vertex 3 -1 0
    endloop
  endfacet
  facet normal 0 0 1
    outer loop
      vertex 2 0 0
      vertex 2.38197 -1.09789 0
      vertex 2.68713 -1.02462 0
    endloop
  endfacet
  facet normal 0 0 1
    outer loop
      vertex 2 0 0
      vertex 2.09202 -1.21799 0
      vertex 2.38197 -1.09789 0
    endloop
  endfacet
  facet normal -0 0 1
    outer loop
      vertex 1.68713 -0.0246229 0
      vertex 2.09202 -1.21799 0
      vertex 2 0 0
    endloop
  endfacet
  facet normal -0 0 1
    outer loop
      vertex 1.38197 -0.0978861 0
      vertex 2.09202 -1.21799 0
      vertex 1.68713 -0.0246229 0
    endloop
  endfacet
  facet normal 0 0 1
    outer loop
      vertex 2.09202 -1.21799 0
      vertex 1.38197 -0.0978861 0
      vertex 1.82443 -1.38197 0
    endloop
  endfacet
  facet normal -0 0 1
    outer loop
      vertex 1.09202 -0.217986 0
      vertex 1.82443 -1.38197 0
      vertex 1.38197 -0.0978861 0
    endloop
  endfacet
  facet normal -0 0 1
    outer loop
      vertex 0.824429 -0.381966 0
      vertex 1.82443 -1.38197 0
      vertex 1.09202 -0.217986 0
    endloop
  endfacet
  facet normal 0 0 1
    outer loop
      vertex 1.82443 -1.38197 0
      vertex 0.824429 -0.381966 0
      vertex 1.58579 -1.58579 0
    endloop
  endfacet
  facet normal -0 0 1
    outer loop
      vertex 0.585786 -0.585786 0
      vertex 1.58579 -1.58579 0
      vertex 0.824429 -0.381966 0
    endloop
  endfacet
  facet normal -0 0 1
    outer loop
      vertex 0.381966 -0.824429 0
      vertex 1.58579 -1.58579 0
      vertex 0.585786 -0.585786 0
    endloop
  endfacet
  facet normal 0 0 1
    outer loop
      vertex 1.58579 -1.58579 0
      vertex 0.381966 -0.824429 0
      vertex 1.38197 -1.82443 0
    endloop
  endfacet
  facet normal -0 0 1
    outer loop
      vertex 0.217986 -1.09202 0
      vertex 1.38197 -1.82443 0
      vertex 0.381966 -0.824429 0
    endloop
  endfacet
  facet normal 0 0 1
    outer loop
      vertex 1.38197 -1.82443 0
      vertex 0.0978861 -1.38197 0
      vertex 1.21799 -2.09202 0
    endloop
  endfacet
  facet normal -0 0 1
    outer loop
      vertex 0.0978861 -1.38197 0
      vertex 1.38197 -1.82443 0
      vertex 0.217986 -1.09202 0
    endloop
  endfacet
  facet normal -0 0 1
    outer loop
      vertex 98.363 -43.9456 0
      vertex 99.6471 -44.388 0
      vertex 98.527 -43.678 0
    endloop
  endfacet
  facet normal 0 0 1
    outer loop
      vertex 99.6471 -44.388 0
      vertex 98.363 -43.9456 0
      vertex 99.527 -44.678 0
    endloop
  endfacet
  facet normal 0 0 1
    outer loop
      vertex 99.527 -44.678 0
      vertex 98.363 -43.9456 0
      vertex 99.363 -44.9456 0
    endloop
  endfacet
  facet normal -0 0 1
    outer loop
      vertex 98.1592 -44.1842 0
      vertex 99.363 -44.9456 0
      vertex 98.363 -43.9456 0
    endloop
  endfacet
  facet normal 0 0 1
    outer loop
      vertex 99.363 -44.9456 0
      vertex 98.1592 -44.1842 0
      vertex 99.1592 -45.1842 0
    endloop
  endfacet
  facet normal 0 0 1
    outer loop
      vertex 99.1592 -45.1842 0
      vertex 98.1592 -44.1842 0
      vertex 98.9206 -45.388 0
    endloop
  endfacet
  facet normal -0 0 1
    outer loop
      vertex 97.9206 -44.388 0
      vertex 98.9206 -45.388 0
      vertex 98.1592 -44.1842 0
    endloop
  endfacet
  facet normal 0 0 1
    outer loop
      vertex 98.9206 -45.388 0
      vertex 97.9206 -44.388 0
      vertex 98.653 -45.552 0
    endloop
  endfacet
  facet normal 0 0 1
    outer loop
      vertex 98.653 -45.552 0
      vertex 97.9206 -44.388 0
      vertex 98.363 -45.6721 0
    endloop
  endfacet
  facet normal -0 0 1
    outer loop
      vertex 97.653 -44.552 0
      vertex 98.363 -45.6721 0
      vertex 97.9206 -44.388 0
    endloop
  endfacet
  facet normal 0 0 1
    outer loop
      vertex 98.363 -45.6721 0
      vertex 97.653 -44.552 0
      vertex 98.0579 -45.7454 0
    endloop
  endfacet
  facet normal 0 0 1
    outer loop
      vertex 98.0579 -45.7454 0
      vertex 97.653 -44.552 0
      vertex 97.745 -45.77 0
    endloop
  endfacet
  facet normal -0 0 1
    outer loop
      vertex 97.363 -44.6721 0
      vertex 97.745 -45.77 0
      vertex 97.653 -44.552 0
    endloop
  endfacet
  facet normal -0 0 1
    outer loop
      vertex 97.0579 -44.7454 0
      vertex 97.745 -45.77 0
      vertex 97.363 -44.6721 0
    endloop
  endfacet
  facet normal -0 0 1
    outer loop
      vertex 96.745 -44.77 0
      vertex 97.745 -45.77 0
      vertex 97.0579 -44.7454 0
    endloop
  endfacet
  facet normal 0 0 1
    outer loop
      vertex 96.745 -44.77 0
      vertex 69.8725 -45.77 0
      vertex 97.745 -45.77 0
    endloop
  endfacet
  facet normal -0 0 1
    outer loop
      vertex 66.4905 -49.5844 0
      vertex 69.8725 -50.76 0
      vertex 69.8725 -45.77 0
    endloop
  endfacet
  facet normal -0 -0 1
    outer loop
      vertex 66.7746 -50.142 0
      vertex 69.8725 -50.76 0
      vertex 66.6545 -49.852 0
    endloop
  endfacet
  facet normal 0 -0 1
    outer loop
      vertex 66.8725 -50.76 0
      vertex 69.8725 -50.76 0
      vertex 66.8479 -50.4471 0
    endloop
  endfacet
  facet normal -0 0 1
    outer loop
      vertex 66.8479 -51.0729 0
      vertex 69.8109 -51.5422 0
      vertex 66.8725 -50.76 0
    endloop
  endfacet
  facet normal 0 0 1
    outer loop
      vertex 69.8109 -51.5422 0
      vertex 66.8479 -51.0729 0
      vertex 69.6278 -52.3051 0
    endloop
  endfacet
  facet normal 0 0 1
    outer loop
      vertex 69.6278 -52.3051 0
      vertex 66.7746 -51.378 0
      vertex 69.3275 -53.03 0
    endloop
  endfacet
  facet normal -0 0 1
    outer loop
      vertex 66.6545 -51.668 0
      vertex 69.3275 -53.03 0
      vertex 66.7746 -51.378 0
    endloop
  endfacet
  facet normal 0 0 1
    outer loop
      vertex 69.3275 -53.03 0
      vertex 66.6545 -51.668 0
      vertex 68.9176 -53.6989 0
    endloop
  endfacet
  facet normal -0 0 1
    outer loop
      vertex 66.7746 -51.378 0
      vertex 69.6278 -52.3051 0
      vertex 66.8479 -51.0729 0
    endloop
  endfacet
  facet normal 0 0 1
    outer loop
      vertex 69.8725 -50.76 0
      vertex 66.8725 -50.76 0
      vertex 69.8109 -51.5422 0
    endloop
  endfacet
  facet normal -0 -0 1
    outer loop
      vertex 66.8479 -50.4471 0
      vertex 69.8725 -50.76 0
      vertex 66.7746 -50.142 0
    endloop
  endfacet
  facet normal 0 0 1
    outer loop
      vertex 69.8725 -50.76 0
      vertex 66.4905 -49.5844 0
      vertex 66.6545 -49.852 0
    endloop
  endfacet
  facet normal 0 0 1
    outer loop
      vertex 69.8725 -45.77 0
      vertex 66.2867 -49.3458 0
      vertex 66.4905 -49.5844 0
    endloop
  endfacet
  facet normal 0 0 1
    outer loop
      vertex 69.8725 -45.77 0
      vertex 66.0481 -49.142 0
      vertex 66.2867 -49.3458 0
    endloop
  endfacet
  facet normal 0 0 1
    outer loop
      vertex 69.8725 -45.77 0
      vertex 65.7805 -48.978 0
      vertex 66.0481 -49.142 0
    endloop
  endfacet
  facet normal 0 0 1
    outer loop
      vertex 69.8725 -45.77 0
      vertex 65.4905 -48.8579 0
      vertex 65.7805 -48.978 0
    endloop
  endfacet
  facet normal 0 0 1
    outer loop
      vertex 69.8725 -45.77 0
      vertex 65.1854 -48.7846 0
      vertex 65.4905 -48.8579 0
    endloop
  endfacet
  facet normal 0 0 1
    outer loop
      vertex 69.8725 -45.77 0
      vertex 64.8725 -48.76 0
      vertex 65.1854 -48.7846 0
    endloop
  endfacet
  facet normal -0 0 1
    outer loop
      vertex 59.8725 -45.77 0
      vertex 64.8725 -48.76 0
      vertex 69.8725 -45.77 0
    endloop
  endfacet
  facet normal 0 0 1
    outer loop
      vertex 64.8725 -48.76 0
      vertex 59.8725 -45.77 0
      vertex 64.5596 -48.7846 0
    endloop
  endfacet
  facet normal 0 0 1
    outer loop
      vertex 64.5596 -48.7846 0
      vertex 59.8725 -45.77 0
      vertex 64.2545 -48.8579 0
    endloop
  endfacet
  facet normal 0 0 1
    outer loop
      vertex 63.6969 -52.378 0
      vertex 61.9336 -54.8051 0
      vertex 62.6025 -55.215 0
    endloop
  endfacet
  facet normal 0 0 1
    outer loop
      vertex 59.8725 -50.76 0
      vertex 62.8725 -50.76 0
      vertex 62.8971 -50.4471 0
    endloop
  endfacet
  facet normal 0 0 1
    outer loop
      vertex 62.8971 -51.0729 0
      vertex 61.337 -54.2955 0
      vertex 61.9336 -54.8051 0
    endloop
  endfacet
  facet normal 0 0 1
    outer loop
      vertex 59.8725 -50.76 0
      vertex 62.8971 -50.4471 0
      vertex 62.9704 -50.142 0
    endloop
  endfacet
  facet normal 0 0 1
    outer loop
      vertex 62.8971 -51.0729 0
      vertex 60.8274 -53.6989 0
      vertex 61.337 -54.2955 0
    endloop
  endfacet
  facet normal 0 0 1
    outer loop
      vertex 59.8725 -50.76 0
      vertex 62.9704 -50.142 0
      vertex 63.0905 -49.852 0
    endloop
  endfacet
  facet normal 0 0 1
    outer loop
      vertex 62.8971 -51.0729 0
      vertex 60.4175 -53.03 0
      vertex 60.8274 -53.6989 0
    endloop
  endfacet
  facet normal 0 0 1
    outer loop
      vertex 59.8725 -50.76 0
      vertex 63.0905 -49.852 0
      vertex 63.2545 -49.5844 0
    endloop
  endfacet
  facet normal 0 0 1
    outer loop
      vertex 62.8971 -51.0729 0
      vertex 60.1172 -52.3051 0
      vertex 60.4175 -53.03 0
    endloop
  endfacet
  facet normal 0 0 1
    outer loop
      vertex 59.8725 -45.77 0
      vertex 63.2545 -49.5844 0
      vertex 63.4583 -49.3458 0
    endloop
  endfacet
  facet normal 0 0 1
    outer loop
      vertex 62.8971 -51.0729 0
      vertex 59.9341 -51.5422 0
      vertex 60.1172 -52.3051 0
    endloop
  endfacet
  facet normal 0 0 1
    outer loop
      vertex 59.8725 -45.77 0
      vertex 63.4583 -49.3458 0
      vertex 63.6969 -49.142 0
    endloop
  endfacet
  facet normal 0 0 1
    outer loop
      vertex 63.2545 -49.5844 0
      vertex 59.8725 -45.77 0
      vertex 59.8725 -50.76 0
    endloop
  endfacet
  facet normal 0 0 1
    outer loop
      vertex 63.9645 -48.978 0
      vertex 59.8725 -45.77 0
      vertex 63.6969 -49.142 0
    endloop
  endfacet
  facet normal 0 0 1
    outer loop
      vertex 64.2545 -48.8579 0
      vertex 59.8725 -45.77 0
      vertex 63.9645 -48.978 0
    endloop
  endfacet
  facet normal 0 0 1
    outer loop
      vertex 96.745 -44.77 0
      vertex 59.8725 -45.77 0
      vertex 69.8725 -45.77 0
    endloop
  endfacet
  facet normal -0 0 1
    outer loop
      vertex 3 -44.77 0
      vertex 59.8725 -45.77 0
      vertex 96.745 -44.77 0
    endloop
  endfacet
  facet normal 0 0 1
    outer loop
      vertex 3 -44.77 0
      vertex 2 -45.77 0
      vertex 59.8725 -45.77 0
    endloop
  endfacet
  facet normal 0 0 1
    outer loop
      vertex 2.68713 -44.7454 0
      vertex 2 -45.77 0
      vertex 3 -44.77 0
    endloop
  endfacet
  facet normal 0 0 1
    outer loop
      vertex 2.38197 -44.6721 0
      vertex 2 -45.77 0
      vertex 2.68713 -44.7454 0
    endloop
  endfacet
  facet normal 0 0 1
    outer loop
      vertex 2.09202 -44.552 0
      vertex 2 -45.77 0
      vertex 2.38197 -44.6721 0
    endloop
  endfacet
  facet normal 0 0 1
    outer loop
      vertex 1.38197 -45.6721 0
      vertex 2.09202 -44.552 0
      vertex 1.82443 -44.388 0
    endloop
  endfacet
  facet normal 0 0 1
    outer loop
      vertex 2.09202 -44.552 0
      vertex 1.68713 -45.7454 0
      vertex 2 -45.77 0
    endloop
  endfacet
  facet normal 0 0 1
    outer loop
      vertex 0.824429 -45.388 0
      vertex 1.82443 -44.388 0
      vertex 1.58579 -44.1842 0
    endloop
  endfacet
  facet normal 0 0 1
    outer loop
      vertex 0.381966 -44.9456 0
      vertex 1.58579 -44.1842 0
      vertex 1.38197 -43.9456 0
    endloop
  endfacet
  facet normal 0 0 1
    outer loop
      vertex 2.09202 -44.552 0
      vertex 1.38197 -45.6721 0
      vertex 1.68713 -45.7454 0
    endloop
  endfacet
  facet normal 0 0 1
    outer loop
      vertex 0.0978861 -44.388 0
      vertex 1.38197 -43.9456 0
      vertex 1.21799 -43.678 0
    endloop
  endfacet
  facet normal 0 0 1
    outer loop
      vertex 0 -43.77 0
      vertex 1.21799 -43.678 0
      vertex 1.09789 -43.388 0
    endloop
  endfacet
  facet normal 0 0 1
    outer loop
      vertex 1.82443 -44.388 0
      vertex 1.09202 -45.552 0
      vertex 1.38197 -45.6721 0
    endloop
  endfacet
  facet normal 0 0 1
    outer loop
      vertex 0 -43.77 0
      vertex 1.09789 -43.388 0
      vertex 1.02462 -43.0829 0
    endloop
  endfacet
  facet normal 0 0 1
    outer loop
      vertex 0 -43.77 0
      vertex 1.02462 -43.0829 0
      vertex 1 -42.77 0
    endloop
  endfacet
  facet normal 0 0 1
    outer loop
      vertex 1.82443 -44.388 0
      vertex 0.824429 -45.388 0
      vertex 1.09202 -45.552 0
    endloop
  endfacet
  facet normal 0 0 1
    outer loop
      vertex 1 -3 0
      vertex 0 -2 0
      vertex 1 -42.77 0
    endloop
  endfacet
  facet normal -0 0 1
    outer loop
      vertex 0.0246229 -1.68713 0
      vertex 1.21799 -2.09202 0
      vertex 0.0978861 -1.38197 0
    endloop
  endfacet
  facet normal 0 0 1
    outer loop
      vertex 0 -43.77 0
      vertex 1 -42.77 0
      vertex 0 -2 0
    endloop
  endfacet
  facet normal -0 0 1
    outer loop
      vertex 0 -2 0
      vertex 1.21799 -2.09202 0
      vertex 0.0246229 -1.68713 0
    endloop
  endfacet
  facet normal 0 0 1
    outer loop
      vertex 1.21799 -43.678 0
      vertex 0 -43.77 0
      vertex 0.0246229 -44.0829 0
    endloop
  endfacet
  facet normal 0 0 1
    outer loop
      vertex 1.21799 -2.09202 0
      vertex 0 -2 0
      vertex 1.09789 -2.38197 0
    endloop
  endfacet
  facet normal 0 0 1
    outer loop
      vertex 1.58579 -44.1842 0
      vertex 0.585786 -45.1842 0
      vertex 0.824429 -45.388 0
    endloop
  endfacet
  facet normal 0 0 1
    outer loop
      vertex 1.09789 -2.38197 0
      vertex 0 -2 0
      vertex 1.02462 -2.68713 0
    endloop
  endfacet
  facet normal 0 0 1
    outer loop
      vertex 1.58579 -44.1842 0
      vertex 0.381966 -44.9456 0
      vertex 0.585786 -45.1842 0
    endloop
  endfacet
  facet normal 0 0 1
    outer loop
      vertex 1.02462 -2.68713 0
      vertex 0 -2 0
      vertex 1 -3 0
    endloop
  endfacet
  facet normal 0 0 1
    outer loop
      vertex 1.38197 -43.9456 0
      vertex 0.217986 -44.678 0
      vertex 0.381966 -44.9456 0
    endloop
  endfacet
  facet normal 0 0 1
    outer loop
      vertex 1.38197 -43.9456 0
      vertex 0.0978861 -44.388 0
      vertex 0.217986 -44.678 0
    endloop
  endfacet
  facet normal 0 0 1
    outer loop
      vertex 1.21799 -43.678 0
      vertex 0.0246229 -44.0829 0
      vertex 0.0978861 -44.388 0
    endloop
  endfacet
  facet normal -0 0 1
    outer loop
      vertex 66.4905 -51.9356 0
      vertex 68.9176 -53.6989 0
      vertex 66.6545 -51.668 0
    endloop
  endfacet
  facet normal 0 0 1
    outer loop
      vertex 68.9176 -53.6989 0
      vertex 66.4905 -51.9356 0
      vertex 68.408 -54.2955 0
    endloop
  endfacet
  facet normal -0 0 1
    outer loop
      vertex 66.2867 -52.1742 0
      vertex 68.408 -54.2955 0
      vertex 66.4905 -51.9356 0
    endloop
  endfacet
  facet normal 0 0 1
    outer loop
      vertex 68.408 -54.2955 0
      vertex 66.2867 -52.1742 0
      vertex 67.8114 -54.8051 0
    endloop
  endfacet
  facet normal -0 0 1
    outer loop
      vertex 66.0481 -52.378 0
      vertex 67.8114 -54.8051 0
      vertex 66.2867 -52.1742 0
    endloop
  endfacet
  facet normal 0 0 1
    outer loop
      vertex 67.8114 -54.8051 0
      vertex 66.0481 -52.378 0
      vertex 67.1424 -55.215 0
    endloop
  endfacet
  facet normal -0 0 1
    outer loop
      vertex 65.7805 -52.542 0
      vertex 67.1424 -55.215 0
      vertex 66.0481 -52.378 0
    endloop
  endfacet
  facet normal 0 0 1
    outer loop
      vertex 67.1424 -55.215 0
      vertex 65.7805 -52.542 0
      vertex 66.4176 -55.5153 0
    endloop
  endfacet
  facet normal -0 0 1
    outer loop
      vertex 65.4905 -52.6621 0
      vertex 66.4176 -55.5153 0
      vertex 65.7805 -52.542 0
    endloop
  endfacet
  facet normal 0 0 1
    outer loop
      vertex 66.4176 -55.5153 0
      vertex 65.4905 -52.6621 0
      vertex 65.6547 -55.6984 0
    endloop
  endfacet
  facet normal -0 0 1
    outer loop
      vertex 65.1854 -52.7354 0
      vertex 65.6547 -55.6984 0
      vertex 65.4905 -52.6621 0
    endloop
  endfacet
  facet normal -0 0 1
    outer loop
      vertex 64.8725 -52.76 0
      vertex 65.6547 -55.6984 0
      vertex 65.1854 -52.7354 0
    endloop
  endfacet
  facet normal 0 0 1
    outer loop
      vertex 64.8725 -52.76 0
      vertex 64.8725 -55.76 0
      vertex 65.6547 -55.6984 0
    endloop
  endfacet
  facet normal 0 0 1
    outer loop
      vertex 64.5596 -52.7354 0
      vertex 64.8725 -55.76 0
      vertex 64.8725 -52.76 0
    endloop
  endfacet
  facet normal 0 0 1
    outer loop
      vertex 64.0903 -55.6984 0
      vertex 64.5596 -52.7354 0
      vertex 64.2545 -52.6621 0
    endloop
  endfacet
  facet normal 0 0 1
    outer loop
      vertex 64.5596 -52.7354 0
      vertex 64.0903 -55.6984 0
      vertex 64.8725 -55.76 0
    endloop
  endfacet
  facet normal 0 0 1
    outer loop
      vertex 63.3274 -55.5153 0
      vertex 64.2545 -52.6621 0
      vertex 63.9645 -52.542 0
    endloop
  endfacet
  facet normal 0 0 1
    outer loop
      vertex 62.6025 -55.215 0
      vertex 63.9645 -52.542 0
      vertex 63.6969 -52.378 0
    endloop
  endfacet
  facet normal 0 0 1
    outer loop
      vertex 61.9336 -54.8051 0
      vertex 63.6969 -52.378 0
      vertex 63.4583 -52.1742 0
    endloop
  endfacet
  facet normal 0 0 1
    outer loop
      vertex 64.2545 -52.6621 0
      vertex 63.3274 -55.5153 0
      vertex 64.0903 -55.6984 0
    endloop
  endfacet
  facet normal 0 0 1
    outer loop
      vertex 61.9336 -54.8051 0
      vertex 63.4583 -52.1742 0
      vertex 63.2545 -51.9356 0
    endloop
  endfacet
  facet normal 0 0 1
    outer loop
      vertex 61.9336 -54.8051 0
      vertex 63.2545 -51.9356 0
      vertex 63.0905 -51.668 0
    endloop
  endfacet
  facet normal 0 0 1
    outer loop
      vertex 61.9336 -54.8051 0
      vertex 63.0905 -51.668 0
      vertex 62.9704 -51.378 0
    endloop
  endfacet
  facet normal 0 0 1
    outer loop
      vertex 61.9336 -54.8051 0
      vertex 62.9704 -51.378 0
      vertex 62.8971 -51.0729 0
    endloop
  endfacet
  facet normal 0 0 1
    outer loop
      vertex 63.9645 -52.542 0
      vertex 62.6025 -55.215 0
      vertex 63.3274 -55.5153 0
    endloop
  endfacet
  facet normal 0 0 1
    outer loop
      vertex 59.9341 -51.5422 0
      vertex 62.8971 -51.0729 0
      vertex 62.8725 -50.76 0
    endloop
  endfacet
  facet normal 0 0 1
    outer loop
      vertex 62.8725 -50.76 0
      vertex 59.8725 -50.76 0
      vertex 59.9341 -51.5422 0
    endloop
  endfacet
  facet normal 0.972343 0.233559 0
    outer loop
      vertex 99.7204 -1.68713 0
      vertex 99.6471 -1.38197 -7
      vertex 99.6471 -1.38197 0
    endloop
  endfacet
  facet normal 0.972343 0.233559 0
    outer loop
      vertex 99.6471 -1.38197 -7
      vertex 99.7204 -1.68713 0
      vertex 99.7204 -1.68713 -7
    endloop
  endfacet
  facet normal 0.852612 0.522545 0
    outer loop
      vertex 99.527 -1.09202 0
      vertex 99.363 -0.824429 -7
      vertex 99.363 -0.824429 0
    endloop
  endfacet
  facet normal 0.852612 0.522545 0
    outer loop
      vertex 99.363 -0.824429 -7
      vertex 99.527 -1.09202 0
      vertex 99.527 -1.09202 -7
    endloop
  endfacet
  facet normal 0.923904 -0.382624 0
    outer loop
      vertex 99.527 -44.678 0
      vertex 99.6471 -44.388 -7
      vertex 99.6471 -44.388 0
    endloop
  endfacet
  facet normal 0.923904 -0.382624 0
    outer loop
      vertex 99.6471 -44.388 -7
      vertex 99.527 -44.678 0
      vertex 99.527 -44.678 -7
    endloop
  endfacet
  facet normal 0.972332 -0.233602 0
    outer loop
      vertex 99.6471 -44.388 0
      vertex 99.7204 -44.0829 -7
      vertex 99.7204 -44.0829 0
    endloop
  endfacet
  facet normal 0.972332 -0.233602 0
    outer loop
      vertex 99.7204 -44.0829 -7
      vertex 99.6471 -44.388 0
      vertex 99.6471 -44.388 -7
    endloop
  endfacet
  facet normal 0.85262 -0.522532 0
    outer loop
      vertex 99.363 -44.9456 0
      vertex 99.527 -44.678 -7
      vertex 99.527 -44.678 0
    endloop
  endfacet
  facet normal 0.85262 -0.522532 0
    outer loop
      vertex 99.527 -44.678 -7
      vertex 99.363 -44.9456 0
      vertex 99.363 -44.9456 -7
    endloop
  endfacet
  facet normal 0 0 -1
    outer loop
      vertex 97.745 -45.77 -7
      vertex 99.745 -43.77 -7
      vertex 99.7204 -44.0829 -7
    endloop
  endfacet
  facet normal 0 0 -1
    outer loop
      vertex 99.745 -43.77 -7
      vertex 95.8 -23.2 -7
      vertex 99.745 -2 -7
    endloop
  endfacet
  facet normal 0 0 -1
    outer loop
      vertex 97.745 -45.77 -7
      vertex 99.7204 -44.0829 -7
      vertex 99.6471 -44.388 -7
    endloop
  endfacet
  facet normal 0 0 -1
    outer loop
      vertex 95.8 -18.2 -7
      vertex 99.745 -2 -7
      vertex 95.8 -23.2 -7
    endloop
  endfacet
  facet normal 0 0 -1
    outer loop
      vertex 97.745 -45.77 -7
      vertex 99.6471 -44.388 -7
      vertex 99.527 -44.678 -7
    endloop
  endfacet
  facet normal 0 0 -1
    outer loop
      vertex 91.245 -1 -7
      vertex 99.745 -2 -7
      vertex 95.8 -18.2 -7
    endloop
  endfacet
  facet normal 0 0 -1
    outer loop
      vertex 97.745 -45.77 -7
      vertex 99.527 -44.678 -7
      vertex 99.363 -44.9456 -7
    endloop
  endfacet
  facet normal 0 -0 -1
    outer loop
      vertex 97.745 0 -7
      vertex 99.745 -2 -7
      vertex 91.245 -1 -7
    endloop
  endfacet
  facet normal 0 0 -1
    outer loop
      vertex 97.745 -45.77 -7
      vertex 99.363 -44.9456 -7
      vertex 99.1592 -45.1842 -7
    endloop
  endfacet
  facet normal 0 0 -1
    outer loop
      vertex 99.745 -2 -7
      vertex 97.745 0 -7
      vertex 99.7204 -1.68713 -7
    endloop
  endfacet
  facet normal 0 0 -1
    outer loop
      vertex 97.745 -45.77 -7
      vertex 99.1592 -45.1842 -7
      vertex 98.9206 -45.388 -7
    endloop
  endfacet
  facet normal 0 0 -1
    outer loop
      vertex 99.7204 -1.68713 -7
      vertex 97.745 0 -7
      vertex 99.6471 -1.38197 -7
    endloop
  endfacet
  facet normal 0 0 -1
    outer loop
      vertex 97.745 -45.77 -7
      vertex 98.9206 -45.388 -7
      vertex 98.653 -45.552 -7
    endloop
  endfacet
  facet normal 0 0 -1
    outer loop
      vertex 99.6471 -1.38197 -7
      vertex 97.745 0 -7
      vertex 99.527 -1.09202 -7
    endloop
  endfacet
  facet normal 0 0 -1
    outer loop
      vertex 97.745 -45.77 -7
      vertex 98.653 -45.552 -7
      vertex 98.363 -45.6721 -7
    endloop
  endfacet
  facet normal 0 0 -1
    outer loop
      vertex 99.527 -1.09202 -7
      vertex 97.745 0 -7
      vertex 99.363 -0.824429 -7
    endloop
  endfacet
  facet normal 0 0 -1
    outer loop
      vertex 97.745 -45.77 -7
      vertex 98.363 -45.6721 -7
      vertex 98.0579 -45.7454 -7
    endloop
  endfacet
  facet normal 0 0 -1
    outer loop
      vertex 99.363 -0.824429 -7
      vertex 97.745 0 -7
      vertex 99.1592 -0.585786 -7
    endloop
  endfacet
  facet normal 0 0 -1
    outer loop
      vertex 99.745 -43.77 -7
      vertex 97.745 -45.77 -7
      vertex 91.245 -44.77 -7
    endloop
  endfacet
  facet normal 0 0 -1
    outer loop
      vertex 98.9206 -0.381966 -7
      vertex 97.745 0 -7
      vertex 98.653 -0.217986 -7
    endloop
  endfacet
  facet normal 0 0 -1
    outer loop
      vertex 98.653 -0.217986 -7
      vertex 97.745 0 -7
      vertex 98.363 -0.0978861 -7
    endloop
  endfacet
  facet normal -0 0 -1
    outer loop
      vertex 99.745 -43.77 -7
      vertex 91.245 -44.77 -7
      vertex 95.8 -23.2 -7
    endloop
  endfacet
  facet normal 0 0 -1
    outer loop
      vertex 97.745 -45.77 -7
      vertex 91.2327 -44.9264 -7
      vertex 91.245 -44.77 -7
    endloop
  endfacet
  facet normal 0 0 -1
    outer loop
      vertex 97.745 -45.77 -7
      vertex 91.1961 -45.079 -7
      vertex 91.2327 -44.9264 -7
    endloop
  endfacet
  facet normal 0 0 -1
    outer loop
      vertex 97.745 -45.77 -7
      vertex 91.136 -45.224 -7
      vertex 91.1961 -45.079 -7
    endloop
  endfacet
  facet normal 0 0 -1
    outer loop
      vertex 97.745 -45.77 -7
      vertex 91.054 -45.3578 -7
      vertex 91.136 -45.224 -7
    endloop
  endfacet
  facet normal 0 0 -1
    outer loop
      vertex 97.745 -45.77 -7
      vertex 90.9521 -45.4771 -7
      vertex 91.054 -45.3578 -7
    endloop
  endfacet
  facet normal 0 0 -1
    outer loop
      vertex 97.745 -45.77 -7
      vertex 90.8328 -45.579 -7
      vertex 90.9521 -45.4771 -7
    endloop
  endfacet
  facet normal 0 0 -1
    outer loop
      vertex 97.745 -45.77 -7
      vertex 90.699 -45.661 -7
      vertex 90.8328 -45.579 -7
    endloop
  endfacet
  facet normal 0 0 -1
    outer loop
      vertex 97.745 -45.77 -7
      vertex 90.554 -45.7211 -7
      vertex 90.699 -45.661 -7
    endloop
  endfacet
  facet normal 0 0 -1
    outer loop
      vertex 97.745 -45.77 -7
      vertex 90.4014 -45.7577 -7
      vertex 90.554 -45.7211 -7
    endloop
  endfacet
  facet normal 0 -0 -1
    outer loop
      vertex 90.4014 -45.7577 -7
      vertex 97.745 -45.77 -7
      vertex 90.245 -45.77 -7
    endloop
  endfacet
  facet normal 0 0 -1
    outer loop
      vertex 98.363 -0.0978861 -7
      vertex 97.745 0 -7
      vertex 98.0579 -0.0246229 -7
    endloop
  endfacet
  facet normal 0 0 -1
    outer loop
      vertex 91.245 -1 -7
      vertex 95.8 -18.2 -7
      vertex 91.245 -18.2 -7
    endloop
  endfacet
  facet normal 0 0 -1
    outer loop
      vertex 99.1592 -0.585786 -7
      vertex 97.745 0 -7
      vertex 98.9206 -0.381966 -7
    endloop
  endfacet
  facet normal 0 0 -1
    outer loop
      vertex 91.2327 -0.843565 -7
      vertex 97.745 0 -7
      vertex 91.245 -1 -7
    endloop
  endfacet
  facet normal 0 0 -1
    outer loop
      vertex 91.1961 -0.690983 -7
      vertex 97.745 0 -7
      vertex 91.2327 -0.843565 -7
    endloop
  endfacet
  facet normal 0 0 -1
    outer loop
      vertex 91.136 -0.546009 -7
      vertex 97.745 0 -7
      vertex 91.1961 -0.690983 -7
    endloop
  endfacet
  facet normal 0 0 -1
    outer loop
      vertex 91.054 -0.412214 -7
      vertex 97.745 0 -7
      vertex 91.136 -0.546009 -7
    endloop
  endfacet
  facet normal 0 0 -1
    outer loop
      vertex 90.9521 -0.292892 -7
      vertex 97.745 0 -7
      vertex 91.054 -0.412214 -7
    endloop
  endfacet
  facet normal 0 0 -1
    outer loop
      vertex 90.8328 -0.190983 -7
      vertex 97.745 0 -7
      vertex 90.9521 -0.292892 -7
    endloop
  endfacet
  facet normal 0 0 -1
    outer loop
      vertex 90.699 -0.108993 -7
      vertex 97.745 0 -7
      vertex 90.8328 -0.190983 -7
    endloop
  endfacet
  facet normal 0 0 -1
    outer loop
      vertex 90.554 -0.0489426 -7
      vertex 97.745 0 -7
      vertex 90.699 -0.108993 -7
    endloop
  endfacet
  facet normal 0 0 -1
    outer loop
      vertex 90.4014 -0.012311 -7
      vertex 97.745 0 -7
      vertex 90.554 -0.0489426 -7
    endloop
  endfacet
  facet normal -0 0 -1
    outer loop
      vertex 97.745 0 -7
      vertex 90.4014 -0.012311 -7
      vertex 90.245 0 -7
    endloop
  endfacet
  facet normal -0 0 -1
    outer loop
      vertex 95.8 -23.2 -7
      vertex 91.245 -44.77 -7
      vertex 91.245 -23.2 -7
    endloop
  endfacet
  facet normal 0 -1 0
    outer loop
      vertex 14.5 -1 -18.98
      vertex 28 -1 -8.98
      vertex 14.5 -1 -8.98
    endloop
  endfacet
  facet normal 0 -1 -0
    outer loop
      vertex 28 -1 -8.98
      vertex 14.5 -1 -18.98
      vertex 28 -1 -18.98
    endloop
  endfacet
  facet normal 0 -1 0
    outer loop
      vertex 71.745 -1 -8.98
      vertex 96.745 -1 0
      vertex 3 -1 0
    endloop
  endfacet
  facet normal 0 -1 0
    outer loop
      vertex 14.5 -1 -8.98
      vertex 3 -1 0
      vertex 3 -1 -8.98
    endloop
  endfacet
  facet normal 0 -1 0
    outer loop
      vertex 28 -1 -8.98
      vertex 3 -1 0
      vertex 14.5 -1 -8.98
    endloop
  endfacet
  facet normal 0 -1 0
    outer loop
      vertex 71.745 -1 -8.98
      vertex 3 -1 0
      vertex 28 -1 -8.98
    endloop
  endfacet
  facet normal 0 -1 0
    outer loop
      vertex 96.745 -1 0
      vertex 71.745 -1 -8.98
      vertex 89.245 -1 -6
    endloop
  endfacet
  facet normal 0 -1 0
    outer loop
      vertex 89.245 -1 -20.98
      vertex 71.745 -1 -8.98
      vertex 71.745 -1 -20.98
    endloop
  endfacet
  facet normal 0 -1 0
    outer loop
      vertex 71.745 -1 -8.98
      vertex 89.245 -1 -20.98
      vertex 89.245 -1 -6
    endloop
  endfacet
  facet normal 0 -1 -0
    outer loop
      vertex 96.745 -1 0
      vertex 89.245 -1 -6
      vertex 96.745 -1 -6
    endloop
  endfacet
  facet normal 0.972364 -0.233468 0
    outer loop
      vertex 1.02462 -2.68713 0
      vertex 1.09789 -2.38197 -8.98
      vertex 1.09789 -2.38197 0
    endloop
  endfacet
  facet normal 0.972364 -0.233468 0
    outer loop
      vertex 1.09789 -2.38197 -8.98
      vertex 1.02462 -2.68713 0
      vertex 1.02462 -2.68713 -8.98
    endloop
  endfacet
  facet normal 0.0784483 -0.996918 0
    outer loop
      vertex 2.68713 -1.02462 -8.98
      vertex 3 -1 0
      vertex 2.68713 -1.02462 0
    endloop
  endfacet
  facet normal 0.0784483 -0.996918 0
    outer loop
      vertex 3 -1 0
      vertex 2.68713 -1.02462 -8.98
      vertex 3 -1 -8.98
    endloop
  endfacet
  facet normal 0.972354 0.233512 0
    outer loop
      vertex 1.09789 -43.388 0
      vertex 1.02462 -43.0829 -8.98
      vertex 1.02462 -43.0829 0
    endloop
  endfacet
  facet normal 0.972354 0.233512 0
    outer loop
      vertex 1.02462 -43.0829 -8.98
      vertex 1.09789 -43.388 0
      vertex 1.09789 -43.388 -8.98
    endloop
  endfacet
  facet normal 0.233468 -0.972364 0
    outer loop
      vertex 2.38197 -1.09789 -8.98
      vertex 2.68713 -1.02462 0
      vertex 2.38197 -1.09789 0
    endloop
  endfacet
  facet normal 0.233468 -0.972364 0
    outer loop
      vertex 2.68713 -1.02462 0
      vertex 2.38197 -1.09789 -8.98
      vertex 2.68713 -1.02462 -8.98
    endloop
  endfacet
  facet normal 0.078385 0.996923 -0
    outer loop
      vertex 3 -44.77 -8.98
      vertex 2.68713 -44.7454 0
      vertex 3 -44.77 0
    endloop
  endfacet
  facet normal 0.078385 0.996923 0
    outer loop
      vertex 2.68713 -44.7454 0
      vertex 3 -44.77 -8.98
      vertex 2.68713 -44.7454 -8.98
    endloop
  endfacet
  facet normal 0 1 0
    outer loop
      vertex 28 -44.77 -9.6
      vertex 28 -44.77 -18.98
      vertex 27.9 -44.77 -9.6
    endloop
  endfacet
  facet normal 0 1 -0
    outer loop
      vertex 27.9 -44.77 -9.6
      vertex 14.5 -44.77 -8.98
      vertex 27.9 -44.77 -3.6
    endloop
  endfacet
  facet normal 0 1 0
    outer loop
      vertex 14.5 -44.77 -18.98
      vertex 27.9 -44.77 -9.6
      vertex 28 -44.77 -18.98
    endloop
  endfacet
  facet normal 0 1 0
    outer loop
      vertex 27.9 -44.77 -9.6
      vertex 14.5 -44.77 -18.98
      vertex 14.5 -44.77 -8.98
    endloop
  endfacet
  facet normal 0 1 -0
    outer loop
      vertex 89.245 -44.77 -20.98
      vertex 71.745 -44.77 -8.98
      vertex 89.245 -44.77 -6
    endloop
  endfacet
  facet normal 0 1 0
    outer loop
      vertex 71.745 -44.77 -8.98
      vertex 89.245 -44.77 -20.98
      vertex 71.745 -44.77 -20.98
    endloop
  endfacet
  facet normal 0 1 0
    outer loop
      vertex 96.745 -44.77 0
      vertex 38.9 -44.77 -3.6
      vertex 3 -44.77 0
    endloop
  endfacet
  facet normal 0 1 0
    outer loop
      vertex 89.245 -44.77 -6
      vertex 96.745 -44.77 0
      vertex 96.745 -44.77 -6
    endloop
  endfacet
  facet normal 0 1 0
    outer loop
      vertex 71.745 -44.77 -8.98
      vertex 96.745 -44.77 0
      vertex 89.245 -44.77 -6
    endloop
  endfacet
  facet normal 0 1 0
    outer loop
      vertex 96.745 -44.77 0
      vertex 71.745 -44.77 -8.98
      vertex 38.9 -44.77 -3.6
    endloop
  endfacet
  facet normal 0 1 0
    outer loop
      vertex 38.9 -44.77 -3.6
      vertex 71.745 -44.77 -8.98
      vertex 38.9 -44.77 -8.98
    endloop
  endfacet
  facet normal 0 1 -0
    outer loop
      vertex 27.9 -44.77 -3.6
      vertex 3 -44.77 0
      vertex 38.9 -44.77 -3.6
    endloop
  endfacet
  facet normal 0 1 -0
    outer loop
      vertex 14.5 -44.77 -8.98
      vertex 3 -44.77 0
      vertex 27.9 -44.77 -3.6
    endloop
  endfacet
  facet normal 0 1 0
    outer loop
      vertex 3 -44.77 0
      vertex 14.5 -44.77 -8.98
      vertex 3 -44.77 -8.98
    endloop
  endfacet
  facet normal -1 0 0
    outer loop
      vertex 90.245 -43.77 -20.98
      vertex 90.245 -2 -6
      vertex 90.245 -2 -20.98
    endloop
  endfacet
  facet normal -1 -0 0
    outer loop
      vertex 90.245 -2 -6
      vertex 90.245 -43.77 -20.98
      vertex 90.245 -43.77 -6
    endloop
  endfacet
  facet normal 0.923881 -0.38268 0
    outer loop
      vertex 1.09789 -2.38197 0
      vertex 1.21799 -2.09202 -8.98
      vertex 1.21799 -2.09202 0
    endloop
  endfacet
  facet normal 0.923881 -0.38268 0
    outer loop
      vertex 1.21799 -2.09202 -8.98
      vertex 1.09789 -2.38197 0
      vertex 1.09789 -2.38197 -8.98
    endloop
  endfacet
  facet normal 1 -0 0
    outer loop
      vertex 1 -18.5708 -1.87842
      vertex 1 -17.885 -3.82
      vertex 1 -11.9425 -1.87842
    endloop
  endfacet
  facet normal 1 0 0
    outer loop
      vertex 1 -27.1992 -1.87842
      vertex 1 -18.5708 -1.87842
      vertex 1 -27.1992 -0.321584
    endloop
  endfacet
  facet normal 1 0 0
    outer loop
      vertex 1 -18.5708 -1.87842
      vertex 1 -27.1992 -1.87842
      vertex 1 -17.885 -3.82
    endloop
  endfacet
  facet normal 1 0 0
    outer loop
      vertex 1 -27.1992 -1.87842
      vertex 1 -27.885 -3.82
      vertex 1 -17.885 -3.82
    endloop
  endfacet
  facet normal 1 0 0
    outer loop
      vertex 1 -27.885 -3.82
      vertex 1 -33.8275 -1.87842
      vertex 1 -27.885 -5.81
    endloop
  endfacet
  facet normal 1 -0 0
    outer loop
      vertex 1 -33.8275 -1.87842
      vertex 1 -27.885 -3.82
      vertex 1 -27.1992 -1.87842
    endloop
  endfacet
  facet normal 1 0 0
    outer loop
      vertex 1 -11.9425 -1.87842
      vertex 1 -3 0
      vertex 1 -11.9425 -0.321584
    endloop
  endfacet
  facet normal 1 0 0
    outer loop
      vertex 1 -3 0
      vertex 1 -18.5708 -0.321584
      vertex 1 -11.9425 -0.321584
    endloop
  endfacet
  facet normal 1 0 0
    outer loop
      vertex 1 -18.5708 -0.321584
      vertex 1 -27.1992 -0.321584
      vertex 1 -18.5708 -1.87842
    endloop
  endfacet
  facet normal 1 0 0
    outer loop
      vertex 1 -3 0
      vertex 1 -27.1992 -0.321584
      vertex 1 -18.5708 -0.321584
    endloop
  endfacet
  facet normal 1 -0 0
    outer loop
      vertex 1 -42.77 0
      vertex 1 -27.1992 -0.321584
      vertex 1 -3 0
    endloop
  endfacet
  facet normal 1 0 0
    outer loop
      vertex 1 -33.8275 -0.321584
      vertex 1 -42.77 0
      vertex 1 -33.8275 -1.87842
    endloop
  endfacet
  facet normal 1 0 0
    outer loop
      vertex 1 -27.1992 -0.321584
      vertex 1 -42.77 0
      vertex 1 -33.8275 -0.321584
    endloop
  endfacet
  facet normal 1 0 0
    outer loop
      vertex 1 -3 0
      vertex 1 -11.9425 -1.87842
      vertex 1 -3 -8.98
    endloop
  endfacet
  facet normal 1 0 0
    outer loop
      vertex 1 -17.885 -5.81
      vertex 1 -11.9425 -1.87842
      vertex 1 -17.885 -3.82
    endloop
  endfacet
  facet normal 1 0 0
    outer loop
      vertex 1 -11.9425 -1.87842
      vertex 1 -17.885 -5.81
      vertex 1 -3 -8.98
    endloop
  endfacet
  facet normal 1 -0 0
    outer loop
      vertex 1 -27.885 -5.81
      vertex 1 -3 -8.98
      vertex 1 -17.885 -5.81
    endloop
  endfacet
  facet normal 1 0 0
    outer loop
      vertex 1 -42.77 -8.98
      vertex 1 -33.8275 -1.87842
      vertex 1 -42.77 0
    endloop
  endfacet
  facet normal 1 0 0
    outer loop
      vertex 1 -27.885 -5.81
      vertex 1 -42.77 -8.98
      vertex 1 -3 -8.98
    endloop
  endfacet
  facet normal 1 0 0
    outer loop
      vertex 1 -33.8275 -1.87842
      vertex 1 -42.77 -8.98
      vertex 1 -27.885 -5.81
    endloop
  endfacet
  facet normal 0.522546 0.852611 -0
    outer loop
      vertex 2.09202 -44.552 -8.98
      vertex 1.82443 -44.388 0
      vertex 2.09202 -44.552 0
    endloop
  endfacet
  facet normal 0.522546 0.852611 0
    outer loop
      vertex 1.82443 -44.388 0
      vertex 2.09202 -44.552 -8.98
      vertex 1.82443 -44.388 -8.98
    endloop
  endfacet
  facet normal 0.649415 0.760434 -0
    outer loop
      vertex 1.82443 -44.388 -8.98
      vertex 1.58579 -44.1842 0
      vertex 1.82443 -44.388 0
    endloop
  endfacet
  facet normal 0.649415 0.760434 0
    outer loop
      vertex 1.58579 -44.1842 0
      vertex 1.82443 -44.388 -8.98
      vertex 1.58579 -44.1842 -8.98
    endloop
  endfacet
  facet normal 0.38268 -0.923881 0
    outer loop
      vertex 2.09202 -1.21799 -8.98
      vertex 2.38197 -1.09789 0
      vertex 2.09202 -1.21799 0
    endloop
  endfacet
  facet normal 0.38268 -0.923881 0
    outer loop
      vertex 2.38197 -1.09789 0
      vertex 2.09202 -1.21799 -8.98
      vertex 2.38197 -1.09789 -8.98
    endloop
  endfacet
  facet normal 0.649452 -0.760403 0
    outer loop
      vertex 1.58579 -1.58579 -8.98
      vertex 1.82443 -1.38197 0
      vertex 1.58579 -1.58579 0
    endloop
  endfacet
  facet normal 0.649452 -0.760403 0
    outer loop
      vertex 1.82443 -1.38197 0
      vertex 1.58579 -1.58579 -8.98
      vertex 1.82443 -1.38197 -8.98
    endloop
  endfacet
  facet normal 0.923904 0.382624 0
    outer loop
      vertex 1.21799 -43.678 0
      vertex 1.09789 -43.388 -8.98
      vertex 1.09789 -43.388 0
    endloop
  endfacet
  facet normal 0.923904 0.382624 0
    outer loop
      vertex 1.09789 -43.388 -8.98
      vertex 1.21799 -43.678 0
      vertex 1.21799 -43.678 -8.98
    endloop
  endfacet
  facet normal 0.996919 0.0784408 0
    outer loop
      vertex 1.02462 -43.0829 0
      vertex 1 -42.77 -8.98
      vertex 1 -42.77 0
    endloop
  endfacet
  facet normal 0.996919 0.0784408 0
    outer loop
      vertex 1 -42.77 -8.98
      vertex 1.02462 -43.0829 0
      vertex 1.02462 -43.0829 -8.98
    endloop
  endfacet
  facet normal 0.5225 -0.852639 0
    outer loop
      vertex 1.82443 -1.38197 -8.98
      vertex 2.09202 -1.21799 0
      vertex 1.82443 -1.38197 0
    endloop
  endfacet
  facet normal 0.5225 -0.852639 0
    outer loop
      vertex 2.09202 -1.21799 0
      vertex 1.82443 -1.38197 -8.98
      vertex 2.09202 -1.21799 -8.98
    endloop
  endfacet
  facet normal 0.38268 0.923881 -0
    outer loop
      vertex 2.38197 -44.6721 -8.98
      vertex 2.09202 -44.552 0
      vertex 2.38197 -44.6721 0
    endloop
  endfacet
  facet normal 0.38268 0.923881 0
    outer loop
      vertex 2.09202 -44.552 0
      vertex 2.38197 -44.6721 -8.98
      vertex 2.09202 -44.552 -8.98
    endloop
  endfacet
  facet normal 0.760349 0.649515 0
    outer loop
      vertex 1.58579 -44.1842 0
      vertex 1.38197 -43.9456 -8.98
      vertex 1.38197 -43.9456 0
    endloop
  endfacet
  facet normal 0.760349 0.649515 0
    outer loop
      vertex 1.38197 -43.9456 -8.98
      vertex 1.58579 -44.1842 0
      vertex 1.58579 -44.1842 -8.98
    endloop
  endfacet
  facet normal 0.996918 -0.0784483 0
    outer loop
      vertex 1 -3 0
      vertex 1.02462 -2.68713 -8.98
      vertex 1.02462 -2.68713 0
    endloop
  endfacet
  facet normal 0.996918 -0.0784483 0
    outer loop
      vertex 1.02462 -2.68713 -8.98
      vertex 1 -3 0
      vertex 1 -3 -8.98
    endloop
  endfacet
  facet normal 0.760403 -0.649452 0
    outer loop
      vertex 1.38197 -1.82443 0
      vertex 1.58579 -1.58579 -8.98
      vertex 1.58579 -1.58579 0
    endloop
  endfacet
  facet normal 0.760403 -0.649452 0
    outer loop
      vertex 1.58579 -1.58579 -8.98
      vertex 1.38197 -1.82443 0
      vertex 1.38197 -1.82443 -8.98
    endloop
  endfacet
  facet normal 0.852639 -0.5225 0
    outer loop
      vertex 1.21799 -2.09202 0
      vertex 1.38197 -1.82443 -8.98
      vertex 1.38197 -1.82443 0
    endloop
  endfacet
  facet normal 0.852639 -0.5225 0
    outer loop
      vertex 1.38197 -1.82443 -8.98
      vertex 1.21799 -2.09202 0
      vertex 1.21799 -2.09202 -8.98
    endloop
  endfacet
  facet normal 0.233559 0.972343 -0
    outer loop
      vertex 2.68713 -44.7454 -8.98
      vertex 2.38197 -44.6721 0
      vertex 2.68713 -44.7454 0
    endloop
  endfacet
  facet normal 0.233559 0.972343 0
    outer loop
      vertex 2.38197 -44.6721 0
      vertex 2.68713 -44.7454 -8.98
      vertex 2.38197 -44.6721 -8.98
    endloop
  endfacet
  facet normal 0.852648 0.522486 0
    outer loop
      vertex 1.38197 -43.9456 0
      vertex 1.21799 -43.678 -8.98
      vertex 1.21799 -43.678 0
    endloop
  endfacet
  facet normal 0.852648 0.522486 0
    outer loop
      vertex 1.21799 -43.678 -8.98
      vertex 1.38197 -43.9456 0
      vertex 1.38197 -43.9456 -8.98
    endloop
  endfacet
  facet normal 0 0 1
    outer loop
      vertex 1 -3 -8.98
      vertex 14.5 -1 -8.98
      vertex 3 -1 -8.98
    endloop
  endfacet
  facet normal 0 0 1
    outer loop
      vertex 14.5 -1 -8.98
      vertex 1 -3 -8.98
      vertex 14.5 -44.77 -8.98
    endloop
  endfacet
  facet normal 0 0 1
    outer loop
      vertex 1 -3 -8.98
      vertex 3 -1 -8.98
      vertex 2.68713 -1.02462 -8.98
    endloop
  endfacet
  facet normal -0 0 1
    outer loop
      vertex 1 -42.77 -8.98
      vertex 14.5 -44.77 -8.98
      vertex 1 -3 -8.98
    endloop
  endfacet
  facet normal 0 0 1
    outer loop
      vertex 1 -3 -8.98
      vertex 2.68713 -1.02462 -8.98
      vertex 2.38197 -1.09789 -8.98
    endloop
  endfacet
  facet normal 0 0 1
    outer loop
      vertex 14.5 -44.77 -8.98
      vertex 1 -42.77 -8.98
      vertex 3 -44.77 -8.98
    endloop
  endfacet
  facet normal 0 0 1
    outer loop
      vertex 1 -3 -8.98
      vertex 2.38197 -1.09789 -8.98
      vertex 2.09202 -1.21799 -8.98
    endloop
  endfacet
  facet normal 0 0 1
    outer loop
      vertex 3 -44.77 -8.98
      vertex 1 -42.77 -8.98
      vertex 2.68713 -44.7454 -8.98
    endloop
  endfacet
  facet normal 0 0 1
    outer loop
      vertex 1 -3 -8.98
      vertex 2.09202 -1.21799 -8.98
      vertex 1.82443 -1.38197 -8.98
    endloop
  endfacet
  facet normal 0 0 1
    outer loop
      vertex 2.68713 -44.7454 -8.98
      vertex 1 -42.77 -8.98
      vertex 2.38197 -44.6721 -8.98
    endloop
  endfacet
  facet normal 0 0 1
    outer loop
      vertex 1 -3 -8.98
      vertex 1.82443 -1.38197 -8.98
      vertex 1.58579 -1.58579 -8.98
    endloop
  endfacet
  facet normal 0 0 1
    outer loop
      vertex 2.38197 -44.6721 -8.98
      vertex 1 -42.77 -8.98
      vertex 2.09202 -44.552 -8.98
    endloop
  endfacet
  facet normal 0 0 1
    outer loop
      vertex 1 -3 -8.98
      vertex 1.58579 -1.58579 -8.98
      vertex 1.38197 -1.82443 -8.98
    endloop
  endfacet
  facet normal 0 0 1
    outer loop
      vertex 2.09202 -44.552 -8.98
      vertex 1 -42.77 -8.98
      vertex 1.82443 -44.388 -8.98
    endloop
  endfacet
  facet normal 0 0 1
    outer loop
      vertex 1 -3 -8.98
      vertex 1.38197 -1.82443 -8.98
      vertex 1.21799 -2.09202 -8.98
    endloop
  endfacet
  facet normal 0 0 1
    outer loop
      vertex 1.82443 -44.388 -8.98
      vertex 1 -42.77 -8.98
      vertex 1.58579 -44.1842 -8.98
    endloop
  endfacet
  facet normal 0 0 1
    outer loop
      vertex 1 -3 -8.98
      vertex 1.21799 -2.09202 -8.98
      vertex 1.09789 -2.38197 -8.98
    endloop
  endfacet
  facet normal 0 0 1
    outer loop
      vertex 1.58579 -44.1842 -8.98
      vertex 1 -42.77 -8.98
      vertex 1.38197 -43.9456 -8.98
    endloop
  endfacet
  facet normal 0 0 1
    outer loop
      vertex 1 -3 -8.98
      vertex 1.09789 -2.38197 -8.98
      vertex 1.02462 -2.68713 -8.98
    endloop
  endfacet
  facet normal 0 0 1
    outer loop
      vertex 1.38197 -43.9456 -8.98
      vertex 1 -42.77 -8.98
      vertex 1.21799 -43.678 -8.98
    endloop
  endfacet
  facet normal 0 0 1
    outer loop
      vertex 1.21799 -43.678 -8.98
      vertex 1 -42.77 -8.98
      vertex 1.09789 -43.388 -8.98
    endloop
  endfacet
  facet normal 0 0 1
    outer loop
      vertex 1.09789 -43.388 -8.98
      vertex 1 -42.77 -8.98
      vertex 1.02462 -43.0829 -8.98
    endloop
  endfacet
  facet normal 0 0 1
    outer loop
      vertex 70.745 -2 -8.98
      vertex 68.5 -25 -8.98
      vertex 70.745 -43.77 -8.98
    endloop
  endfacet
  facet normal 0 0 1
    outer loop
      vertex 68 -2.5 -8.98
      vertex 70.745 -2 -8.98
      vertex 70.7573 -1.84356 -8.98
    endloop
  endfacet
  facet normal 0 0 1
    outer loop
      vertex 70.745 -2 -8.98
      vertex 68 -2.5 -8.98
      vertex 68 -9.5 -8.98
    endloop
  endfacet
  facet normal 0 0 1
    outer loop
      vertex 70.7939 -1.69098 -8.98
      vertex 68 -2.5 -8.98
      vertex 70.7573 -1.84356 -8.98
    endloop
  endfacet
  facet normal 0 0 1
    outer loop
      vertex 70.854 -1.54601 -8.98
      vertex 68 -2.5 -8.98
      vertex 70.7939 -1.69098 -8.98
    endloop
  endfacet
  facet normal 0 0 1
    outer loop
      vertex 70.936 -1.41221 -8.98
      vertex 68 -2.5 -8.98
      vertex 70.854 -1.54601 -8.98
    endloop
  endfacet
  facet normal 0 0 1
    outer loop
      vertex 71.0379 -1.29289 -8.98
      vertex 68 -2.5 -8.98
      vertex 70.936 -1.41221 -8.98
    endloop
  endfacet
  facet normal 0 0 1
    outer loop
      vertex 71.1572 -1.19098 -8.98
      vertex 68 -2.5 -8.98
      vertex 71.0379 -1.29289 -8.98
    endloop
  endfacet
  facet normal 0 0 1
    outer loop
      vertex 71.291 -1.10899 -8.98
      vertex 68 -2.5 -8.98
      vertex 71.1572 -1.19098 -8.98
    endloop
  endfacet
  facet normal 0 0 1
    outer loop
      vertex 71.291 -1.10899 -8.98
      vertex 34.5 -2.5 -8.98
      vertex 68 -2.5 -8.98
    endloop
  endfacet
  facet normal 0 0 1
    outer loop
      vertex 71.436 -1.04894 -8.98
      vertex 34.5 -2.5 -8.98
      vertex 71.291 -1.10899 -8.98
    endloop
  endfacet
  facet normal 0 0 1
    outer loop
      vertex 28 -1 -8.98
      vertex 71.436 -1.04894 -8.98
      vertex 71.5886 -1.01231 -8.98
    endloop
  endfacet
  facet normal -0 0 1
    outer loop
      vertex 28 -1 -8.98
      vertex 71.5886 -1.01231 -8.98
      vertex 71.745 -1 -8.98
    endloop
  endfacet
  facet normal 0 0 1
    outer loop
      vertex 34.5 -2.5 -8.98
      vertex 28 -1 -8.98
      vertex 34.5 -9.5 -8.98
    endloop
  endfacet
  facet normal 0 0 1
    outer loop
      vertex 71.436 -1.04894 -8.98
      vertex 28 -1 -8.98
      vertex 34.5 -2.5 -8.98
    endloop
  endfacet
  facet normal -0 0 1
    outer loop
      vertex 68.5 -42 -8.98
      vertex 70.745 -43.77 -8.98
      vertex 68.5 -25 -8.98
    endloop
  endfacet
  facet normal 0 0 1
    outer loop
      vertex 70.745 -43.77 -8.98
      vertex 68.5 -42 -8.98
      vertex 70.7573 -43.9264 -8.98
    endloop
  endfacet
  facet normal 0 0 1
    outer loop
      vertex 68.5 -42 -8.98
      vertex 70.7939 -44.079 -8.98
      vertex 70.7573 -43.9264 -8.98
    endloop
  endfacet
  facet normal 0 0 1
    outer loop
      vertex 68.5 -42 -8.98
      vertex 70.854 -44.224 -8.98
      vertex 70.7939 -44.079 -8.98
    endloop
  endfacet
  facet normal 0 0 1
    outer loop
      vertex 68.5 -42 -8.98
      vertex 70.936 -44.3578 -8.98
      vertex 70.854 -44.224 -8.98
    endloop
  endfacet
  facet normal 0 0 1
    outer loop
      vertex 68.5 -42 -8.98
      vertex 71.0379 -44.4771 -8.98
      vertex 70.936 -44.3578 -8.98
    endloop
  endfacet
  facet normal 0 0 1
    outer loop
      vertex 38.9 -44.77 -8.98
      vertex 68.5 -42 -8.98
      vertex 39.5 -42 -8.98
    endloop
  endfacet
  facet normal 0 0 1
    outer loop
      vertex 68.5 -42 -8.98
      vertex 38.9 -44.77 -8.98
      vertex 71.0379 -44.4771 -8.98
    endloop
  endfacet
  facet normal 0 0 1
    outer loop
      vertex 71.0379 -44.4771 -8.98
      vertex 38.9 -44.77 -8.98
      vertex 71.1572 -44.579 -8.98
    endloop
  endfacet
  facet normal 0 0 1
    outer loop
      vertex 71.1572 -44.579 -8.98
      vertex 38.9 -44.77 -8.98
      vertex 71.291 -44.661 -8.98
    endloop
  endfacet
  facet normal 0 0 1
    outer loop
      vertex 71.291 -44.661 -8.98
      vertex 38.9 -44.77 -8.98
      vertex 71.436 -44.7211 -8.98
    endloop
  endfacet
  facet normal 0 0 1
    outer loop
      vertex 38.9 -44.77 -8.98
      vertex 39.5 -42 -8.98
      vertex 38.9 -43.77 -8.98
    endloop
  endfacet
  facet normal 0 0 1
    outer loop
      vertex 71.436 -44.7211 -8.98
      vertex 38.9 -44.77 -8.98
      vertex 71.5886 -44.7577 -8.98
    endloop
  endfacet
  facet normal 0 0 1
    outer loop
      vertex 71.5886 -44.7577 -8.98
      vertex 38.9 -44.77 -8.98
      vertex 71.745 -44.77 -8.98
    endloop
  endfacet
  facet normal 0 0 1
    outer loop
      vertex 70.745 -2 -8.98
      vertex 68 -9.5 -8.98
      vertex 68.5 -25 -8.98
    endloop
  endfacet
  facet normal 0 0 1
    outer loop
      vertex 68 -9.5 -8.98
      vertex 39.5 -25 -8.98
      vertex 68.5 -25 -8.98
    endloop
  endfacet
  facet normal 0 0 1
    outer loop
      vertex 28 -43.77 -8.98
      vertex 39.5 -42 -8.98
      vertex 39.5 -25 -8.98
    endloop
  endfacet
  facet normal -0 0 1
    outer loop
      vertex 34.5 -9.5 -8.98
      vertex 39.5 -25 -8.98
      vertex 68 -9.5 -8.98
    endloop
  endfacet
  facet normal 0 0 1
    outer loop
      vertex 28 -43.77 -8.98
      vertex 39.5 -25 -8.98
      vertex 34.5 -9.5 -8.98
    endloop
  endfacet
  facet normal 0 0 1
    outer loop
      vertex 28 -43.77 -8.98
      vertex 34.5 -9.5 -8.98
      vertex 28 -1 -8.98
    endloop
  endfacet
  facet normal 0 0 1
    outer loop
      vertex 39.5 -42 -8.98
      vertex 28 -43.77 -8.98
      vertex 38.9 -43.77 -8.98
    endloop
  endfacet
  facet normal -1 0 0
    outer loop
      vertex 28 -1 -18.98
      vertex 28 -43.77 -9.6
      vertex 28 -1 -8.98
    endloop
  endfacet
  facet normal -1 0 0
    outer loop
      vertex 28 -44.77 -18.98
      vertex 28 -43.77 -9.6
      vertex 28 -1 -18.98
    endloop
  endfacet
  facet normal -1 -0 0
    outer loop
      vertex 28 -43.77 -9.6
      vertex 28 -44.77 -18.98
      vertex 28 -44.77 -9.6
    endloop
  endfacet
  facet normal -1 -0 0
    outer loop
      vertex 28 -1 -8.98
      vertex 28 -43.77 -9.6
      vertex 28 -43.77 -8.98
    endloop
  endfacet
  facet normal 0 0 1
    outer loop
      vertex 28 -1 -18.98
      vertex 27.5 -9 -18.98
      vertex 28 -44.77 -18.98
    endloop
  endfacet
  facet normal 0 0 1
    outer loop
      vertex 28 -1 -18.98
      vertex 15.5 -9 -18.98
      vertex 27.5 -9 -18.98
    endloop
  endfacet
  facet normal 0 0 1
    outer loop
      vertex 14.5 -44.77 -18.98
      vertex 15.5 -9 -18.98
      vertex 14.5 -1 -18.98
    endloop
  endfacet
  facet normal -0 0 1
    outer loop
      vertex 14.5 -1 -18.98
      vertex 15.5 -9 -18.98
      vertex 28 -1 -18.98
    endloop
  endfacet
  facet normal -0 0 1
    outer loop
      vertex 27.5 -38 -18.98
      vertex 28 -44.77 -18.98
      vertex 27.5 -9 -18.98
    endloop
  endfacet
  facet normal -0 0 1
    outer loop
      vertex 15.5 -38 -18.98
      vertex 28 -44.77 -18.98
      vertex 27.5 -38 -18.98
    endloop
  endfacet
  facet normal 0 0 1
    outer loop
      vertex 15.5 -38 -18.98
      vertex 14.5 -44.77 -18.98
      vertex 28 -44.77 -18.98
    endloop
  endfacet
  facet normal 0 0 1
    outer loop
      vertex 15.5 -9 -18.98
      vertex 14.5 -44.77 -18.98
      vertex 15.5 -38 -18.98
    endloop
  endfacet
  facet normal 1 -0 0
    outer loop
      vertex 14.5 -44.77 -8.98
      vertex 14.5 -1 -18.98
      vertex 14.5 -1 -8.98
    endloop
  endfacet
  facet normal 1 0 0
    outer loop
      vertex 14.5 -1 -18.98
      vertex 14.5 -44.77 -8.98
      vertex 14.5 -44.77 -18.98
    endloop
  endfacet
  facet normal 0.233409 -0.972379 0
    outer loop
      vertex 71.436 -1.04894 -20.98
      vertex 71.5886 -1.01231 -8.98
      vertex 71.436 -1.04894 -8.98
    endloop
  endfacet
  facet normal 0.233409 -0.972379 0
    outer loop
      vertex 71.5886 -1.01231 -8.98
      vertex 71.436 -1.04894 -20.98
      vertex 71.5886 -1.01231 -20.98
    endloop
  endfacet
  facet normal 0.923764 -0.382963 0
    outer loop
      vertex 70.7939 -1.69098 -8.98
      vertex 70.854 -1.54601 -20.98
      vertex 70.854 -1.54601 -8.98
    endloop
  endfacet
  facet normal 0.923764 -0.382963 0
    outer loop
      vertex 70.854 -1.54601 -20.98
      vertex 70.7939 -1.69098 -8.98
      vertex 70.7939 -1.69098 -20.98
    endloop
  endfacet
  facet normal -0.85262 0.522532 0
    outer loop
      vertex 90.054 -44.3578 -20.98
      vertex 90.136 -44.224 -6
      vertex 90.136 -44.224 -20.98
    endloop
  endfacet
  facet normal -0.85262 0.522532 0
    outer loop
      vertex 90.136 -44.224 -6
      vertex 90.054 -44.3578 -20.98
      vertex 90.054 -44.3578 -6
    endloop
  endfacet
  facet normal 0.996923 -0.0783825 0
    outer loop
      vertex 70.745 -2 -8.98
      vertex 70.7573 -1.84356 -20.98
      vertex 70.7573 -1.84356 -8.98
    endloop
  endfacet
  facet normal 0.996923 -0.0783825 0
    outer loop
      vertex 70.7573 -1.84356 -20.98
      vertex 70.745 -2 -8.98
      vertex 70.745 -2 -20.98
    endloop
  endfacet
  facet normal -0.649515 -0.760349 0
    outer loop
      vertex 89.8328 -1.19098 -20.98
      vertex 89.9521 -1.29289 -6
      vertex 89.8328 -1.19098 -6
    endloop
  endfacet
  facet normal -0.649515 -0.760349 -0
    outer loop
      vertex 89.9521 -1.29289 -6
      vertex 89.8328 -1.19098 -20.98
      vertex 89.9521 -1.29289 -20.98
    endloop
  endfacet
  facet normal 0.996922 0.0784024 0
    outer loop
      vertex 70.7573 -43.9264 -8.98
      vertex 70.745 -43.77 -20.98
      vertex 70.745 -43.77 -8.98
    endloop
  endfacet
  facet normal 0.996922 0.0784024 0
    outer loop
      vertex 70.745 -43.77 -20.98
      vertex 70.7573 -43.9264 -8.98
      vertex 70.7573 -43.9264 -20.98
    endloop
  endfacet
  facet normal 0.923792 0.382896 0
    outer loop
      vertex 70.854 -44.224 -8.98
      vertex 70.7939 -44.079 -20.98
      vertex 70.7939 -44.079 -8.98
    endloop
  endfacet
  facet normal 0.923792 0.382896 0
    outer loop
      vertex 70.7939 -44.079 -20.98
      vertex 70.854 -44.224 -8.98
      vertex 70.854 -44.224 -20.98
    endloop
  endfacet
  facet normal 0.382624 -0.923904 0
    outer loop
      vertex 71.291 -1.10899 -20.98
      vertex 71.436 -1.04894 -8.98
      vertex 71.291 -1.10899 -8.98
    endloop
  endfacet
  facet normal 0.382624 -0.923904 0
    outer loop
      vertex 71.436 -1.04894 -8.98
      vertex 71.291 -1.10899 -20.98
      vertex 71.436 -1.04894 -20.98
    endloop
  endfacet
  facet normal -0.923764 -0.382963 0
    outer loop
      vertex 90.1961 -1.69098 -20.98
      vertex 90.136 -1.54601 -6
      vertex 90.136 -1.54601 -20.98
    endloop
  endfacet
  facet normal -0.923764 -0.382963 0
    outer loop
      vertex 90.136 -1.54601 -6
      vertex 90.1961 -1.69098 -20.98
      vertex 90.1961 -1.69098 -6
    endloop
  endfacet
  facet normal 0.522532 0.85262 -0
    outer loop
      vertex 71.291 -44.661 -20.98
      vertex 71.1572 -44.579 -8.98
      vertex 71.291 -44.661 -8.98
    endloop
  endfacet
  facet normal 0.522532 0.85262 0
    outer loop
      vertex 71.1572 -44.579 -8.98
      vertex 71.291 -44.661 -20.98
      vertex 71.1572 -44.579 -20.98
    endloop
  endfacet
  facet normal -0.972422 0.233228 0
    outer loop
      vertex 90.1961 -44.079 -20.98
      vertex 90.2327 -43.9264 -6
      vertex 90.2327 -43.9264 -20.98
    endloop
  endfacet
  facet normal -0.972422 0.233228 0
    outer loop
      vertex 90.2327 -43.9264 -6
      vertex 90.1961 -44.079 -20.98
      vertex 90.1961 -44.079 -6
    endloop
  endfacet
  facet normal -0.996923 -0.0783825 0
    outer loop
      vertex 90.245 -2 -20.98
      vertex 90.2327 -1.84356 -6
      vertex 90.2327 -1.84356 -20.98
    endloop
  endfacet
  facet normal -0.996923 -0.0783825 0
    outer loop
      vertex 90.2327 -1.84356 -6
      vertex 90.245 -2 -20.98
      vertex 90.245 -2 -6
    endloop
  endfacet
  facet normal 0.0784024 0.996922 -0
    outer loop
      vertex 71.745 -44.77 -20.98
      vertex 71.5886 -44.7577 -8.98
      vertex 71.745 -44.77 -8.98
    endloop
  endfacet
  facet normal 0.0784024 0.996922 0
    outer loop
      vertex 71.5886 -44.7577 -8.98
      vertex 71.745 -44.77 -20.98
      vertex 71.5886 -44.7577 -20.98
    endloop
  endfacet
  facet normal -0.649478 0.76038 0
    outer loop
      vertex 89.9521 -44.4771 -20.98
      vertex 89.8328 -44.579 -6
      vertex 89.9521 -44.4771 -6
    endloop
  endfacet
  facet normal -0.649478 0.76038 0
    outer loop
      vertex 89.8328 -44.579 -6
      vertex 89.9521 -44.4771 -20.98
      vertex 89.8328 -44.579 -20.98
    endloop
  endfacet
  facet normal 1 -0 0
    outer loop
      vertex 70.745 -43.77 -8.98
      vertex 70.745 -2 -20.98
      vertex 70.745 -2 -8.98
    endloop
  endfacet
  facet normal 1 0 0
    outer loop
      vertex 70.745 -2 -20.98
      vertex 70.745 -43.77 -8.98
      vertex 70.745 -43.77 -20.98
    endloop
  endfacet
  facet normal 0.972422 0.233228 0
    outer loop
      vertex 70.7939 -44.079 -8.98
      vertex 70.7573 -43.9264 -20.98
      vertex 70.7573 -43.9264 -8.98
    endloop
  endfacet
  facet normal 0.972422 0.233228 0
    outer loop
      vertex 70.7573 -43.9264 -20.98
      vertex 70.7939 -44.079 -8.98
      vertex 70.7939 -44.079 -20.98
    endloop
  endfacet
  facet normal -0.0784658 -0.996917 0
    outer loop
      vertex 89.245 -1 -20.98
      vertex 89.4014 -1.01231 -6
      vertex 89.245 -1 -6
    endloop
  endfacet
  facet normal -0.0784658 -0.996917 -0
    outer loop
      vertex 89.4014 -1.01231 -6
      vertex 89.245 -1 -20.98
      vertex 89.4014 -1.01231 -20.98
    endloop
  endfacet
  facet normal -0.233228 0.972422 0
    outer loop
      vertex 89.554 -44.7211 -20.98
      vertex 89.4014 -44.7577 -6
      vertex 89.554 -44.7211 -6
    endloop
  endfacet
  facet normal -0.233228 0.972422 0
    outer loop
      vertex 89.4014 -44.7577 -6
      vertex 89.554 -44.7211 -20.98
      vertex 89.4014 -44.7577 -20.98
    endloop
  endfacet
  facet normal 0.649478 0.76038 -0
    outer loop
      vertex 71.1572 -44.579 -20.98
      vertex 71.0379 -44.4771 -8.98
      vertex 71.1572 -44.579 -8.98
    endloop
  endfacet
  facet normal 0.649478 0.76038 0
    outer loop
      vertex 71.0379 -44.4771 -8.98
      vertex 71.1572 -44.579 -20.98
      vertex 71.0379 -44.4771 -20.98
    endloop
  endfacet
  facet normal -0.522486 -0.852648 0
    outer loop
      vertex 89.699 -1.10899 -20.98
      vertex 89.8328 -1.19098 -6
      vertex 89.699 -1.10899 -6
    endloop
  endfacet
  facet normal -0.522486 -0.852648 -0
    outer loop
      vertex 89.8328 -1.19098 -6
      vertex 89.699 -1.10899 -20.98
      vertex 89.8328 -1.19098 -20.98
    endloop
  endfacet
  facet normal 0.649515 -0.760349 0
    outer loop
      vertex 71.0379 -1.29289 -20.98
      vertex 71.1572 -1.19098 -8.98
      vertex 71.0379 -1.29289 -8.98
    endloop
  endfacet
  facet normal 0.649515 -0.760349 0
    outer loop
      vertex 71.1572 -1.19098 -8.98
      vertex 71.0379 -1.29289 -20.98
      vertex 71.1572 -1.19098 -20.98
    endloop
  endfacet
  facet normal -0.522532 0.85262 0
    outer loop
      vertex 89.8328 -44.579 -20.98
      vertex 89.699 -44.661 -6
      vertex 89.8328 -44.579 -6
    endloop
  endfacet
  facet normal -0.522532 0.85262 0
    outer loop
      vertex 89.699 -44.661 -6
      vertex 89.8328 -44.579 -20.98
      vertex 89.699 -44.661 -20.98
    endloop
  endfacet
  facet normal 0.760434 -0.649415 0
    outer loop
      vertex 70.936 -1.41221 -8.98
      vertex 71.0379 -1.29289 -20.98
      vertex 71.0379 -1.29289 -8.98
    endloop
  endfacet
  facet normal 0.760434 -0.649415 0
    outer loop
      vertex 71.0379 -1.29289 -20.98
      vertex 70.936 -1.41221 -8.98
      vertex 70.936 -1.41221 -20.98
    endloop
  endfacet
  facet normal -0.972415 -0.233257 0
    outer loop
      vertex 90.2327 -1.84356 -20.98
      vertex 90.1961 -1.69098 -6
      vertex 90.1961 -1.69098 -20.98
    endloop
  endfacet
  facet normal -0.972415 -0.233257 0
    outer loop
      vertex 90.1961 -1.69098 -6
      vertex 90.2327 -1.84356 -20.98
      vertex 90.2327 -1.84356 -6
    endloop
  endfacet
  facet normal -0.382624 -0.923904 0
    outer loop
      vertex 89.554 -1.04894 -20.98
      vertex 89.699 -1.10899 -6
      vertex 89.554 -1.04894 -6
    endloop
  endfacet
  facet normal -0.382624 -0.923904 -0
    outer loop
      vertex 89.699 -1.10899 -6
      vertex 89.554 -1.04894 -20.98
      vertex 89.699 -1.10899 -20.98
    endloop
  endfacet
  facet normal 0.85262 -0.522532 0
    outer loop
      vertex 70.854 -1.54601 -8.98
      vertex 70.936 -1.41221 -20.98
      vertex 70.936 -1.41221 -8.98
    endloop
  endfacet
  facet normal 0.85262 -0.522532 0
    outer loop
      vertex 70.936 -1.41221 -20.98
      vertex 70.854 -1.54601 -8.98
      vertex 70.854 -1.54601 -20.98
    endloop
  endfacet
  facet normal 0.972415 -0.233257 0
    outer loop
      vertex 70.7573 -1.84356 -8.98
      vertex 70.7939 -1.69098 -20.98
      vertex 70.7939 -1.69098 -8.98
    endloop
  endfacet
  facet normal 0.972415 -0.233257 0
    outer loop
      vertex 70.7939 -1.69098 -20.98
      vertex 70.7573 -1.84356 -8.98
      vertex 70.7573 -1.84356 -20.98
    endloop
  endfacet
  facet normal 0.76038 0.649478 0
    outer loop
      vertex 71.0379 -44.4771 -8.98
      vertex 70.936 -44.3578 -20.98
      vertex 70.936 -44.3578 -8.98
    endloop
  endfacet
  facet normal 0.76038 0.649478 0
    outer loop
      vertex 70.936 -44.3578 -20.98
      vertex 71.0379 -44.4771 -8.98
      vertex 71.0379 -44.4771 -20.98
    endloop
  endfacet
  facet normal -0.382896 0.923792 0
    outer loop
      vertex 89.699 -44.661 -20.98
      vertex 89.554 -44.7211 -6
      vertex 89.699 -44.661 -6
    endloop
  endfacet
  facet normal -0.382896 0.923792 0
    outer loop
      vertex 89.554 -44.7211 -6
      vertex 89.699 -44.661 -20.98
      vertex 89.554 -44.7211 -20.98
    endloop
  endfacet
  facet normal -0.233409 -0.972379 0
    outer loop
      vertex 89.4014 -1.01231 -20.98
      vertex 89.554 -1.04894 -6
      vertex 89.4014 -1.01231 -6
    endloop
  endfacet
  facet normal -0.233409 -0.972379 -0
    outer loop
      vertex 89.554 -1.04894 -6
      vertex 89.4014 -1.01231 -20.98
      vertex 89.554 -1.04894 -20.98
    endloop
  endfacet
  facet normal -0.760434 -0.649415 0
    outer loop
      vertex 90.054 -1.41221 -20.98
      vertex 89.9521 -1.29289 -6
      vertex 89.9521 -1.29289 -20.98
    endloop
  endfacet
  facet normal -0.760434 -0.649415 0
    outer loop
      vertex 89.9521 -1.29289 -6
      vertex 90.054 -1.41221 -20.98
      vertex 90.054 -1.41221 -6
    endloop
  endfacet
  facet normal -0.923792 0.382896 0
    outer loop
      vertex 90.136 -44.224 -20.98
      vertex 90.1961 -44.079 -6
      vertex 90.1961 -44.079 -20.98
    endloop
  endfacet
  facet normal -0.923792 0.382896 0
    outer loop
      vertex 90.1961 -44.079 -6
      vertex 90.136 -44.224 -20.98
      vertex 90.136 -44.224 -6
    endloop
  endfacet
  facet normal -0.996922 0.0784024 0
    outer loop
      vertex 90.2327 -43.9264 -20.98
      vertex 90.245 -43.77 -6
      vertex 90.245 -43.77 -20.98
    endloop
  endfacet
  facet normal -0.996922 0.0784024 0
    outer loop
      vertex 90.245 -43.77 -6
      vertex 90.2327 -43.9264 -20.98
      vertex 90.2327 -43.9264 -6
    endloop
  endfacet
  facet normal -0.0784024 0.996922 0
    outer loop
      vertex 89.4014 -44.7577 -20.98
      vertex 89.245 -44.77 -6
      vertex 89.4014 -44.7577 -6
    endloop
  endfacet
  facet normal -0.0784024 0.996922 0
    outer loop
      vertex 89.245 -44.77 -6
      vertex 89.4014 -44.7577 -20.98
      vertex 89.245 -44.77 -20.98
    endloop
  endfacet
  facet normal 0.0784658 -0.996917 0
    outer loop
      vertex 71.5886 -1.01231 -20.98
      vertex 71.745 -1 -8.98
      vertex 71.5886 -1.01231 -8.98
    endloop
  endfacet
  facet normal 0.0784658 -0.996917 0
    outer loop
      vertex 71.745 -1 -8.98
      vertex 71.5886 -1.01231 -20.98
      vertex 71.745 -1 -20.98
    endloop
  endfacet
  facet normal 0.522486 -0.852648 0
    outer loop
      vertex 71.1572 -1.19098 -20.98
      vertex 71.291 -1.10899 -8.98
      vertex 71.1572 -1.19098 -8.98
    endloop
  endfacet
  facet normal 0.522486 -0.852648 0
    outer loop
      vertex 71.291 -1.10899 -8.98
      vertex 71.1572 -1.19098 -20.98
      vertex 71.291 -1.10899 -20.98
    endloop
  endfacet
  facet normal 0.85262 0.522532 0
    outer loop
      vertex 70.936 -44.3578 -8.98
      vertex 70.854 -44.224 -20.98
      vertex 70.854 -44.224 -8.98
    endloop
  endfacet
  facet normal 0.85262 0.522532 0
    outer loop
      vertex 70.854 -44.224 -20.98
      vertex 70.936 -44.3578 -8.98
      vertex 70.936 -44.3578 -20.98
    endloop
  endfacet
  facet normal 0.233228 0.972422 -0
    outer loop
      vertex 71.5886 -44.7577 -20.98
      vertex 71.436 -44.7211 -8.98
      vertex 71.5886 -44.7577 -8.98
    endloop
  endfacet
  facet normal 0.233228 0.972422 0
    outer loop
      vertex 71.436 -44.7211 -8.98
      vertex 71.5886 -44.7577 -20.98
      vertex 71.436 -44.7211 -20.98
    endloop
  endfacet
  facet normal -0.76038 0.649478 0
    outer loop
      vertex 89.9521 -44.4771 -20.98
      vertex 90.054 -44.3578 -6
      vertex 90.054 -44.3578 -20.98
    endloop
  endfacet
  facet normal -0.76038 0.649478 0
    outer loop
      vertex 90.054 -44.3578 -6
      vertex 89.9521 -44.4771 -20.98
      vertex 89.9521 -44.4771 -6
    endloop
  endfacet
  facet normal -0.85262 -0.522532 0
    outer loop
      vertex 90.136 -1.54601 -20.98
      vertex 90.054 -1.41221 -6
      vertex 90.054 -1.41221 -20.98
    endloop
  endfacet
  facet normal -0.85262 -0.522532 0
    outer loop
      vertex 90.054 -1.41221 -6
      vertex 90.136 -1.54601 -20.98
      vertex 90.136 -1.54601 -6
    endloop
  endfacet
  facet normal 0.382896 0.923792 -0
    outer loop
      vertex 71.436 -44.7211 -20.98
      vertex 71.291 -44.661 -8.98
      vertex 71.436 -44.7211 -8.98
    endloop
  endfacet
  facet normal 0.382896 0.923792 0
    outer loop
      vertex 71.291 -44.661 -8.98
      vertex 71.436 -44.7211 -20.98
      vertex 71.291 -44.661 -20.98
    endloop
  endfacet
  facet normal 0 0 1
    outer loop
      vertex 89.245 -1 -20.98
      vertex 90.245 -2 -20.98
      vertex 90.2327 -1.84356 -20.98
    endloop
  endfacet
  facet normal 0 0 1
    outer loop
      vertex 90.245 -2 -20.98
      vertex 70.745 -2 -20.98
      vertex 90.245 -43.77 -20.98
    endloop
  endfacet
  facet normal 0 0 1
    outer loop
      vertex 89.245 -1 -20.98
      vertex 90.2327 -1.84356 -20.98
      vertex 90.1961 -1.69098 -20.98
    endloop
  endfacet
  facet normal 0 0 1
    outer loop
      vertex 70.745 -43.77 -20.98
      vertex 90.245 -43.77 -20.98
      vertex 70.745 -2 -20.98
    endloop
  endfacet
  facet normal 0 0 1
    outer loop
      vertex 89.245 -1 -20.98
      vertex 90.1961 -1.69098 -20.98
      vertex 90.136 -1.54601 -20.98
    endloop
  endfacet
  facet normal 0 -0 1
    outer loop
      vertex 89.245 -44.77 -20.98
      vertex 90.245 -43.77 -20.98
      vertex 70.745 -43.77 -20.98
    endloop
  endfacet
  facet normal 0 0 1
    outer loop
      vertex 89.245 -1 -20.98
      vertex 90.136 -1.54601 -20.98
      vertex 90.054 -1.41221 -20.98
    endloop
  endfacet
  facet normal 0 0 1
    outer loop
      vertex 90.245 -43.77 -20.98
      vertex 89.245 -44.77 -20.98
      vertex 90.2327 -43.9264 -20.98
    endloop
  endfacet
  facet normal 0 0 1
    outer loop
      vertex 89.245 -1 -20.98
      vertex 90.054 -1.41221 -20.98
      vertex 89.9521 -1.29289 -20.98
    endloop
  endfacet
  facet normal 0 0 1
    outer loop
      vertex 90.2327 -43.9264 -20.98
      vertex 89.245 -44.77 -20.98
      vertex 90.1961 -44.079 -20.98
    endloop
  endfacet
  facet normal 0 0 1
    outer loop
      vertex 89.245 -1 -20.98
      vertex 89.9521 -1.29289 -20.98
      vertex 89.8328 -1.19098 -20.98
    endloop
  endfacet
  facet normal 0 0 1
    outer loop
      vertex 90.245 -2 -20.98
      vertex 89.245 -1 -20.98
      vertex 70.745 -2 -20.98
    endloop
  endfacet
  facet normal 0 0 1
    outer loop
      vertex 89.245 -1 -20.98
      vertex 89.8328 -1.19098 -20.98
      vertex 89.699 -1.10899 -20.98
    endloop
  endfacet
  facet normal 0 0 1
    outer loop
      vertex 90.1961 -44.079 -20.98
      vertex 89.245 -44.77 -20.98
      vertex 90.136 -44.224 -20.98
    endloop
  endfacet
  facet normal 0 0 1
    outer loop
      vertex 89.245 -1 -20.98
      vertex 89.699 -1.10899 -20.98
      vertex 89.554 -1.04894 -20.98
    endloop
  endfacet
  facet normal 0 0 1
    outer loop
      vertex 89.9521 -44.4771 -20.98
      vertex 89.245 -44.77 -20.98
      vertex 89.8328 -44.579 -20.98
    endloop
  endfacet
  facet normal 0 0 1
    outer loop
      vertex 89.245 -1 -20.98
      vertex 89.554 -1.04894 -20.98
      vertex 89.4014 -1.01231 -20.98
    endloop
  endfacet
  facet normal 0 0 1
    outer loop
      vertex 89.8328 -44.579 -20.98
      vertex 89.245 -44.77 -20.98
      vertex 89.699 -44.661 -20.98
    endloop
  endfacet
  facet normal 0 0 1
    outer loop
      vertex 89.699 -44.661 -20.98
      vertex 89.245 -44.77 -20.98
      vertex 89.554 -44.7211 -20.98
    endloop
  endfacet
  facet normal 0 0 1
    outer loop
      vertex 89.554 -44.7211 -20.98
      vertex 89.245 -44.77 -20.98
      vertex 89.4014 -44.7577 -20.98
    endloop
  endfacet
  facet normal 0 0 1
    outer loop
      vertex 70.745 -2 -20.98
      vertex 89.245 -1 -20.98
      vertex 71.745 -1 -20.98
    endloop
  endfacet
  facet normal 0 0 1
    outer loop
      vertex 90.136 -44.224 -20.98
      vertex 89.245 -44.77 -20.98
      vertex 90.054 -44.3578 -20.98
    endloop
  endfacet
  facet normal 0 0 1
    outer loop
      vertex 70.745 -2 -20.98
      vertex 71.745 -1 -20.98
      vertex 71.5886 -1.01231 -20.98
    endloop
  endfacet
  facet normal 0 0 1
    outer loop
      vertex 90.054 -44.3578 -20.98
      vertex 89.245 -44.77 -20.98
      vertex 89.9521 -44.4771 -20.98
    endloop
  endfacet
  facet normal 0 0 1
    outer loop
      vertex 70.745 -2 -20.98
      vertex 71.5886 -1.01231 -20.98
      vertex 71.436 -1.04894 -20.98
    endloop
  endfacet
  facet normal 0 0 1
    outer loop
      vertex 89.245 -44.77 -20.98
      vertex 70.745 -43.77 -20.98
      vertex 71.745 -44.77 -20.98
    endloop
  endfacet
  facet normal 0 0 1
    outer loop
      vertex 70.745 -2 -20.98
      vertex 71.436 -1.04894 -20.98
      vertex 71.291 -1.10899 -20.98
    endloop
  endfacet
  facet normal 0 0 1
    outer loop
      vertex 71.745 -44.77 -20.98
      vertex 70.745 -43.77 -20.98
      vertex 71.5886 -44.7577 -20.98
    endloop
  endfacet
  facet normal 0 0 1
    outer loop
      vertex 70.745 -2 -20.98
      vertex 71.291 -1.10899 -20.98
      vertex 71.1572 -1.19098 -20.98
    endloop
  endfacet
  facet normal 0 0 1
    outer loop
      vertex 71.5886 -44.7577 -20.98
      vertex 70.745 -43.77 -20.98
      vertex 71.436 -44.7211 -20.98
    endloop
  endfacet
  facet normal 0 0 1
    outer loop
      vertex 70.745 -2 -20.98
      vertex 71.1572 -1.19098 -20.98
      vertex 71.0379 -1.29289 -20.98
    endloop
  endfacet
  facet normal 0 0 1
    outer loop
      vertex 71.436 -44.7211 -20.98
      vertex 70.745 -43.77 -20.98
      vertex 71.291 -44.661 -20.98
    endloop
  endfacet
  facet normal 0 0 1
    outer loop
      vertex 70.745 -2 -20.98
      vertex 71.0379 -1.29289 -20.98
      vertex 70.936 -1.41221 -20.98
    endloop
  endfacet
  facet normal 0 0 1
    outer loop
      vertex 71.291 -44.661 -20.98
      vertex 70.745 -43.77 -20.98
      vertex 71.1572 -44.579 -20.98
    endloop
  endfacet
  facet normal 0 0 1
    outer loop
      vertex 70.745 -2 -20.98
      vertex 70.936 -1.41221 -20.98
      vertex 70.854 -1.54601 -20.98
    endloop
  endfacet
  facet normal 0 0 1
    outer loop
      vertex 71.1572 -44.579 -20.98
      vertex 70.745 -43.77 -20.98
      vertex 71.0379 -44.4771 -20.98
    endloop
  endfacet
  facet normal 0 0 1
    outer loop
      vertex 70.745 -2 -20.98
      vertex 70.854 -1.54601 -20.98
      vertex 70.7939 -1.69098 -20.98
    endloop
  endfacet
  facet normal 0 0 1
    outer loop
      vertex 71.0379 -44.4771 -20.98
      vertex 70.745 -43.77 -20.98
      vertex 70.936 -44.3578 -20.98
    endloop
  endfacet
  facet normal 0 0 1
    outer loop
      vertex 70.745 -2 -20.98
      vertex 70.7939 -1.69098 -20.98
      vertex 70.7573 -1.84356 -20.98
    endloop
  endfacet
  facet normal 0 0 1
    outer loop
      vertex 70.936 -44.3578 -20.98
      vertex 70.745 -43.77 -20.98
      vertex 70.854 -44.224 -20.98
    endloop
  endfacet
  facet normal 0 0 1
    outer loop
      vertex 70.854 -44.224 -20.98
      vertex 70.745 -43.77 -20.98
      vertex 70.7939 -44.079 -20.98
    endloop
  endfacet
  facet normal 0 0 1
    outer loop
      vertex 70.7939 -44.079 -20.98
      vertex 70.745 -43.77 -20.98
      vertex 70.7573 -43.9264 -20.98
    endloop
  endfacet
  facet normal -1 0 0
    outer loop
      vertex 68.5 -42 -10.01
      vertex 68.5 -25 -8.98
      vertex 68.5 -25 -10.01
    endloop
  endfacet
  facet normal -1 -0 0
    outer loop
      vertex 68.5 -25 -8.98
      vertex 68.5 -42 -10.01
      vertex 68.5 -42 -8.98
    endloop
  endfacet
  facet normal 1 -0 0
    outer loop
      vertex 39.5 -42 -8.98
      vertex 39.5 -25 -10.01
      vertex 39.5 -25 -8.98
    endloop
  endfacet
  facet normal 1 0 0
    outer loop
      vertex 39.5 -25 -10.01
      vertex 39.5 -42 -8.98
      vertex 39.5 -42 -10.01
    endloop
  endfacet
  facet normal 0 1 -0
    outer loop
      vertex 68.5 -42 -10.01
      vertex 39.5 -42 -8.98
      vertex 68.5 -42 -8.98
    endloop
  endfacet
  facet normal 0 1 0
    outer loop
      vertex 39.5 -42 -8.98
      vertex 68.5 -42 -10.01
      vertex 39.5 -42 -10.01
    endloop
  endfacet
  facet normal 0 -1 0
    outer loop
      vertex 39.5 -25 -10.01
      vertex 68.5 -25 -8.98
      vertex 39.5 -25 -8.98
    endloop
  endfacet
  facet normal 0 -1 -0
    outer loop
      vertex 68.5 -25 -8.98
      vertex 39.5 -25 -10.01
      vertex 68.5 -25 -10.01
    endloop
  endfacet
  facet normal -1 0 0
    outer loop
      vertex 68 -9.5 -10.01
      vertex 68 -2.5 -8.98
      vertex 68 -2.5 -10.01
    endloop
  endfacet
  facet normal -1 -0 0
    outer loop
      vertex 68 -2.5 -8.98
      vertex 68 -9.5 -10.01
      vertex 68 -9.5 -8.98
    endloop
  endfacet
  facet normal 1 -0 0
    outer loop
      vertex 34.5 -9.5 -8.98
      vertex 34.5 -2.5 -10.01
      vertex 34.5 -2.5 -8.98
    endloop
  endfacet
  facet normal 1 0 0
    outer loop
      vertex 34.5 -2.5 -10.01
      vertex 34.5 -9.5 -8.98
      vertex 34.5 -9.5 -10.01
    endloop
  endfacet
  facet normal 0 1 -0
    outer loop
      vertex 68 -9.5 -10.01
      vertex 34.5 -9.5 -8.98
      vertex 68 -9.5 -8.98
    endloop
  endfacet
  facet normal 0 1 0
    outer loop
      vertex 34.5 -9.5 -8.98
      vertex 68 -9.5 -10.01
      vertex 34.5 -9.5 -10.01
    endloop
  endfacet
  facet normal 0 -1 0
    outer loop
      vertex 34.5 -2.5 -10.01
      vertex 68 -2.5 -8.98
      vertex 34.5 -2.5 -8.98
    endloop
  endfacet
  facet normal 0 -1 -0
    outer loop
      vertex 68 -2.5 -8.98
      vertex 34.5 -2.5 -10.01
      vertex 68 -2.5 -10.01
    endloop
  endfacet
  facet normal -0.522486 -0.852648 0
    outer loop
      vertex 97.653 -1.21799 -6
      vertex 97.9206 -1.38197 0
      vertex 97.653 -1.21799 0
    endloop
  endfacet
  facet normal -0.522486 -0.852648 -0
    outer loop
      vertex 97.9206 -1.38197 0
      vertex 97.653 -1.21799 -6
      vertex 97.9206 -1.38197 -6
    endloop
  endfacet
  facet normal -0.0784408 -0.996919 0
    outer loop
      vertex 96.745 -1 -6
      vertex 97.0579 -1.02462 0
      vertex 96.745 -1 0
    endloop
  endfacet
  facet normal -0.0784408 -0.996919 -0
    outer loop
      vertex 97.0579 -1.02462 0
      vertex 96.745 -1 -6
      vertex 97.0579 -1.02462 -6
    endloop
  endfacet
  facet normal -0.0783775 0.996924 0
    outer loop
      vertex 97.0579 -44.7454 -6
      vertex 96.745 -44.77 0
      vertex 97.0579 -44.7454 0
    endloop
  endfacet
  facet normal -0.0783775 0.996924 0
    outer loop
      vertex 96.745 -44.77 0
      vertex 97.0579 -44.7454 -6
      vertex 96.745 -44.77 -6
    endloop
  endfacet
  facet normal -1 0 0
    outer loop
      vertex 98.745 -3 -6
      vertex 98.745 -11.9425 -1.87842
      vertex 98.745 -3 0
    endloop
  endfacet
  facet normal -1 0 0
    outer loop
      vertex 98.745 -3 -6
      vertex 98.745 -17.885 -5.81
      vertex 98.745 -11.9425 -1.87842
    endloop
  endfacet
  facet normal -1 0 0
    outer loop
      vertex 98.745 -3 -6
      vertex 98.745 -27.885 -5.81
      vertex 98.745 -17.885 -5.81
    endloop
  endfacet
  facet normal -1 0 0
    outer loop
      vertex 98.745 -27.885 -5.81
      vertex 98.745 -33.8275 -1.87842
      vertex 98.745 -27.885 -3.82
    endloop
  endfacet
  facet normal -1 0 0
    outer loop
      vertex 98.745 -42.77 0
      vertex 98.745 -33.8275 -1.87842
      vertex 98.745 -42.77 -6
    endloop
  endfacet
  facet normal -1 -0 0
    outer loop
      vertex 98.745 -27.885 -5.81
      vertex 98.745 -42.77 -6
      vertex 98.745 -33.8275 -1.87842
    endloop
  endfacet
  facet normal -1 0 0
    outer loop
      vertex 98.745 -42.77 -6
      vertex 98.745 -27.885 -5.81
      vertex 98.745 -3 -6
    endloop
  endfacet
  facet normal -1 0 0
    outer loop
      vertex 98.745 -11.9425 -0.321583
      vertex 98.745 -3 0
      vertex 98.745 -11.9425 -1.87842
    endloop
  endfacet
  facet normal -1 0 0
    outer loop
      vertex 98.745 -18.5708 -0.321583
      vertex 98.745 -3 0
      vertex 98.745 -11.9425 -0.321583
    endloop
  endfacet
  facet normal -1 0 0
    outer loop
      vertex 98.745 -27.1992 -0.321583
      vertex 98.745 -18.5708 -0.321583
      vertex 98.745 -27.1992 -1.87842
    endloop
  endfacet
  facet normal -1 0 0
    outer loop
      vertex 98.745 -27.1992 -0.321583
      vertex 98.745 -3 0
      vertex 98.745 -18.5708 -0.321583
    endloop
  endfacet
  facet normal -1 0 0
    outer loop
      vertex 98.745 -42.77 0
      vertex 98.745 -27.1992 -0.321583
      vertex 98.745 -33.8275 -0.321583
    endloop
  endfacet
  facet normal -1 0 0
    outer loop
      vertex 98.745 -27.1992 -0.321583
      vertex 98.745 -42.77 0
      vertex 98.745 -3 0
    endloop
  endfacet
  facet normal -1 0 0
    outer loop
      vertex 98.745 -33.8275 -1.87842
      vertex 98.745 -42.77 0
      vertex 98.745 -33.8275 -0.321583
    endloop
  endfacet
  facet normal -1 0 0
    outer loop
      vertex 98.745 -17.885 -3.82
      vertex 98.745 -11.9425 -1.87842
      vertex 98.745 -17.885 -5.81
    endloop
  endfacet
  facet normal -1 0 0
    outer loop
      vertex 98.745 -17.885 -3.82
      vertex 98.745 -18.5708 -1.87842
      vertex 98.745 -11.9425 -1.87842
    endloop
  endfacet
  facet normal -1 0 0
    outer loop
      vertex 98.745 -18.5708 -1.87842
      vertex 98.745 -27.1992 -1.87842
      vertex 98.745 -18.5708 -0.321583
    endloop
  endfacet
  facet normal -1 0 0
    outer loop
      vertex 98.745 -17.885 -3.82
      vertex 98.745 -27.1992 -1.87842
      vertex 98.745 -18.5708 -1.87842
    endloop
  endfacet
  facet normal -1 0 0
    outer loop
      vertex 98.745 -27.885 -3.82
      vertex 98.745 -27.1992 -1.87842
      vertex 98.745 -17.885 -3.82
    endloop
  endfacet
  facet normal -1 -0 0
    outer loop
      vertex 98.745 -27.1992 -1.87842
      vertex 98.745 -27.885 -3.82
      vertex 98.745 -33.8275 -1.87842
    endloop
  endfacet
  facet normal -0.233602 0.972332 0
    outer loop
      vertex 97.363 -44.6721 -6
      vertex 97.0579 -44.7454 0
      vertex 97.363 -44.6721 0
    endloop
  endfacet
  facet normal -0.233602 0.972332 0
    outer loop
      vertex 97.0579 -44.7454 0
      vertex 97.363 -44.6721 -6
      vertex 97.0579 -44.7454 -6
    endloop
  endfacet
  facet normal -0.382624 -0.923904 0
    outer loop
      vertex 97.363 -1.09789 -6
      vertex 97.653 -1.21799 0
      vertex 97.363 -1.09789 0
    endloop
  endfacet
  facet normal -0.382624 -0.923904 -0
    outer loop
      vertex 97.653 -1.21799 0
      vertex 97.363 -1.09789 -6
      vertex 97.653 -1.21799 -6
    endloop
  endfacet
  facet normal -0.233512 -0.972354 0
    outer loop
      vertex 97.0579 -1.02462 -6
      vertex 97.363 -1.09789 0
      vertex 97.0579 -1.02462 0
    endloop
  endfacet
  facet normal -0.233512 -0.972354 -0
    outer loop
      vertex 97.363 -1.09789 0
      vertex 97.0579 -1.02462 -6
      vertex 97.363 -1.09789 -6
    endloop
  endfacet
  facet normal -0.382624 0.923904 0
    outer loop
      vertex 97.653 -44.552 -6
      vertex 97.363 -44.6721 0
      vertex 97.653 -44.552 0
    endloop
  endfacet
  facet normal -0.382624 0.923904 0
    outer loop
      vertex 97.363 -44.6721 0
      vertex 97.653 -44.552 -6
      vertex 97.363 -44.6721 -6
    endloop
  endfacet
  facet normal -0.649478 0.76038 0
    outer loop
      vertex 98.1592 -44.1842 -6
      vertex 97.9206 -44.388 0
      vertex 98.1592 -44.1842 0
    endloop
  endfacet
  facet normal -0.649478 0.76038 0
    outer loop
      vertex 97.9206 -44.388 0
      vertex 98.1592 -44.1842 -6
      vertex 97.9206 -44.388 -6
    endloop
  endfacet
  facet normal -0.996924 0.0783775 0
    outer loop
      vertex 98.7204 -43.0829 -6
      vertex 98.745 -42.77 0
      vertex 98.745 -42.77 -6
    endloop
  endfacet
  facet normal -0.996924 0.0783775 0
    outer loop
      vertex 98.745 -42.77 0
      vertex 98.7204 -43.0829 -6
      vertex 98.7204 -43.0829 0
    endloop
  endfacet
  facet normal -0.923881 -0.38268 0
    outer loop
      vertex 98.6471 -2.38197 -6
      vertex 98.527 -2.09202 0
      vertex 98.527 -2.09202 -6
    endloop
  endfacet
  facet normal -0.923881 -0.38268 0
    outer loop
      vertex 98.527 -2.09202 0
      vertex 98.6471 -2.38197 -6
      vertex 98.6471 -2.38197 0
    endloop
  endfacet
  facet normal -0.996923 -0.078385 0
    outer loop
      vertex 98.745 -3 -6
      vertex 98.7204 -2.68713 0
      vertex 98.7204 -2.68713 -6
    endloop
  endfacet
  facet normal -0.996923 -0.078385 0
    outer loop
      vertex 98.7204 -2.68713 0
      vertex 98.745 -3 -6
      vertex 98.745 -3 0
    endloop
  endfacet
  facet normal -0.760434 -0.649415 0
    outer loop
      vertex 98.363 -1.82443 -6
      vertex 98.1592 -1.58579 0
      vertex 98.1592 -1.58579 -6
    endloop
  endfacet
  facet normal -0.760434 -0.649415 0
    outer loop
      vertex 98.1592 -1.58579 0
      vertex 98.363 -1.82443 -6
      vertex 98.363 -1.82443 0
    endloop
  endfacet
  facet normal -0.522532 0.85262 0
    outer loop
      vertex 97.9206 -44.388 -6
      vertex 97.653 -44.552 0
      vertex 97.9206 -44.388 0
    endloop
  endfacet
  facet normal -0.522532 0.85262 0
    outer loop
      vertex 97.653 -44.552 0
      vertex 97.9206 -44.388 -6
      vertex 97.653 -44.552 -6
    endloop
  endfacet
  facet normal -0.649515 -0.760349 0
    outer loop
      vertex 97.9206 -1.38197 -6
      vertex 98.1592 -1.58579 0
      vertex 97.9206 -1.38197 0
    endloop
  endfacet
  facet normal -0.649515 -0.760349 -0
    outer loop
      vertex 98.1592 -1.58579 0
      vertex 97.9206 -1.38197 -6
      vertex 98.1592 -1.58579 -6
    endloop
  endfacet
  facet normal -0.76038 0.649478 0
    outer loop
      vertex 98.1592 -44.1842 -6
      vertex 98.363 -43.9456 0
      vertex 98.363 -43.9456 -6
    endloop
  endfacet
  facet normal -0.76038 0.649478 0
    outer loop
      vertex 98.363 -43.9456 0
      vertex 98.1592 -44.1842 -6
      vertex 98.1592 -44.1842 0
    endloop
  endfacet
  facet normal -0.972343 -0.233559 0
    outer loop
      vertex 98.7204 -2.68713 -6
      vertex 98.6471 -2.38197 0
      vertex 98.6471 -2.38197 -6
    endloop
  endfacet
  facet normal -0.972343 -0.233559 0
    outer loop
      vertex 98.6471 -2.38197 0
      vertex 98.7204 -2.68713 -6
      vertex 98.7204 -2.68713 0
    endloop
  endfacet
  facet normal -0.852611 -0.522546 0
    outer loop
      vertex 98.527 -2.09202 -6
      vertex 98.363 -1.82443 0
      vertex 98.363 -1.82443 -6
    endloop
  endfacet
  facet normal -0.852611 -0.522546 0
    outer loop
      vertex 98.363 -1.82443 0
      vertex 98.527 -2.09202 -6
      vertex 98.527 -2.09202 0
    endloop
  endfacet
  facet normal -0.923904 0.382624 0
    outer loop
      vertex 98.527 -43.678 -6
      vertex 98.6471 -43.388 0
      vertex 98.6471 -43.388 -6
    endloop
  endfacet
  facet normal -0.923904 0.382624 0
    outer loop
      vertex 98.6471 -43.388 0
      vertex 98.527 -43.678 -6
      vertex 98.527 -43.678 0
    endloop
  endfacet
  facet normal -0.972332 0.233602 0
    outer loop
      vertex 98.6471 -43.388 -6
      vertex 98.7204 -43.0829 0
      vertex 98.7204 -43.0829 -6
    endloop
  endfacet
  facet normal -0.972332 0.233602 0
    outer loop
      vertex 98.7204 -43.0829 0
      vertex 98.6471 -43.388 -6
      vertex 98.6471 -43.388 0
    endloop
  endfacet
  facet normal -0.85262 0.522532 0
    outer loop
      vertex 98.363 -43.9456 -6
      vertex 98.527 -43.678 0
      vertex 98.527 -43.678 -6
    endloop
  endfacet
  facet normal -0.85262 0.522532 0
    outer loop
      vertex 98.527 -43.678 0
      vertex 98.363 -43.9456 -6
      vertex 98.363 -43.9456 0
    endloop
  endfacet
  facet normal 0 0 1
    outer loop
      vertex 96.745 -1 -6
      vertex 98.745 -3 -6
      vertex 98.7204 -2.68713 -6
    endloop
  endfacet
  facet normal 0 0 1
    outer loop
      vertex 98.745 -3 -6
      vertex 95.8 -23.2 -6
      vertex 98.745 -42.77 -6
    endloop
  endfacet
  facet normal 0 0 1
    outer loop
      vertex 96.745 -1 -6
      vertex 98.7204 -2.68713 -6
      vertex 98.6471 -2.38197 -6
    endloop
  endfacet
  facet normal 0 0 1
    outer loop
      vertex 90.245 -43.77 -6
      vertex 98.745 -42.77 -6
      vertex 95.8 -23.2 -6
    endloop
  endfacet
  facet normal 0 0 1
    outer loop
      vertex 96.745 -1 -6
      vertex 98.6471 -2.38197 -6
      vertex 98.527 -2.09202 -6
    endloop
  endfacet
  facet normal 0 -0 1
    outer loop
      vertex 96.745 -44.77 -6
      vertex 98.745 -42.77 -6
      vertex 90.245 -43.77 -6
    endloop
  endfacet
  facet normal 0 0 1
    outer loop
      vertex 96.745 -1 -6
      vertex 98.527 -2.09202 -6
      vertex 98.363 -1.82443 -6
    endloop
  endfacet
  facet normal 0 0 1
    outer loop
      vertex 98.745 -42.77 -6
      vertex 96.745 -44.77 -6
      vertex 98.7204 -43.0829 -6
    endloop
  endfacet
  facet normal 0 0 1
    outer loop
      vertex 96.745 -1 -6
      vertex 98.363 -1.82443 -6
      vertex 98.1592 -1.58579 -6
    endloop
  endfacet
  facet normal 0 0 1
    outer loop
      vertex 98.7204 -43.0829 -6
      vertex 96.745 -44.77 -6
      vertex 98.6471 -43.388 -6
    endloop
  endfacet
  facet normal 0 0 1
    outer loop
      vertex 96.745 -1 -6
      vertex 98.1592 -1.58579 -6
      vertex 97.9206 -1.38197 -6
    endloop
  endfacet
  facet normal 0 0 1
    outer loop
      vertex 98.6471 -43.388 -6
      vertex 96.745 -44.77 -6
      vertex 98.527 -43.678 -6
    endloop
  endfacet
  facet normal 0 0 1
    outer loop
      vertex 96.745 -1 -6
      vertex 97.9206 -1.38197 -6
      vertex 97.653 -1.21799 -6
    endloop
  endfacet
  facet normal 0 0 1
    outer loop
      vertex 98.527 -43.678 -6
      vertex 96.745 -44.77 -6
      vertex 98.363 -43.9456 -6
    endloop
  endfacet
  facet normal 0 0 1
    outer loop
      vertex 96.745 -1 -6
      vertex 97.653 -1.21799 -6
      vertex 97.363 -1.09789 -6
    endloop
  endfacet
  facet normal 0 0 1
    outer loop
      vertex 98.363 -43.9456 -6
      vertex 96.745 -44.77 -6
      vertex 98.1592 -44.1842 -6
    endloop
  endfacet
  facet normal 0 0 1
    outer loop
      vertex 96.745 -1 -6
      vertex 97.363 -1.09789 -6
      vertex 97.0579 -1.02462 -6
    endloop
  endfacet
  facet normal 0 0 1
    outer loop
      vertex 98.1592 -44.1842 -6
      vertex 96.745 -44.77 -6
      vertex 97.9206 -44.388 -6
    endloop
  endfacet
  facet normal 0 0 1
    outer loop
      vertex 98.745 -3 -6
      vertex 96.745 -1 -6
      vertex 90.245 -2 -6
    endloop
  endfacet
  facet normal 0 0 1
    outer loop
      vertex 97.653 -44.552 -6
      vertex 96.745 -44.77 -6
      vertex 97.363 -44.6721 -6
    endloop
  endfacet
  facet normal 0 0 1
    outer loop
      vertex 98.745 -3 -6
      vertex 95.8 -18.2 -6
      vertex 95.8 -23.2 -6
    endloop
  endfacet
  facet normal 0 0 1
    outer loop
      vertex 98.745 -3 -6
      vertex 90.245 -2 -6
      vertex 95.8 -18.2 -6
    endloop
  endfacet
  facet normal 0 0 1
    outer loop
      vertex 90.8 -18.2 -6
      vertex 90.245 -2 -6
      vertex 90.8 -23.2 -6
    endloop
  endfacet
  facet normal 0 0 1
    outer loop
      vertex 95.8 -18.2 -6
      vertex 90.245 -2 -6
      vertex 90.8 -18.2 -6
    endloop
  endfacet
  facet normal 0 0 1
    outer loop
      vertex 96.745 -1 -6
      vertex 90.2327 -1.84356 -6
      vertex 90.245 -2 -6
    endloop
  endfacet
  facet normal 0 0 1
    outer loop
      vertex 96.745 -1 -6
      vertex 90.1961 -1.69098 -6
      vertex 90.2327 -1.84356 -6
    endloop
  endfacet
  facet normal 0 0 1
    outer loop
      vertex 96.745 -1 -6
      vertex 90.136 -1.54601 -6
      vertex 90.1961 -1.69098 -6
    endloop
  endfacet
  facet normal 0 0 1
    outer loop
      vertex 96.745 -1 -6
      vertex 90.054 -1.41221 -6
      vertex 90.136 -1.54601 -6
    endloop
  endfacet
  facet normal 0 0 1
    outer loop
      vertex 96.745 -1 -6
      vertex 89.9521 -1.29289 -6
      vertex 90.054 -1.41221 -6
    endloop
  endfacet
  facet normal 0 0 1
    outer loop
      vertex 96.745 -1 -6
      vertex 89.8328 -1.19098 -6
      vertex 89.9521 -1.29289 -6
    endloop
  endfacet
  facet normal 0 0 1
    outer loop
      vertex 96.745 -1 -6
      vertex 89.699 -1.10899 -6
      vertex 89.8328 -1.19098 -6
    endloop
  endfacet
  facet normal 0 0 1
    outer loop
      vertex 96.745 -1 -6
      vertex 89.554 -1.04894 -6
      vertex 89.699 -1.10899 -6
    endloop
  endfacet
  facet normal 0 0 1
    outer loop
      vertex 96.745 -1 -6
      vertex 89.4014 -1.01231 -6
      vertex 89.554 -1.04894 -6
    endloop
  endfacet
  facet normal 0 -0 1
    outer loop
      vertex 89.4014 -1.01231 -6
      vertex 96.745 -1 -6
      vertex 89.245 -1 -6
    endloop
  endfacet
  facet normal 0 0 1
    outer loop
      vertex 97.363 -44.6721 -6
      vertex 96.745 -44.77 -6
      vertex 97.0579 -44.7454 -6
    endloop
  endfacet
  facet normal 0 0 1
    outer loop
      vertex 90.245 -43.77 -6
      vertex 95.8 -23.2 -6
      vertex 90.8 -23.2 -6
    endloop
  endfacet
  facet normal 0 0 1
    outer loop
      vertex 90.245 -43.77 -6
      vertex 90.8 -23.2 -6
      vertex 90.245 -2 -6
    endloop
  endfacet
  facet normal 0 0 1
    outer loop
      vertex 97.9206 -44.388 -6
      vertex 96.745 -44.77 -6
      vertex 97.653 -44.552 -6
    endloop
  endfacet
  facet normal -0 0 1
    outer loop
      vertex 90.2327 -43.9264 -6
      vertex 96.745 -44.77 -6
      vertex 90.245 -43.77 -6
    endloop
  endfacet
  facet normal -0 0 1
    outer loop
      vertex 90.1961 -44.079 -6
      vertex 96.745 -44.77 -6
      vertex 90.2327 -43.9264 -6
    endloop
  endfacet
  facet normal -0 0 1
    outer loop
      vertex 90.136 -44.224 -6
      vertex 96.745 -44.77 -6
      vertex 90.1961 -44.079 -6
    endloop
  endfacet
  facet normal -0 0 1
    outer loop
      vertex 90.054 -44.3578 -6
      vertex 96.745 -44.77 -6
      vertex 90.136 -44.224 -6
    endloop
  endfacet
  facet normal -0 0 1
    outer loop
      vertex 89.9521 -44.4771 -6
      vertex 96.745 -44.77 -6
      vertex 90.054 -44.3578 -6
    endloop
  endfacet
  facet normal -0 0 1
    outer loop
      vertex 89.8328 -44.579 -6
      vertex 96.745 -44.77 -6
      vertex 89.9521 -44.4771 -6
    endloop
  endfacet
  facet normal -0 0 1
    outer loop
      vertex 89.699 -44.661 -6
      vertex 96.745 -44.77 -6
      vertex 89.8328 -44.579 -6
    endloop
  endfacet
  facet normal -0 0 1
    outer loop
      vertex 89.554 -44.7211 -6
      vertex 96.745 -44.77 -6
      vertex 89.699 -44.661 -6
    endloop
  endfacet
  facet normal -0 0 1
    outer loop
      vertex 89.4014 -44.7577 -6
      vertex 96.745 -44.77 -6
      vertex 89.554 -44.7211 -6
    endloop
  endfacet
  facet normal 0 0 1
    outer loop
      vertex 96.745 -44.77 -6
      vertex 89.4014 -44.7577 -6
      vertex 89.245 -44.77 -6
    endloop
  endfacet
  facet normal 0 -1 0
    outer loop
      vertex 1 -18.5708 -0.321584
      vertex 1.44847 -18.5708 -0.468966
      vertex 1.23103 -18.5708 -0.358175
    endloop
  endfacet
  facet normal 0 -1 0
    outer loop
      vertex 1 -18.5708 -0.321584
      vertex 1.62103 -18.5708 -0.641527
      vertex 1.44847 -18.5708 -0.468966
    endloop
  endfacet
  facet normal 0 -1 0
    outer loop
      vertex 1 -18.5708 -0.321584
      vertex 1.73182 -18.5708 -0.858966
      vertex 1.62103 -18.5708 -0.641527
    endloop
  endfacet
  facet normal 0 -1 0
    outer loop
      vertex 1 -18.5708 -0.321584
      vertex 1.77 -18.5708 -1.1
      vertex 1.73182 -18.5708 -0.858966
    endloop
  endfacet
  facet normal 0 -1 0
    outer loop
      vertex 1 -18.5708 -0.321584
      vertex 1.73182 -18.5708 -1.34103
      vertex 1.77 -18.5708 -1.1
    endloop
  endfacet
  facet normal 0 -1 0
    outer loop
      vertex 1 -18.5708 -0.321584
      vertex 1.62103 -18.5708 -1.55847
      vertex 1.73182 -18.5708 -1.34103
    endloop
  endfacet
  facet normal 0 -1 0
    outer loop
      vertex 1 -18.5708 -0.321584
      vertex 1.44847 -18.5708 -1.73103
      vertex 1.62103 -18.5708 -1.55847
    endloop
  endfacet
  facet normal 0 -1 0
    outer loop
      vertex 1 -18.5708 -0.321584
      vertex 1.23103 -18.5708 -1.84182
      vertex 1.44847 -18.5708 -1.73103
    endloop
  endfacet
  facet normal -0 -1 0
    outer loop
      vertex 1.23103 -18.5708 -1.84182
      vertex 1 -18.5708 -0.321584
      vertex 1 -18.5708 -1.87842
    endloop
  endfacet
  facet normal 0.156432 0 0.987689
    outer loop
      vertex 1 -11.9425 -0.321584
      vertex 1.23103 -18.5708 -0.358175
      vertex 1.23103 -11.9425 -0.358175
    endloop
  endfacet
  facet normal 0.156432 0 0.987689
    outer loop
      vertex 1.23103 -18.5708 -0.358175
      vertex 1 -11.9425 -0.321584
      vertex 1 -18.5708 -0.321584
    endloop
  endfacet
  facet normal 0.891008 -0 0.453988
    outer loop
      vertex 1.62103 -18.5708 -0.641527
      vertex 1.73182 -11.9425 -0.858966
      vertex 1.62103 -11.9425 -0.641527
    endloop
  endfacet
  facet normal 0.891008 0 0.453988
    outer loop
      vertex 1.73182 -11.9425 -0.858966
      vertex 1.62103 -18.5708 -0.641527
      vertex 1.73182 -18.5708 -0.858966
    endloop
  endfacet
  facet normal 0 1 0
    outer loop
      vertex 1.44847 -11.9425 -0.468966
      vertex 1 -11.9425 -0.321584
      vertex 1.23103 -11.9425 -0.358175
    endloop
  endfacet
  facet normal 0 1 0
    outer loop
      vertex 1.62103 -11.9425 -0.641527
      vertex 1 -11.9425 -0.321584
      vertex 1.44847 -11.9425 -0.468966
    endloop
  endfacet
  facet normal 0 1 0
    outer loop
      vertex 1.73182 -11.9425 -0.858966
      vertex 1 -11.9425 -0.321584
      vertex 1.62103 -11.9425 -0.641527
    endloop
  endfacet
  facet normal 0 1 0
    outer loop
      vertex 1.77 -11.9425 -1.1
      vertex 1 -11.9425 -0.321584
      vertex 1.73182 -11.9425 -0.858966
    endloop
  endfacet
  facet normal 0 1 -0
    outer loop
      vertex 1.73182 -11.9425 -1.34103
      vertex 1 -11.9425 -0.321584
      vertex 1.77 -11.9425 -1.1
    endloop
  endfacet
  facet normal 0 1 -0
    outer loop
      vertex 1.62103 -11.9425 -1.55847
      vertex 1 -11.9425 -0.321584
      vertex 1.73182 -11.9425 -1.34103
    endloop
  endfacet
  facet normal 0 1 -0
    outer loop
      vertex 1.44847 -11.9425 -1.73103
      vertex 1 -11.9425 -0.321584
      vertex 1.62103 -11.9425 -1.55847
    endloop
  endfacet
  facet normal 0 1 -0
    outer loop
      vertex 1.23103 -11.9425 -1.84182
      vertex 1 -11.9425 -0.321584
      vertex 1.44847 -11.9425 -1.73103
    endloop
  endfacet
  facet normal 0 1 0
    outer loop
      vertex 1 -11.9425 -0.321584
      vertex 1.23103 -11.9425 -1.84182
      vertex 1 -11.9425 -1.87842
    endloop
  endfacet
  facet normal 0.45399 0 0.891007
    outer loop
      vertex 1.23103 -11.9425 -0.358175
      vertex 1.44847 -18.5708 -0.468966
      vertex 1.44847 -11.9425 -0.468966
    endloop
  endfacet
  facet normal 0.45399 0 0.891007
    outer loop
      vertex 1.44847 -18.5708 -0.468966
      vertex 1.23103 -11.9425 -0.358175
      vertex 1.23103 -18.5708 -0.358175
    endloop
  endfacet
  facet normal 0.987686 -0 0.15645
    outer loop
      vertex 1.73182 -18.5708 -0.858966
      vertex 1.77 -11.9425 -1.1
      vertex 1.73182 -11.9425 -0.858966
    endloop
  endfacet
  facet normal 0.987686 0 0.15645
    outer loop
      vertex 1.77 -11.9425 -1.1
      vertex 1.73182 -18.5708 -0.858966
      vertex 1.77 -18.5708 -1.1
    endloop
  endfacet
  facet normal 0.707109 -0 0.707105
    outer loop
      vertex 1.44847 -18.5708 -0.468966
      vertex 1.62103 -11.9425 -0.641527
      vertex 1.44847 -11.9425 -0.468966
    endloop
  endfacet
  facet normal 0.707109 0 0.707105
    outer loop
      vertex 1.62103 -11.9425 -0.641527
      vertex 1.44847 -18.5708 -0.468966
      vertex 1.62103 -18.5708 -0.641527
    endloop
  endfacet
  facet normal 0.987685 0 -0.156453
    outer loop
      vertex 1.77 -18.5708 -1.1
      vertex 1.73182 -11.9425 -1.34103
      vertex 1.77 -11.9425 -1.1
    endloop
  endfacet
  facet normal 0.987685 0 -0.156453
    outer loop
      vertex 1.73182 -11.9425 -1.34103
      vertex 1.77 -18.5708 -1.1
      vertex 1.73182 -18.5708 -1.34103
    endloop
  endfacet
  facet normal 0.891009 0 -0.453987
    outer loop
      vertex 1.73182 -18.5708 -1.34103
      vertex 1.62103 -11.9425 -1.55847
      vertex 1.73182 -11.9425 -1.34103
    endloop
  endfacet
  facet normal 0.891009 0 -0.453987
    outer loop
      vertex 1.62103 -11.9425 -1.55847
      vertex 1.73182 -18.5708 -1.34103
      vertex 1.62103 -18.5708 -1.55847
    endloop
  endfacet
  facet normal 0.15647 0 -0.987683
    outer loop
      vertex 1 -18.5708 -1.87842
      vertex 1.23103 -11.9425 -1.84182
      vertex 1.23103 -18.5708 -1.84182
    endloop
  endfacet
  facet normal 0.15647 0 -0.987683
    outer loop
      vertex 1.23103 -11.9425 -1.84182
      vertex 1 -18.5708 -1.87842
      vertex 1 -11.9425 -1.87842
    endloop
  endfacet
  facet normal 0.707107 0 -0.707107
    outer loop
      vertex 1.62103 -18.5708 -1.55847
      vertex 1.44847 -11.9425 -1.73103
      vertex 1.62103 -11.9425 -1.55847
    endloop
  endfacet
  facet normal 0.707107 0 -0.707107
    outer loop
      vertex 1.44847 -11.9425 -1.73103
      vertex 1.62103 -18.5708 -1.55847
      vertex 1.44847 -18.5708 -1.73103
    endloop
  endfacet
  facet normal 0.453987 0 -0.891009
    outer loop
      vertex 1.23103 -18.5708 -1.84182
      vertex 1.44847 -11.9425 -1.73103
      vertex 1.44847 -18.5708 -1.73103
    endloop
  endfacet
  facet normal 0.453987 0 -0.891009
    outer loop
      vertex 1.44847 -11.9425 -1.73103
      vertex 1.23103 -18.5708 -1.84182
      vertex 1.23103 -11.9425 -1.84182
    endloop
  endfacet
  facet normal -0.45389 0 0.891058
    outer loop
      vertex 98.2965 -11.9425 -0.468966
      vertex 98.514 -18.5708 -0.358175
      vertex 98.514 -11.9425 -0.358175
    endloop
  endfacet
  facet normal -0.45389 0 0.891058
    outer loop
      vertex 98.514 -18.5708 -0.358175
      vertex 98.2965 -11.9425 -0.468966
      vertex 98.2965 -18.5708 -0.468966
    endloop
  endfacet
  facet normal -0.156456 0 0.987685
    outer loop
      vertex 98.514 -11.9425 -0.358175
      vertex 98.745 -18.5708 -0.321583
      vertex 98.745 -11.9425 -0.321583
    endloop
  endfacet
  facet normal -0.156456 0 0.987685
    outer loop
      vertex 98.745 -18.5708 -0.321583
      vertex 98.514 -11.9425 -0.358175
      vertex 98.514 -18.5708 -0.358175
    endloop
  endfacet
  facet normal 0 -1 0
    outer loop
      vertex 98.2965 -18.5708 -0.468966
      vertex 98.745 -18.5708 -0.321583
      vertex 98.514 -18.5708 -0.358175
    endloop
  endfacet
  facet normal 0 -1 0
    outer loop
      vertex 98.124 -18.5708 -0.641527
      vertex 98.745 -18.5708 -0.321583
      vertex 98.2965 -18.5708 -0.468966
    endloop
  endfacet
  facet normal 0 -1 0
    outer loop
      vertex 98.0132 -18.5708 -0.858966
      vertex 98.745 -18.5708 -0.321583
      vertex 98.124 -18.5708 -0.641527
    endloop
  endfacet
  facet normal 0 -1 0
    outer loop
      vertex 97.975 -18.5708 -1.1
      vertex 98.745 -18.5708 -0.321583
      vertex 98.0132 -18.5708 -0.858966
    endloop
  endfacet
  facet normal 0 -1 0
    outer loop
      vertex 98.0132 -18.5708 -1.34103
      vertex 98.745 -18.5708 -0.321583
      vertex 97.975 -18.5708 -1.1
    endloop
  endfacet
  facet normal 0 -1 0
    outer loop
      vertex 98.124 -18.5708 -1.55847
      vertex 98.745 -18.5708 -0.321583
      vertex 98.0132 -18.5708 -1.34103
    endloop
  endfacet
  facet normal 0 -1 0
    outer loop
      vertex 98.2965 -18.5708 -1.73103
      vertex 98.745 -18.5708 -0.321583
      vertex 98.124 -18.5708 -1.55847
    endloop
  endfacet
  facet normal 0 -1 0
    outer loop
      vertex 98.514 -18.5708 -1.84182
      vertex 98.745 -18.5708 -0.321583
      vertex 98.2965 -18.5708 -1.73103
    endloop
  endfacet
  facet normal 0 -1 -0
    outer loop
      vertex 98.745 -18.5708 -0.321583
      vertex 98.514 -18.5708 -1.84182
      vertex 98.745 -18.5708 -1.87842
    endloop
  endfacet
  facet normal -0.890992 0 -0.454019
    outer loop
      vertex 98.124 -18.5708 -1.55847
      vertex 98.0132 -11.9425 -1.34103
      vertex 98.124 -11.9425 -1.55847
    endloop
  endfacet
  facet normal -0.890992 -0 -0.454019
    outer loop
      vertex 98.0132 -11.9425 -1.34103
      vertex 98.124 -18.5708 -1.55847
      vertex 98.0132 -18.5708 -1.34103
    endloop
  endfacet
  facet normal -0.453887 0 -0.891059
    outer loop
      vertex 98.2965 -18.5708 -1.73103
      vertex 98.514 -11.9425 -1.84182
      vertex 98.514 -18.5708 -1.84182
    endloop
  endfacet
  facet normal -0.453887 0 -0.891059
    outer loop
      vertex 98.514 -11.9425 -1.84182
      vertex 98.2965 -18.5708 -1.73103
      vertex 98.2965 -11.9425 -1.73103
    endloop
  endfacet
  facet normal -0.890991 0 0.454021
    outer loop
      vertex 98.0132 -18.5708 -0.858966
      vertex 98.124 -11.9425 -0.641527
      vertex 98.0132 -11.9425 -0.858966
    endloop
  endfacet
  facet normal -0.890991 0 0.454021
    outer loop
      vertex 98.124 -11.9425 -0.641527
      vertex 98.0132 -18.5708 -0.858966
      vertex 98.124 -18.5708 -0.641527
    endloop
  endfacet
  facet normal -0.70723 0 -0.706984
    outer loop
      vertex 98.124 -18.5708 -1.55847
      vertex 98.2965 -11.9425 -1.73103
      vertex 98.2965 -18.5708 -1.73103
    endloop
  endfacet
  facet normal -0.70723 0 -0.706984
    outer loop
      vertex 98.2965 -11.9425 -1.73103
      vertex 98.124 -18.5708 -1.55847
      vertex 98.124 -11.9425 -1.55847
    endloop
  endfacet
  facet normal -0.987673 0 -0.156533
    outer loop
      vertex 98.0132 -18.5708 -1.34103
      vertex 97.975 -11.9425 -1.1
      vertex 98.0132 -11.9425 -1.34103
    endloop
  endfacet
  facet normal -0.987673 -0 -0.156533
    outer loop
      vertex 97.975 -11.9425 -1.1
      vertex 98.0132 -18.5708 -1.34103
      vertex 97.975 -18.5708 -1.1
    endloop
  endfacet
  facet normal -0.987673 0 0.15653
    outer loop
      vertex 97.975 -18.5708 -1.1
      vertex 98.0132 -11.9425 -0.858966
      vertex 97.975 -11.9425 -1.1
    endloop
  endfacet
  facet normal -0.987673 0 0.15653
    outer loop
      vertex 98.0132 -11.9425 -0.858966
      vertex 97.975 -18.5708 -1.1
      vertex 98.0132 -18.5708 -0.858966
    endloop
  endfacet
  facet normal -0.156489 0 -0.98768
    outer loop
      vertex 98.514 -18.5708 -1.84182
      vertex 98.745 -11.9425 -1.87842
      vertex 98.745 -18.5708 -1.87842
    endloop
  endfacet
  facet normal -0.156489 0 -0.98768
    outer loop
      vertex 98.745 -11.9425 -1.87842
      vertex 98.514 -18.5708 -1.84182
      vertex 98.514 -11.9425 -1.84182
    endloop
  endfacet
  facet normal 0 1 0
    outer loop
      vertex 98.745 -11.9425 -0.321583
      vertex 98.2965 -11.9425 -0.468966
      vertex 98.514 -11.9425 -0.358175
    endloop
  endfacet
  facet normal 0 1 0
    outer loop
      vertex 98.745 -11.9425 -0.321583
      vertex 98.124 -11.9425 -0.641527
      vertex 98.2965 -11.9425 -0.468966
    endloop
  endfacet
  facet normal 0 1 0
    outer loop
      vertex 98.745 -11.9425 -0.321583
      vertex 98.0132 -11.9425 -0.858966
      vertex 98.124 -11.9425 -0.641527
    endloop
  endfacet
  facet normal 0 1 0
    outer loop
      vertex 98.745 -11.9425 -0.321583
      vertex 97.975 -11.9425 -1.1
      vertex 98.0132 -11.9425 -0.858966
    endloop
  endfacet
  facet normal 0 1 0
    outer loop
      vertex 98.745 -11.9425 -0.321583
      vertex 98.0132 -11.9425 -1.34103
      vertex 97.975 -11.9425 -1.1
    endloop
  endfacet
  facet normal 0 1 0
    outer loop
      vertex 98.745 -11.9425 -0.321583
      vertex 98.124 -11.9425 -1.55847
      vertex 98.0132 -11.9425 -1.34103
    endloop
  endfacet
  facet normal 0 1 0
    outer loop
      vertex 98.745 -11.9425 -0.321583
      vertex 98.2965 -11.9425 -1.73103
      vertex 98.124 -11.9425 -1.55847
    endloop
  endfacet
  facet normal 0 1 0
    outer loop
      vertex 98.745 -11.9425 -0.321583
      vertex 98.514 -11.9425 -1.84182
      vertex 98.2965 -11.9425 -1.73103
    endloop
  endfacet
  facet normal -0 1 0
    outer loop
      vertex 98.514 -11.9425 -1.84182
      vertex 98.745 -11.9425 -0.321583
      vertex 98.745 -11.9425 -1.87842
    endloop
  endfacet
  facet normal -0.707232 0 0.706982
    outer loop
      vertex 98.124 -11.9425 -0.641527
      vertex 98.2965 -18.5708 -0.468966
      vertex 98.2965 -11.9425 -0.468966
    endloop
  endfacet
  facet normal -0.707232 0 0.706982
    outer loop
      vertex 98.2965 -18.5708 -0.468966
      vertex 98.124 -11.9425 -0.641527
      vertex 98.124 -18.5708 -0.641527
    endloop
  endfacet
  facet normal 0 -1 0
    outer loop
      vertex 1 -33.8275 -0.321584
      vertex 1.44847 -33.8275 -0.468966
      vertex 1.23103 -33.8275 -0.358175
    endloop
  endfacet
  facet normal 0 -1 0
    outer loop
      vertex 1 -33.8275 -0.321584
      vertex 1.62103 -33.8275 -0.641527
      vertex 1.44847 -33.8275 -0.468966
    endloop
  endfacet
  facet normal 0 -1 0
    outer loop
      vertex 1 -33.8275 -0.321584
      vertex 1.73182 -33.8275 -0.858966
      vertex 1.62103 -33.8275 -0.641527
    endloop
  endfacet
  facet normal 0 -1 0
    outer loop
      vertex 1 -33.8275 -0.321584
      vertex 1.77 -33.8275 -1.1
      vertex 1.73182 -33.8275 -0.858966
    endloop
  endfacet
  facet normal 0 -1 0
    outer loop
      vertex 1 -33.8275 -0.321584
      vertex 1.73182 -33.8275 -1.34103
      vertex 1.77 -33.8275 -1.1
    endloop
  endfacet
  facet normal 0 -1 0
    outer loop
      vertex 1 -33.8275 -0.321584
      vertex 1.62103 -33.8275 -1.55847
      vertex 1.73182 -33.8275 -1.34103
    endloop
  endfacet
  facet normal 0 -1 0
    outer loop
      vertex 1 -33.8275 -0.321584
      vertex 1.44847 -33.8275 -1.73103
      vertex 1.62103 -33.8275 -1.55847
    endloop
  endfacet
  facet normal 0 -1 0
    outer loop
      vertex 1 -33.8275 -0.321584
      vertex 1.23103 -33.8275 -1.84182
      vertex 1.44847 -33.8275 -1.73103
    endloop
  endfacet
  facet normal -0 -1 0
    outer loop
      vertex 1.23103 -33.8275 -1.84182
      vertex 1 -33.8275 -0.321584
      vertex 1 -33.8275 -1.87842
    endloop
  endfacet
  facet normal 0.156432 0 0.987689
    outer loop
      vertex 1 -27.1992 -0.321584
      vertex 1.23103 -33.8275 -0.358175
      vertex 1.23103 -27.1992 -0.358175
    endloop
  endfacet
  facet normal 0.156432 0 0.987689
    outer loop
      vertex 1.23103 -33.8275 -0.358175
      vertex 1 -27.1992 -0.321584
      vertex 1 -33.8275 -0.321584
    endloop
  endfacet
  facet normal 0.891008 -0 0.453988
    outer loop
      vertex 1.62103 -33.8275 -0.641527
      vertex 1.73182 -27.1992 -0.858966
      vertex 1.62103 -27.1992 -0.641527
    endloop
  endfacet
  facet normal 0.891008 0 0.453988
    outer loop
      vertex 1.73182 -27.1992 -0.858966
      vertex 1.62103 -33.8275 -0.641527
      vertex 1.73182 -33.8275 -0.858966
    endloop
  endfacet
  facet normal 0 1 0
    outer loop
      vertex 1.44847 -27.1992 -0.468966
      vertex 1 -27.1992 -0.321584
      vertex 1.23103 -27.1992 -0.358175
    endloop
  endfacet
  facet normal 0 1 0
    outer loop
      vertex 1.62103 -27.1992 -0.641527
      vertex 1 -27.1992 -0.321584
      vertex 1.44847 -27.1992 -0.468966
    endloop
  endfacet
  facet normal 0 1 0
    outer loop
      vertex 1.73182 -27.1992 -0.858966
      vertex 1 -27.1992 -0.321584
      vertex 1.62103 -27.1992 -0.641527
    endloop
  endfacet
  facet normal 0 1 0
    outer loop
      vertex 1.77 -27.1992 -1.1
      vertex 1 -27.1992 -0.321584
      vertex 1.73182 -27.1992 -0.858966
    endloop
  endfacet
  facet normal 0 1 -0
    outer loop
      vertex 1.73182 -27.1992 -1.34103
      vertex 1 -27.1992 -0.321584
      vertex 1.77 -27.1992 -1.1
    endloop
  endfacet
  facet normal 0 1 -0
    outer loop
      vertex 1.62103 -27.1992 -1.55847
      vertex 1 -27.1992 -0.321584
      vertex 1.73182 -27.1992 -1.34103
    endloop
  endfacet
  facet normal 0 1 -0
    outer loop
      vertex 1.44847 -27.1992 -1.73103
      vertex 1 -27.1992 -0.321584
      vertex 1.62103 -27.1992 -1.55847
    endloop
  endfacet
  facet normal 0 1 -0
    outer loop
      vertex 1.23103 -27.1992 -1.84182
      vertex 1 -27.1992 -0.321584
      vertex 1.44847 -27.1992 -1.73103
    endloop
  endfacet
  facet normal 0 1 0
    outer loop
      vertex 1 -27.1992 -0.321584
      vertex 1.23103 -27.1992 -1.84182
      vertex 1 -27.1992 -1.87842
    endloop
  endfacet
  facet normal 0.45399 0 0.891007
    outer loop
      vertex 1.23103 -27.1992 -0.358175
      vertex 1.44847 -33.8275 -0.468966
      vertex 1.44847 -27.1992 -0.468966
    endloop
  endfacet
  facet normal 0.45399 0 0.891007
    outer loop
      vertex 1.44847 -33.8275 -0.468966
      vertex 1.23103 -27.1992 -0.358175
      vertex 1.23103 -33.8275 -0.358175
    endloop
  endfacet
  facet normal 0.987686 -0 0.15645
    outer loop
      vertex 1.73182 -33.8275 -0.858966
      vertex 1.77 -27.1992 -1.1
      vertex 1.73182 -27.1992 -0.858966
    endloop
  endfacet
  facet normal 0.987686 0 0.15645
    outer loop
      vertex 1.77 -27.1992 -1.1
      vertex 1.73182 -33.8275 -0.858966
      vertex 1.77 -33.8275 -1.1
    endloop
  endfacet
  facet normal 0.707109 -0 0.707105
    outer loop
      vertex 1.44847 -33.8275 -0.468966
      vertex 1.62103 -27.1992 -0.641527
      vertex 1.44847 -27.1992 -0.468966
    endloop
  endfacet
  facet normal 0.707109 0 0.707105
    outer loop
      vertex 1.62103 -27.1992 -0.641527
      vertex 1.44847 -33.8275 -0.468966
      vertex 1.62103 -33.8275 -0.641527
    endloop
  endfacet
  facet normal 0.987685 0 -0.156453
    outer loop
      vertex 1.77 -33.8275 -1.1
      vertex 1.73182 -27.1992 -1.34103
      vertex 1.77 -27.1992 -1.1
    endloop
  endfacet
  facet normal 0.987685 0 -0.156453
    outer loop
      vertex 1.73182 -27.1992 -1.34103
      vertex 1.77 -33.8275 -1.1
      vertex 1.73182 -33.8275 -1.34103
    endloop
  endfacet
  facet normal 0.891009 0 -0.453987
    outer loop
      vertex 1.73182 -33.8275 -1.34103
      vertex 1.62103 -27.1992 -1.55847
      vertex 1.73182 -27.1992 -1.34103
    endloop
  endfacet
  facet normal 0.891009 0 -0.453987
    outer loop
      vertex 1.62103 -27.1992 -1.55847
      vertex 1.73182 -33.8275 -1.34103
      vertex 1.62103 -33.8275 -1.55847
    endloop
  endfacet
  facet normal 0.15647 0 -0.987683
    outer loop
      vertex 1 -33.8275 -1.87842
      vertex 1.23103 -27.1992 -1.84182
      vertex 1.23103 -33.8275 -1.84182
    endloop
  endfacet
  facet normal 0.15647 0 -0.987683
    outer loop
      vertex 1.23103 -27.1992 -1.84182
      vertex 1 -33.8275 -1.87842
      vertex 1 -27.1992 -1.87842
    endloop
  endfacet
  facet normal 0.707107 0 -0.707107
    outer loop
      vertex 1.62103 -33.8275 -1.55847
      vertex 1.44847 -27.1992 -1.73103
      vertex 1.62103 -27.1992 -1.55847
    endloop
  endfacet
  facet normal 0.707107 0 -0.707107
    outer loop
      vertex 1.44847 -27.1992 -1.73103
      vertex 1.62103 -33.8275 -1.55847
      vertex 1.44847 -33.8275 -1.73103
    endloop
  endfacet
  facet normal 0.453987 0 -0.891009
    outer loop
      vertex 1.23103 -33.8275 -1.84182
      vertex 1.44847 -27.1992 -1.73103
      vertex 1.44847 -33.8275 -1.73103
    endloop
  endfacet
  facet normal 0.453987 0 -0.891009
    outer loop
      vertex 1.44847 -27.1992 -1.73103
      vertex 1.23103 -33.8275 -1.84182
      vertex 1.23103 -27.1992 -1.84182
    endloop
  endfacet
  facet normal -0.45389 0 0.891058
    outer loop
      vertex 98.2965 -27.1992 -0.468966
      vertex 98.514 -33.8275 -0.358175
      vertex 98.514 -27.1992 -0.358175
    endloop
  endfacet
  facet normal -0.45389 0 0.891058
    outer loop
      vertex 98.514 -33.8275 -0.358175
      vertex 98.2965 -27.1992 -0.468966
      vertex 98.2965 -33.8275 -0.468966
    endloop
  endfacet
  facet normal -0.156456 0 0.987685
    outer loop
      vertex 98.514 -27.1992 -0.358175
      vertex 98.745 -33.8275 -0.321583
      vertex 98.745 -27.1992 -0.321583
    endloop
  endfacet
  facet normal -0.156456 0 0.987685
    outer loop
      vertex 98.745 -33.8275 -0.321583
      vertex 98.514 -27.1992 -0.358175
      vertex 98.514 -33.8275 -0.358175
    endloop
  endfacet
  facet normal 0 -1 0
    outer loop
      vertex 98.2965 -33.8275 -0.468966
      vertex 98.745 -33.8275 -0.321583
      vertex 98.514 -33.8275 -0.358175
    endloop
  endfacet
  facet normal 0 -1 0
    outer loop
      vertex 98.124 -33.8275 -0.641527
      vertex 98.745 -33.8275 -0.321583
      vertex 98.2965 -33.8275 -0.468966
    endloop
  endfacet
  facet normal 0 -1 0
    outer loop
      vertex 98.0132 -33.8275 -0.858966
      vertex 98.745 -33.8275 -0.321583
      vertex 98.124 -33.8275 -0.641527
    endloop
  endfacet
  facet normal 0 -1 0
    outer loop
      vertex 97.975 -33.8275 -1.1
      vertex 98.745 -33.8275 -0.321583
      vertex 98.0132 -33.8275 -0.858966
    endloop
  endfacet
  facet normal 0 -1 0
    outer loop
      vertex 98.0132 -33.8275 -1.34103
      vertex 98.745 -33.8275 -0.321583
      vertex 97.975 -33.8275 -1.1
    endloop
  endfacet
  facet normal 0 -1 0
    outer loop
      vertex 98.124 -33.8275 -1.55847
      vertex 98.745 -33.8275 -0.321583
      vertex 98.0132 -33.8275 -1.34103
    endloop
  endfacet
  facet normal 0 -1 0
    outer loop
      vertex 98.2965 -33.8275 -1.73103
      vertex 98.745 -33.8275 -0.321583
      vertex 98.124 -33.8275 -1.55847
    endloop
  endfacet
  facet normal 0 -1 0
    outer loop
      vertex 98.514 -33.8275 -1.84182
      vertex 98.745 -33.8275 -0.321583
      vertex 98.2965 -33.8275 -1.73103
    endloop
  endfacet
  facet normal 0 -1 -0
    outer loop
      vertex 98.745 -33.8275 -0.321583
      vertex 98.514 -33.8275 -1.84182
      vertex 98.745 -33.8275 -1.87842
    endloop
  endfacet
  facet normal -0.890992 0 -0.454019
    outer loop
      vertex 98.124 -33.8275 -1.55847
      vertex 98.0132 -27.1992 -1.34103
      vertex 98.124 -27.1992 -1.55847
    endloop
  endfacet
  facet normal -0.890992 -0 -0.454019
    outer loop
      vertex 98.0132 -27.1992 -1.34103
      vertex 98.124 -33.8275 -1.55847
      vertex 98.0132 -33.8275 -1.34103
    endloop
  endfacet
  facet normal -0.453887 0 -0.891059
    outer loop
      vertex 98.2965 -33.8275 -1.73103
      vertex 98.514 -27.1992 -1.84182
      vertex 98.514 -33.8275 -1.84182
    endloop
  endfacet
  facet normal -0.453887 0 -0.891059
    outer loop
      vertex 98.514 -27.1992 -1.84182
      vertex 98.2965 -33.8275 -1.73103
      vertex 98.2965 -27.1992 -1.73103
    endloop
  endfacet
  facet normal -0.890991 0 0.454021
    outer loop
      vertex 98.0132 -33.8275 -0.858966
      vertex 98.124 -27.1992 -0.641527
      vertex 98.0132 -27.1992 -0.858966
    endloop
  endfacet
  facet normal -0.890991 0 0.454021
    outer loop
      vertex 98.124 -27.1992 -0.641527
      vertex 98.0132 -33.8275 -0.858966
      vertex 98.124 -33.8275 -0.641527
    endloop
  endfacet
  facet normal -0.987673 0 -0.156533
    outer loop
      vertex 98.0132 -33.8275 -1.34103
      vertex 97.975 -27.1992 -1.1
      vertex 98.0132 -27.1992 -1.34103
    endloop
  endfacet
  facet normal -0.987673 -0 -0.156533
    outer loop
      vertex 97.975 -27.1992 -1.1
      vertex 98.0132 -33.8275 -1.34103
      vertex 97.975 -33.8275 -1.1
    endloop
  endfacet
  facet normal -0.987673 0 0.15653
    outer loop
      vertex 97.975 -33.8275 -1.1
      vertex 98.0132 -27.1992 -0.858966
      vertex 97.975 -27.1992 -1.1
    endloop
  endfacet
  facet normal -0.987673 0 0.15653
    outer loop
      vertex 98.0132 -27.1992 -0.858966
      vertex 97.975 -33.8275 -1.1
      vertex 98.0132 -33.8275 -0.858966
    endloop
  endfacet
  facet normal -0.156489 0 -0.98768
    outer loop
      vertex 98.514 -33.8275 -1.84182
      vertex 98.745 -27.1992 -1.87842
      vertex 98.745 -33.8275 -1.87842
    endloop
  endfacet
  facet normal -0.156489 0 -0.98768
    outer loop
      vertex 98.745 -27.1992 -1.87842
      vertex 98.514 -33.8275 -1.84182
      vertex 98.514 -27.1992 -1.84182
    endloop
  endfacet
  facet normal 0 1 0
    outer loop
      vertex 98.745 -27.1992 -0.321583
      vertex 98.2965 -27.1992 -0.468966
      vertex 98.514 -27.1992 -0.358175
    endloop
  endfacet
  facet normal 0 1 0
    outer loop
      vertex 98.745 -27.1992 -0.321583
      vertex 98.124 -27.1992 -0.641527
      vertex 98.2965 -27.1992 -0.468966
    endloop
  endfacet
  facet normal 0 1 0
    outer loop
      vertex 98.745 -27.1992 -0.321583
      vertex 98.0132 -27.1992 -0.858966
      vertex 98.124 -27.1992 -0.641527
    endloop
  endfacet
  facet normal 0 1 0
    outer loop
      vertex 98.745 -27.1992 -0.321583
      vertex 97.975 -27.1992 -1.1
      vertex 98.0132 -27.1992 -0.858966
    endloop
  endfacet
  facet normal 0 1 0
    outer loop
      vertex 98.745 -27.1992 -0.321583
      vertex 98.0132 -27.1992 -1.34103
      vertex 97.975 -27.1992 -1.1
    endloop
  endfacet
  facet normal 0 1 0
    outer loop
      vertex 98.745 -27.1992 -0.321583
      vertex 98.124 -27.1992 -1.55847
      vertex 98.0132 -27.1992 -1.34103
    endloop
  endfacet
  facet normal 0 1 0
    outer loop
      vertex 98.745 -27.1992 -0.321583
      vertex 98.2965 -27.1992 -1.73103
      vertex 98.124 -27.1992 -1.55847
    endloop
  endfacet
  facet normal 0 1 0
    outer loop
      vertex 98.745 -27.1992 -0.321583
      vertex 98.514 -27.1992 -1.84182
      vertex 98.2965 -27.1992 -1.73103
    endloop
  endfacet
  facet normal -0 1 0
    outer loop
      vertex 98.514 -27.1992 -1.84182
      vertex 98.745 -27.1992 -0.321583
      vertex 98.745 -27.1992 -1.87842
    endloop
  endfacet
  facet normal -0.70723 0 -0.706984
    outer loop
      vertex 98.124 -33.8275 -1.55847
      vertex 98.2965 -27.1992 -1.73103
      vertex 98.2965 -33.8275 -1.73103
    endloop
  endfacet
  facet normal -0.70723 0 -0.706984
    outer loop
      vertex 98.2965 -27.1992 -1.73103
      vertex 98.124 -33.8275 -1.55847
      vertex 98.124 -27.1992 -1.55847
    endloop
  endfacet
  facet normal -0.707232 0 0.706982
    outer loop
      vertex 98.124 -27.1992 -0.641527
      vertex 98.2965 -33.8275 -0.468966
      vertex 98.2965 -27.1992 -0.468966
    endloop
  endfacet
  facet normal -0.707232 0 0.706982
    outer loop
      vertex 98.2965 -33.8275 -0.468966
      vertex 98.124 -27.1992 -0.641527
      vertex 98.124 -33.8275 -0.641527
    endloop
  endfacet
  facet normal -0 -1 0
    outer loop
      vertex 2.99 -27.885 -3.82
      vertex 1 -27.885 -3.82
      vertex 1 -27.885 -5.81
    endloop
  endfacet
  facet normal -0 0 1
    outer loop
      vertex 1 -17.885 -3.82
      vertex 2.99 -27.885 -3.82
      vertex 2.99 -17.885 -3.82
    endloop
  endfacet
  facet normal 0 0 1
    outer loop
      vertex 2.99 -27.885 -3.82
      vertex 1 -17.885 -3.82
      vertex 1 -27.885 -3.82
    endloop
  endfacet
  facet normal 0 1 0
    outer loop
      vertex 1 -17.885 -5.81
      vertex 1 -17.885 -3.82
      vertex 2.99 -17.885 -3.82
    endloop
  endfacet
  facet normal 0.707107 0 -0.707107
    outer loop
      vertex 2.99 -27.885 -3.82
      vertex 1 -17.885 -5.81
      vertex 2.99 -17.885 -3.82
    endloop
  endfacet
  facet normal 0.707107 0 -0.707107
    outer loop
      vertex 1 -17.885 -5.81
      vertex 2.99 -27.885 -3.82
      vertex 1 -27.885 -5.81
    endloop
  endfacet
  facet normal 0 1 -0
    outer loop
      vertex 98.745 -17.885 -5.81
      vertex 96.755 -17.885 -3.82
      vertex 98.745 -17.885 -3.82
    endloop
  endfacet
  facet normal -0 0 1
    outer loop
      vertex 96.755 -17.885 -3.82
      vertex 98.745 -27.885 -3.82
      vertex 98.745 -17.885 -3.82
    endloop
  endfacet
  facet normal 0 0 1
    outer loop
      vertex 98.745 -27.885 -3.82
      vertex 96.755 -17.885 -3.82
      vertex 96.755 -27.885 -3.82
    endloop
  endfacet
  facet normal -0.707107 0 -0.707107
    outer loop
      vertex 96.755 -27.885 -3.82
      vertex 98.745 -17.885 -5.81
      vertex 98.745 -27.885 -5.81
    endloop
  endfacet
  facet normal -0.707107 0 -0.707107
    outer loop
      vertex 98.745 -17.885 -5.81
      vertex 96.755 -27.885 -3.82
      vertex 96.755 -17.885 -3.82
    endloop
  endfacet
  facet normal -0 -1 -0
    outer loop
      vertex 98.745 -27.885 -3.82
      vertex 96.755 -27.885 -3.82
      vertex 98.745 -27.885 -5.81
    endloop
  endfacet
  facet normal 1 -0 0
    outer loop
      vertex 69.8725 -50.76 0
      vertex 69.8725 -45.77 -2
      vertex 69.8725 -45.77 0
    endloop
  endfacet
  facet normal 1 0 0
    outer loop
      vertex 69.8725 -45.77 -2
      vertex 69.8725 -50.76 0
      vertex 69.8725 -50.76 -2
    endloop
  endfacet
  facet normal 0 0 -1
    outer loop
      vertex 69.8109 -51.5422 -2
      vertex 66.8479 -51.0729 -2
      vertex 66.8725 -50.76 -2
    endloop
  endfacet
  facet normal 0 0 -1
    outer loop
      vertex 67.8114 -54.8051 -2
      vertex 66.7746 -51.378 -2
      vertex 66.8479 -51.0729 -2
    endloop
  endfacet
  facet normal 0 0 -1
    outer loop
      vertex 67.8114 -54.8051 -2
      vertex 66.6545 -51.668 -2
      vertex 66.7746 -51.378 -2
    endloop
  endfacet
  facet normal 0 0 -1
    outer loop
      vertex 67.8114 -54.8051 -2
      vertex 66.4905 -51.9356 -2
      vertex 66.6545 -51.668 -2
    endloop
  endfacet
  facet normal 0 0 -1
    outer loop
      vertex 65.7805 -52.542 -2
      vertex 67.1424 -55.215 -2
      vertex 66.4176 -55.5153 -2
    endloop
  endfacet
  facet normal 0 0 -1
    outer loop
      vertex 67.8114 -54.8051 -2
      vertex 66.2867 -52.1742 -2
      vertex 66.4905 -51.9356 -2
    endloop
  endfacet
  facet normal 0 0 -1
    outer loop
      vertex 67.8114 -54.8051 -2
      vertex 66.0481 -52.378 -2
      vertex 66.2867 -52.1742 -2
    endloop
  endfacet
  facet normal 0 0 -1
    outer loop
      vertex 67.1424 -55.215 -2
      vertex 65.7805 -52.542 -2
      vertex 66.0481 -52.378 -2
    endloop
  endfacet
  facet normal 0 0 -1
    outer loop
      vertex 65.4905 -52.6621 -2
      vertex 66.4176 -55.5153 -2
      vertex 65.6547 -55.6984 -2
    endloop
  endfacet
  facet normal 0 0 -1
    outer loop
      vertex 66.4176 -55.5153 -2
      vertex 65.4905 -52.6621 -2
      vertex 65.7805 -52.542 -2
    endloop
  endfacet
  facet normal 0 0 -1
    outer loop
      vertex 65.6547 -55.6984 -2
      vertex 65.1854 -52.7354 -2
      vertex 65.4905 -52.6621 -2
    endloop
  endfacet
  facet normal 0 0 -1
    outer loop
      vertex 64.8725 -55.76 -2
      vertex 65.1854 -52.7354 -2
      vertex 65.6547 -55.6984 -2
    endloop
  endfacet
  facet normal 0 0 -1
    outer loop
      vertex 64.8725 -55.76 -2
      vertex 64.8725 -52.76 -2
      vertex 65.1854 -52.7354 -2
    endloop
  endfacet
  facet normal 0 0 -1
    outer loop
      vertex 64.8725 -55.76 -2
      vertex 64.5596 -52.7354 -2
      vertex 64.8725 -52.76 -2
    endloop
  endfacet
  facet normal 0 0 -1
    outer loop
      vertex 64.0903 -55.6984 -2
      vertex 64.5596 -52.7354 -2
      vertex 64.8725 -55.76 -2
    endloop
  endfacet
  facet normal -0 0 -1
    outer loop
      vertex 64.5596 -52.7354 -2
      vertex 64.0903 -55.6984 -2
      vertex 64.2545 -52.6621 -2
    endloop
  endfacet
  facet normal 0 0 -1
    outer loop
      vertex 63.3274 -55.5153 -2
      vertex 64.2545 -52.6621 -2
      vertex 64.0903 -55.6984 -2
    endloop
  endfacet
  facet normal -0 0 -1
    outer loop
      vertex 64.2545 -52.6621 -2
      vertex 63.3274 -55.5153 -2
      vertex 63.9645 -52.542 -2
    endloop
  endfacet
  facet normal 0 0 -1
    outer loop
      vertex 62.6025 -55.215 -2
      vertex 63.9645 -52.542 -2
      vertex 63.3274 -55.5153 -2
    endloop
  endfacet
  facet normal -0 0 -1
    outer loop
      vertex 63.9645 -52.542 -2
      vertex 62.6025 -55.215 -2
      vertex 63.6969 -52.378 -2
    endloop
  endfacet
  facet normal 0 0 -1
    outer loop
      vertex 61.9336 -54.8051 -2
      vertex 63.6969 -52.378 -2
      vertex 62.6025 -55.215 -2
    endloop
  endfacet
  facet normal -0 0 -1
    outer loop
      vertex 63.6969 -52.378 -2
      vertex 61.9336 -54.8051 -2
      vertex 63.4583 -52.1742 -2
    endloop
  endfacet
  facet normal 0 0 -1
    outer loop
      vertex 61.337 -54.2955 -2
      vertex 63.4583 -52.1742 -2
      vertex 61.9336 -54.8051 -2
    endloop
  endfacet
  facet normal -0 0 -1
    outer loop
      vertex 63.4583 -52.1742 -2
      vertex 61.337 -54.2955 -2
      vertex 63.2545 -51.9356 -2
    endloop
  endfacet
  facet normal -0 0 -1
    outer loop
      vertex 63.2545 -51.9356 -2
      vertex 60.8274 -53.6989 -2
      vertex 63.0905 -51.668 -2
    endloop
  endfacet
  facet normal 0 0 -1
    outer loop
      vertex 60.8274 -53.6989 -2
      vertex 63.2545 -51.9356 -2
      vertex 61.337 -54.2955 -2
    endloop
  endfacet
  facet normal 0 0 -1
    outer loop
      vertex 66.8725 -50.76 -2
      vertex 69.8725 -50.76 -2
      vertex 69.8109 -51.5422 -2
    endloop
  endfacet
  facet normal 0 0 -1
    outer loop
      vertex 66.8479 -51.0729 -2
      vertex 69.8109 -51.5422 -2
      vertex 69.6278 -52.3051 -2
    endloop
  endfacet
  facet normal 0 0 -1
    outer loop
      vertex 66.8479 -51.0729 -2
      vertex 69.6278 -52.3051 -2
      vertex 69.3275 -53.03 -2
    endloop
  endfacet
  facet normal 0 0 -1
    outer loop
      vertex 66.8479 -51.0729 -2
      vertex 69.3275 -53.03 -2
      vertex 68.9176 -53.6989 -2
    endloop
  endfacet
  facet normal 0 0 -1
    outer loop
      vertex 66.8479 -51.0729 -2
      vertex 68.9176 -53.6989 -2
      vertex 68.408 -54.2955 -2
    endloop
  endfacet
  facet normal 0 0 -1
    outer loop
      vertex 66.8479 -51.0729 -2
      vertex 68.408 -54.2955 -2
      vertex 67.8114 -54.8051 -2
    endloop
  endfacet
  facet normal 0 0 -1
    outer loop
      vertex 66.0481 -52.378 -2
      vertex 67.8114 -54.8051 -2
      vertex 67.1424 -55.215 -2
    endloop
  endfacet
  facet normal 0 0 -1
    outer loop
      vertex 69.8725 -50.76 -2
      vertex 66.8725 -50.76 -2
      vertex 66.8479 -50.4471 -2
    endloop
  endfacet
  facet normal 0 0 -1
    outer loop
      vertex 69.8725 -50.76 -2
      vertex 66.8479 -50.4471 -2
      vertex 66.7746 -50.142 -2
    endloop
  endfacet
  facet normal 0 0 -1
    outer loop
      vertex 69.8725 -50.76 -2
      vertex 66.7746 -50.142 -2
      vertex 66.6545 -49.852 -2
    endloop
  endfacet
  facet normal 0 0 -1
    outer loop
      vertex 66.4905 -49.5844 -2
      vertex 69.8725 -50.76 -2
      vertex 66.6545 -49.852 -2
    endloop
  endfacet
  facet normal 0 0 -1
    outer loop
      vertex 69.8725 -50.76 -2
      vertex 66.4905 -49.5844 -2
      vertex 69.8725 -45.77 -2
    endloop
  endfacet
  facet normal 0 0 -1
    outer loop
      vertex 66.2867 -49.3458 -2
      vertex 69.8725 -45.77 -2
      vertex 66.4905 -49.5844 -2
    endloop
  endfacet
  facet normal 0 0 -1
    outer loop
      vertex 66.0481 -49.142 -2
      vertex 69.8725 -45.77 -2
      vertex 66.2867 -49.3458 -2
    endloop
  endfacet
  facet normal 0 0 -1
    outer loop
      vertex 65.7805 -48.978 -2
      vertex 69.8725 -45.77 -2
      vertex 66.0481 -49.142 -2
    endloop
  endfacet
  facet normal 0 0 -1
    outer loop
      vertex 65.4905 -48.8579 -2
      vertex 69.8725 -45.77 -2
      vertex 65.7805 -48.978 -2
    endloop
  endfacet
  facet normal 0 0 -1
    outer loop
      vertex 65.1854 -48.7846 -2
      vertex 69.8725 -45.77 -2
      vertex 65.4905 -48.8579 -2
    endloop
  endfacet
  facet normal 0 0 -1
    outer loop
      vertex 64.8725 -48.76 -2
      vertex 69.8725 -45.77 -2
      vertex 65.1854 -48.7846 -2
    endloop
  endfacet
  facet normal 0 0 -1
    outer loop
      vertex 59.8725 -45.77 -2
      vertex 64.8725 -48.76 -2
      vertex 64.5596 -48.7846 -2
    endloop
  endfacet
  facet normal 0 0 -1
    outer loop
      vertex 59.8725 -45.77 -2
      vertex 64.5596 -48.7846 -2
      vertex 64.2545 -48.8579 -2
    endloop
  endfacet
  facet normal 0 0 -1
    outer loop
      vertex 59.8725 -45.77 -2
      vertex 64.2545 -48.8579 -2
      vertex 63.9645 -48.978 -2
    endloop
  endfacet
  facet normal 0 0 -1
    outer loop
      vertex 60.4175 -53.03 -2
      vertex 63.0905 -51.668 -2
      vertex 60.8274 -53.6989 -2
    endloop
  endfacet
  facet normal -0 0 -1
    outer loop
      vertex 63.0905 -51.668 -2
      vertex 60.4175 -53.03 -2
      vertex 62.9704 -51.378 -2
    endloop
  endfacet
  facet normal 0 0 -1
    outer loop
      vertex 60.1172 -52.3051 -2
      vertex 62.9704 -51.378 -2
      vertex 60.4175 -53.03 -2
    endloop
  endfacet
  facet normal -0 0 -1
    outer loop
      vertex 62.9704 -51.378 -2
      vertex 60.1172 -52.3051 -2
      vertex 62.8971 -51.0729 -2
    endloop
  endfacet
  facet normal 0 0 -1
    outer loop
      vertex 59.9341 -51.5422 -2
      vertex 62.8971 -51.0729 -2
      vertex 60.1172 -52.3051 -2
    endloop
  endfacet
  facet normal -0 0 -1
    outer loop
      vertex 62.8971 -51.0729 -2
      vertex 59.9341 -51.5422 -2
      vertex 62.8725 -50.76 -2
    endloop
  endfacet
  facet normal 0 0 -1
    outer loop
      vertex 59.8725 -50.76 -2
      vertex 62.8725 -50.76 -2
      vertex 59.9341 -51.5422 -2
    endloop
  endfacet
  facet normal 0 0 -1
    outer loop
      vertex 62.8725 -50.76 -2
      vertex 59.8725 -50.76 -2
      vertex 62.8971 -50.4471 -2
    endloop
  endfacet
  facet normal -0 0 -1
    outer loop
      vertex 62.8971 -50.4471 -2
      vertex 59.8725 -50.76 -2
      vertex 62.9704 -50.142 -2
    endloop
  endfacet
  facet normal -0 0 -1
    outer loop
      vertex 62.9704 -50.142 -2
      vertex 59.8725 -50.76 -2
      vertex 63.0905 -49.852 -2
    endloop
  endfacet
  facet normal -0 0 -1
    outer loop
      vertex 63.0905 -49.852 -2
      vertex 59.8725 -50.76 -2
      vertex 63.2545 -49.5844 -2
    endloop
  endfacet
  facet normal 0 0 -1
    outer loop
      vertex 59.8725 -45.77 -2
      vertex 63.2545 -49.5844 -2
      vertex 59.8725 -50.76 -2
    endloop
  endfacet
  facet normal 0 0 -1
    outer loop
      vertex 63.2545 -49.5844 -2
      vertex 59.8725 -45.77 -2
      vertex 63.4583 -49.3458 -2
    endloop
  endfacet
  facet normal 0 0 -1
    outer loop
      vertex 63.4583 -49.3458 -2
      vertex 59.8725 -45.77 -2
      vertex 63.6969 -49.142 -2
    endloop
  endfacet
  facet normal 0 0 -1
    outer loop
      vertex 63.6969 -49.142 -2
      vertex 59.8725 -45.77 -2
      vertex 63.9645 -48.978 -2
    endloop
  endfacet
  facet normal 0 0 -1
    outer loop
      vertex 64.8725 -48.76 -2
      vertex 59.8725 -45.77 -2
      vertex 69.8725 -45.77 -2
    endloop
  endfacet
  facet normal -1 0 0
    outer loop
      vertex 59.8725 -50.76 -2
      vertex 59.8725 -45.77 0
      vertex 59.8725 -45.77 -2
    endloop
  endfacet
  facet normal -1 -0 0
    outer loop
      vertex 59.8725 -45.77 0
      vertex 59.8725 -50.76 -2
      vertex 59.8725 -50.76 0
    endloop
  endfacet
  facet normal -0.923863 -0.382723 0
    outer loop
      vertex 60.4175 -53.03 -2
      vertex 60.1172 -52.3051 0
      vertex 60.1172 -52.3051 -2
    endloop
  endfacet
  facet normal -0.923863 -0.382723 0
    outer loop
      vertex 60.1172 -52.3051 0
      vertex 60.4175 -53.03 -2
      vertex 60.4175 -53.03 0
    endloop
  endfacet
  facet normal 0.972386 -0.233378 0
    outer loop
      vertex 69.6278 -52.3051 0
      vertex 69.8109 -51.5422 -2
      vertex 69.8109 -51.5422 0
    endloop
  endfacet
  facet normal 0.972386 -0.233378 0
    outer loop
      vertex 69.8109 -51.5422 -2
      vertex 69.6278 -52.3051 0
      vertex 69.6278 -52.3051 -2
    endloop
  endfacet
  facet normal 0.996913 -0.0785092 0
    outer loop
      vertex 69.8109 -51.5422 0
      vertex 69.8725 -50.76 -2
      vertex 69.8725 -50.76 0
    endloop
  endfacet
  facet normal 0.996913 -0.0785092 0
    outer loop
      vertex 69.8725 -50.76 -2
      vertex 69.8109 -51.5422 0
      vertex 69.8109 -51.5422 -2
    endloop
  endfacet
  facet normal 0.760371 -0.649489 0
    outer loop
      vertex 68.408 -54.2955 0
      vertex 68.9176 -53.6989 -2
      vertex 68.9176 -53.6989 0
    endloop
  endfacet
  facet normal 0.760371 -0.649489 0
    outer loop
      vertex 68.9176 -53.6989 -2
      vertex 68.408 -54.2955 0
      vertex 68.408 -54.2955 -2
    endloop
  endfacet
  facet normal 0.649489 -0.760371 0
    outer loop
      vertex 67.8114 -54.8051 -2
      vertex 68.408 -54.2955 0
      vertex 67.8114 -54.8051 0
    endloop
  endfacet
  facet normal 0.649489 -0.760371 0
    outer loop
      vertex 68.408 -54.2955 0
      vertex 67.8114 -54.8051 -2
      vertex 68.408 -54.2955 -2
    endloop
  endfacet
  facet normal -0.649489 -0.760371 0
    outer loop
      vertex 61.337 -54.2955 -2
      vertex 61.9336 -54.8051 0
      vertex 61.337 -54.2955 0
    endloop
  endfacet
  facet normal -0.649489 -0.760371 -0
    outer loop
      vertex 61.9336 -54.8051 0
      vertex 61.337 -54.2955 -2
      vertex 61.9336 -54.8051 -2
    endloop
  endfacet
  facet normal -0.972386 -0.233378 0
    outer loop
      vertex 60.1172 -52.3051 -2
      vertex 59.9341 -51.5422 0
      vertex 59.9341 -51.5422 -2
    endloop
  endfacet
  facet normal -0.972386 -0.233378 0
    outer loop
      vertex 59.9341 -51.5422 0
      vertex 60.1172 -52.3051 -2
      vertex 60.1172 -52.3051 0
    endloop
  endfacet
  facet normal -0.382723 -0.923863 0
    outer loop
      vertex 62.6025 -55.215 -2
      vertex 63.3274 -55.5153 0
      vertex 62.6025 -55.215 0
    endloop
  endfacet
  facet normal -0.382723 -0.923863 -0
    outer loop
      vertex 63.3274 -55.5153 0
      vertex 62.6025 -55.215 -2
      vertex 63.3274 -55.5153 -2
    endloop
  endfacet
  facet normal 0.382768 -0.923844 0
    outer loop
      vertex 66.4176 -55.5153 -2
      vertex 67.1424 -55.215 0
      vertex 66.4176 -55.5153 0
    endloop
  endfacet
  facet normal 0.382768 -0.923844 0
    outer loop
      vertex 67.1424 -55.215 0
      vertex 66.4176 -55.5153 -2
      vertex 67.1424 -55.215 -2
    endloop
  endfacet
  facet normal 0.233378 -0.972386 0
    outer loop
      vertex 65.6547 -55.6984 -2
      vertex 66.4176 -55.5153 0
      vertex 65.6547 -55.6984 0
    endloop
  endfacet
  facet normal 0.233378 -0.972386 0
    outer loop
      vertex 66.4176 -55.5153 0
      vertex 65.6547 -55.6984 -2
      vertex 66.4176 -55.5153 -2
    endloop
  endfacet
  facet normal -0.852642 -0.522496 0
    outer loop
      vertex 60.8274 -53.6989 -2
      vertex 60.4175 -53.03 0
      vertex 60.4175 -53.03 -2
    endloop
  endfacet
  facet normal -0.852642 -0.522496 0
    outer loop
      vertex 60.4175 -53.03 0
      vertex 60.8274 -53.6989 -2
      vertex 60.8274 -53.6989 0
    endloop
  endfacet
  facet normal -0.760371 -0.649489 0
    outer loop
      vertex 61.337 -54.2955 -2
      vertex 60.8274 -53.6989 0
      vertex 60.8274 -53.6989 -2
    endloop
  endfacet
  facet normal -0.760371 -0.649489 0
    outer loop
      vertex 60.8274 -53.6989 0
      vertex 61.337 -54.2955 -2
      vertex 61.337 -54.2955 0
    endloop
  endfacet
  facet normal -0.522496 -0.852642 0
    outer loop
      vertex 61.9336 -54.8051 -2
      vertex 62.6025 -55.215 0
      vertex 61.9336 -54.8051 0
    endloop
  endfacet
  facet normal -0.522496 -0.852642 -0
    outer loop
      vertex 62.6025 -55.215 0
      vertex 61.9336 -54.8051 -2
      vertex 62.6025 -55.215 -2
    endloop
  endfacet
  facet normal 0.52244 -0.852676 0
    outer loop
      vertex 67.1424 -55.215 -2
      vertex 67.8114 -54.8051 0
      vertex 67.1424 -55.215 0
    endloop
  endfacet
  facet normal 0.52244 -0.852676 0
    outer loop
      vertex 67.8114 -54.8051 0
      vertex 67.1424 -55.215 -2
      vertex 67.8114 -54.8051 -2
    endloop
  endfacet
  facet normal -0.0785092 -0.996913 0
    outer loop
      vertex 64.0903 -55.6984 -2
      vertex 64.8725 -55.76 0
      vertex 64.0903 -55.6984 0
    endloop
  endfacet
  facet normal -0.0785092 -0.996913 -0
    outer loop
      vertex 64.8725 -55.76 0
      vertex 64.0903 -55.6984 -2
      vertex 64.8725 -55.76 -2
    endloop
  endfacet
  facet normal 0.0785092 -0.996913 0
    outer loop
      vertex 64.8725 -55.76 -2
      vertex 65.6547 -55.6984 0
      vertex 64.8725 -55.76 0
    endloop
  endfacet
  facet normal 0.0785092 -0.996913 0
    outer loop
      vertex 65.6547 -55.6984 0
      vertex 64.8725 -55.76 -2
      vertex 65.6547 -55.6984 -2
    endloop
  endfacet
  facet normal -0.233378 -0.972386 0
    outer loop
      vertex 63.3274 -55.5153 -2
      vertex 64.0903 -55.6984 0
      vertex 63.3274 -55.5153 0
    endloop
  endfacet
  facet normal -0.233378 -0.972386 -0
    outer loop
      vertex 64.0903 -55.6984 0
      vertex 63.3274 -55.5153 -2
      vertex 64.0903 -55.6984 -2
    endloop
  endfacet
  facet normal 0.852642 -0.522496 0
    outer loop
      vertex 68.9176 -53.6989 0
      vertex 69.3275 -53.03 -2
      vertex 69.3275 -53.03 0
    endloop
  endfacet
  facet normal 0.852642 -0.522496 0
    outer loop
      vertex 69.3275 -53.03 -2
      vertex 68.9176 -53.6989 0
      vertex 68.9176 -53.6989 -2
    endloop
  endfacet
  facet normal 0.923863 -0.382723 0
    outer loop
      vertex 69.3275 -53.03 0
      vertex 69.6278 -52.3051 -2
      vertex 69.6278 -52.3051 0
    endloop
  endfacet
  facet normal 0.923863 -0.382723 0
    outer loop
      vertex 69.6278 -52.3051 -2
      vertex 69.3275 -53.03 0
      vertex 69.3275 -53.03 -2
    endloop
  endfacet
  facet normal -0.996913 -0.0785092 0
    outer loop
      vertex 59.9341 -51.5422 -2
      vertex 59.8725 -50.76 0
      vertex 59.8725 -50.76 -2
    endloop
  endfacet
  facet normal -0.996913 -0.0785092 0
    outer loop
      vertex 59.8725 -50.76 0
      vertex 59.9341 -51.5422 -2
      vertex 59.9341 -51.5422 0
    endloop
  endfacet
  facet normal -0.972332 -0.233602 0
    outer loop
      vertex 66.8479 -50.4471 -2
      vertex 66.7746 -50.142 0
      vertex 66.7746 -50.142 -2
    endloop
  endfacet
  facet normal -0.972332 -0.233602 0
    outer loop
      vertex 66.7746 -50.142 0
      vertex 66.8479 -50.4471 -2
      vertex 66.8479 -50.4471 0
    endloop
  endfacet
  facet normal -0.233602 -0.972332 0
    outer loop
      vertex 65.1854 -48.7846 -2
      vertex 65.4905 -48.8579 0
      vertex 65.1854 -48.7846 0
    endloop
  endfacet
  facet normal -0.233602 -0.972332 -0
    outer loop
      vertex 65.4905 -48.8579 0
      vertex 65.1854 -48.7846 -2
      vertex 65.4905 -48.8579 -2
    endloop
  endfacet
  facet normal -0.972332 0.233602 0
    outer loop
      vertex 66.7746 -51.378 -2
      vertex 66.8479 -51.0729 0
      vertex 66.8479 -51.0729 -2
    endloop
  endfacet
  facet normal -0.972332 0.233602 0
    outer loop
      vertex 66.8479 -51.0729 0
      vertex 66.7746 -51.378 -2
      vertex 66.7746 -51.378 0
    endloop
  endfacet
  facet normal -0.996924 0.0783775 0
    outer loop
      vertex 66.8479 -51.0729 -2
      vertex 66.8725 -50.76 0
      vertex 66.8725 -50.76 -2
    endloop
  endfacet
  facet normal -0.996924 0.0783775 0
    outer loop
      vertex 66.8725 -50.76 0
      vertex 66.8479 -51.0729 -2
      vertex 66.8479 -51.0729 0
    endloop
  endfacet
  facet normal -0.923904 0.382624 0
    outer loop
      vertex 66.6545 -51.668 -2
      vertex 66.7746 -51.378 0
      vertex 66.7746 -51.378 -2
    endloop
  endfacet
  facet normal -0.923904 0.382624 0
    outer loop
      vertex 66.7746 -51.378 0
      vertex 66.6545 -51.668 -2
      vertex 66.6545 -51.668 0
    endloop
  endfacet
  facet normal 0.0783775 0.996924 -0
    outer loop
      vertex 64.8725 -52.76 -2
      vertex 64.5596 -52.7354 0
      vertex 64.8725 -52.76 0
    endloop
  endfacet
  facet normal 0.0783775 0.996924 0
    outer loop
      vertex 64.5596 -52.7354 0
      vertex 64.8725 -52.76 -2
      vertex 64.5596 -52.7354 -2
    endloop
  endfacet
  facet normal 0.923904 0.382624 0
    outer loop
      vertex 63.0905 -51.668 0
      vertex 62.9704 -51.378 -2
      vertex 62.9704 -51.378 0
    endloop
  endfacet
  facet normal 0.923904 0.382624 0
    outer loop
      vertex 62.9704 -51.378 -2
      vertex 63.0905 -51.668 0
      vertex 63.0905 -51.668 -2
    endloop
  endfacet
  facet normal 0.85262 0.522532 0
    outer loop
      vertex 63.2545 -51.9356 0
      vertex 63.0905 -51.668 -2
      vertex 63.0905 -51.668 0
    endloop
  endfacet
  facet normal 0.85262 0.522532 0
    outer loop
      vertex 63.0905 -51.668 -2
      vertex 63.2545 -51.9356 0
      vertex 63.2545 -51.9356 -2
    endloop
  endfacet
  facet normal -0.0783775 -0.996924 0
    outer loop
      vertex 64.8725 -48.76 -2
      vertex 65.1854 -48.7846 0
      vertex 64.8725 -48.76 0
    endloop
  endfacet
  facet normal -0.0783775 -0.996924 -0
    outer loop
      vertex 65.1854 -48.7846 0
      vertex 64.8725 -48.76 -2
      vertex 65.1854 -48.7846 -2
    endloop
  endfacet
  facet normal 0.382624 -0.923904 0
    outer loop
      vertex 63.9645 -48.978 -2
      vertex 64.2545 -48.8579 0
      vertex 63.9645 -48.978 0
    endloop
  endfacet
  facet normal 0.382624 -0.923904 0
    outer loop
      vertex 64.2545 -48.8579 0
      vertex 63.9645 -48.978 -2
      vertex 64.2545 -48.8579 -2
    endloop
  endfacet
  facet normal 0.923904 -0.382624 0
    outer loop
      vertex 62.9704 -50.142 0
      vertex 63.0905 -49.852 -2
      vertex 63.0905 -49.852 0
    endloop
  endfacet
  facet normal 0.923904 -0.382624 0
    outer loop
      vertex 63.0905 -49.852 -2
      vertex 62.9704 -50.142 0
      vertex 62.9704 -50.142 -2
    endloop
  endfacet
  facet normal 0.76038 0.649478 0
    outer loop
      vertex 63.4583 -52.1742 0
      vertex 63.2545 -51.9356 -2
      vertex 63.2545 -51.9356 0
    endloop
  endfacet
  facet normal 0.76038 0.649478 0
    outer loop
      vertex 63.2545 -51.9356 -2
      vertex 63.4583 -52.1742 0
      vertex 63.4583 -52.1742 -2
    endloop
  endfacet
  facet normal -0.923904 -0.382624 0
    outer loop
      vertex 66.7746 -50.142 -2
      vertex 66.6545 -49.852 0
      vertex 66.6545 -49.852 -2
    endloop
  endfacet
  facet normal -0.923904 -0.382624 0
    outer loop
      vertex 66.6545 -49.852 0
      vertex 66.7746 -50.142 -2
      vertex 66.7746 -50.142 0
    endloop
  endfacet
  facet normal 0.522532 -0.85262 0
    outer loop
      vertex 63.6969 -49.142 -2
      vertex 63.9645 -48.978 0
      vertex 63.6969 -49.142 0
    endloop
  endfacet
  facet normal 0.522532 -0.85262 0
    outer loop
      vertex 63.9645 -48.978 0
      vertex 63.6969 -49.142 -2
      vertex 63.9645 -48.978 -2
    endloop
  endfacet
  facet normal 0.522532 0.85262 -0
    outer loop
      vertex 63.9645 -52.542 -2
      vertex 63.6969 -52.378 0
      vertex 63.9645 -52.542 0
    endloop
  endfacet
  facet normal 0.522532 0.85262 0
    outer loop
      vertex 63.6969 -52.378 0
      vertex 63.9645 -52.542 -2
      vertex 63.6969 -52.378 -2
    endloop
  endfacet
  facet normal 0.996924 -0.0783775 0
    outer loop
      vertex 62.8725 -50.76 0
      vertex 62.8971 -50.4471 -2
      vertex 62.8971 -50.4471 0
    endloop
  endfacet
  facet normal 0.996924 -0.0783775 0
    outer loop
      vertex 62.8971 -50.4471 -2
      vertex 62.8725 -50.76 0
      vertex 62.8725 -50.76 -2
    endloop
  endfacet
  facet normal -0.85262 -0.522532 0
    outer loop
      vertex 66.6545 -49.852 -2
      vertex 66.4905 -49.5844 0
      vertex 66.4905 -49.5844 -2
    endloop
  endfacet
  facet normal -0.85262 -0.522532 0
    outer loop
      vertex 66.4905 -49.5844 0
      vertex 66.6545 -49.852 -2
      vertex 66.6545 -49.852 0
    endloop
  endfacet
  facet normal 0.649478 0.76038 -0
    outer loop
      vertex 63.6969 -52.378 -2
      vertex 63.4583 -52.1742 0
      vertex 63.6969 -52.378 0
    endloop
  endfacet
  facet normal 0.649478 0.76038 0
    outer loop
      vertex 63.4583 -52.1742 0
      vertex 63.6969 -52.378 -2
      vertex 63.4583 -52.1742 -2
    endloop
  endfacet
  facet normal 0.76038 -0.649478 0
    outer loop
      vertex 63.2545 -49.5844 0
      vertex 63.4583 -49.3458 -2
      vertex 63.4583 -49.3458 0
    endloop
  endfacet
  facet normal 0.76038 -0.649478 0
    outer loop
      vertex 63.4583 -49.3458 -2
      vertex 63.2545 -49.5844 0
      vertex 63.2545 -49.5844 -2
    endloop
  endfacet
  facet normal -0.382624 -0.923904 0
    outer loop
      vertex 65.4905 -48.8579 -2
      vertex 65.7805 -48.978 0
      vertex 65.4905 -48.8579 0
    endloop
  endfacet
  facet normal -0.382624 -0.923904 -0
    outer loop
      vertex 65.7805 -48.978 0
      vertex 65.4905 -48.8579 -2
      vertex 65.7805 -48.978 -2
    endloop
  endfacet
  facet normal 0.972332 -0.233602 0
    outer loop
      vertex 62.8971 -50.4471 0
      vertex 62.9704 -50.142 -2
      vertex 62.9704 -50.142 0
    endloop
  endfacet
  facet normal 0.972332 -0.233602 0
    outer loop
      vertex 62.9704 -50.142 -2
      vertex 62.8971 -50.4471 0
      vertex 62.8971 -50.4471 -2
    endloop
  endfacet
  facet normal -0.85262 0.522532 0
    outer loop
      vertex 66.4905 -51.9356 -2
      vertex 66.6545 -51.668 0
      vertex 66.6545 -51.668 -2
    endloop
  endfacet
  facet normal -0.85262 0.522532 0
    outer loop
      vertex 66.6545 -51.668 0
      vertex 66.4905 -51.9356 -2
      vertex 66.4905 -51.9356 0
    endloop
  endfacet
  facet normal 0.382624 0.923904 -0
    outer loop
      vertex 64.2545 -52.6621 -2
      vertex 63.9645 -52.542 0
      vertex 64.2545 -52.6621 0
    endloop
  endfacet
  facet normal 0.382624 0.923904 0
    outer loop
      vertex 63.9645 -52.542 0
      vertex 64.2545 -52.6621 -2
      vertex 63.9645 -52.542 -2
    endloop
  endfacet
  facet normal 0.233602 0.972332 -0
    outer loop
      vertex 64.5596 -52.7354 -2
      vertex 64.2545 -52.6621 0
      vertex 64.5596 -52.7354 0
    endloop
  endfacet
  facet normal 0.233602 0.972332 0
    outer loop
      vertex 64.2545 -52.6621 0
      vertex 64.5596 -52.7354 -2
      vertex 64.2545 -52.6621 -2
    endloop
  endfacet
  facet normal -0.233602 0.972332 0
    outer loop
      vertex 65.4905 -52.6621 -2
      vertex 65.1854 -52.7354 0
      vertex 65.4905 -52.6621 0
    endloop
  endfacet
  facet normal -0.233602 0.972332 0
    outer loop
      vertex 65.1854 -52.7354 0
      vertex 65.4905 -52.6621 -2
      vertex 65.1854 -52.7354 -2
    endloop
  endfacet
  facet normal 0.996924 0.0783775 0
    outer loop
      vertex 62.8971 -51.0729 0
      vertex 62.8725 -50.76 -2
      vertex 62.8725 -50.76 0
    endloop
  endfacet
  facet normal 0.996924 0.0783775 0
    outer loop
      vertex 62.8725 -50.76 -2
      vertex 62.8971 -51.0729 0
      vertex 62.8971 -51.0729 -2
    endloop
  endfacet
  facet normal -0.382624 0.923904 0
    outer loop
      vertex 65.7805 -52.542 -2
      vertex 65.4905 -52.6621 0
      vertex 65.7805 -52.542 0
    endloop
  endfacet
  facet normal -0.382624 0.923904 0
    outer loop
      vertex 65.4905 -52.6621 0
      vertex 65.7805 -52.542 -2
      vertex 65.4905 -52.6621 -2
    endloop
  endfacet
  facet normal -0.522532 -0.85262 0
    outer loop
      vertex 65.7805 -48.978 -2
      vertex 66.0481 -49.142 0
      vertex 65.7805 -48.978 0
    endloop
  endfacet
  facet normal -0.522532 -0.85262 -0
    outer loop
      vertex 66.0481 -49.142 0
      vertex 65.7805 -48.978 -2
      vertex 66.0481 -49.142 -2
    endloop
  endfacet
  facet normal -0.996924 -0.0783775 0
    outer loop
      vertex 66.8725 -50.76 -2
      vertex 66.8479 -50.4471 0
      vertex 66.8479 -50.4471 -2
    endloop
  endfacet
  facet normal -0.996924 -0.0783775 0
    outer loop
      vertex 66.8479 -50.4471 0
      vertex 66.8725 -50.76 -2
      vertex 66.8725 -50.76 0
    endloop
  endfacet
  facet normal -0.522532 0.85262 0
    outer loop
      vertex 66.0481 -52.378 -2
      vertex 65.7805 -52.542 0
      vertex 66.0481 -52.378 0
    endloop
  endfacet
  facet normal -0.522532 0.85262 0
    outer loop
      vertex 65.7805 -52.542 0
      vertex 66.0481 -52.378 -2
      vertex 65.7805 -52.542 -2
    endloop
  endfacet
  facet normal -0.649478 0.76038 0
    outer loop
      vertex 66.2867 -52.1742 -2
      vertex 66.0481 -52.378 0
      vertex 66.2867 -52.1742 0
    endloop
  endfacet
  facet normal -0.649478 0.76038 0
    outer loop
      vertex 66.0481 -52.378 0
      vertex 66.2867 -52.1742 -2
      vertex 66.0481 -52.378 -2
    endloop
  endfacet
  facet normal 0.972332 0.233602 0
    outer loop
      vertex 62.9704 -51.378 0
      vertex 62.8971 -51.0729 -2
      vertex 62.8971 -51.0729 0
    endloop
  endfacet
  facet normal 0.972332 0.233602 0
    outer loop
      vertex 62.8971 -51.0729 -2
      vertex 62.9704 -51.378 0
      vertex 62.9704 -51.378 -2
    endloop
  endfacet
  facet normal 0.85262 -0.522532 0
    outer loop
      vertex 63.0905 -49.852 0
      vertex 63.2545 -49.5844 -2
      vertex 63.2545 -49.5844 0
    endloop
  endfacet
  facet normal 0.85262 -0.522532 0
    outer loop
      vertex 63.2545 -49.5844 -2
      vertex 63.0905 -49.852 0
      vertex 63.0905 -49.852 -2
    endloop
  endfacet
  facet normal -0.76038 -0.649478 0
    outer loop
      vertex 66.4905 -49.5844 -2
      vertex 66.2867 -49.3458 0
      vertex 66.2867 -49.3458 -2
    endloop
  endfacet
  facet normal -0.76038 -0.649478 0
    outer loop
      vertex 66.2867 -49.3458 0
      vertex 66.4905 -49.5844 -2
      vertex 66.4905 -49.5844 0
    endloop
  endfacet
  facet normal 0.0783775 -0.996924 0
    outer loop
      vertex 64.5596 -48.7846 -2
      vertex 64.8725 -48.76 0
      vertex 64.5596 -48.7846 0
    endloop
  endfacet
  facet normal 0.0783775 -0.996924 0
    outer loop
      vertex 64.8725 -48.76 0
      vertex 64.5596 -48.7846 -2
      vertex 64.8725 -48.76 -2
    endloop
  endfacet
  facet normal -0.0783775 0.996924 0
    outer loop
      vertex 65.1854 -52.7354 -2
      vertex 64.8725 -52.76 0
      vertex 65.1854 -52.7354 0
    endloop
  endfacet
  facet normal -0.0783775 0.996924 0
    outer loop
      vertex 64.8725 -52.76 0
      vertex 65.1854 -52.7354 -2
      vertex 64.8725 -52.76 -2
    endloop
  endfacet
  facet normal -0.76038 0.649478 0
    outer loop
      vertex 66.2867 -52.1742 -2
      vertex 66.4905 -51.9356 0
      vertex 66.4905 -51.9356 -2
    endloop
  endfacet
  facet normal -0.76038 0.649478 0
    outer loop
      vertex 66.4905 -51.9356 0
      vertex 66.2867 -52.1742 -2
      vertex 66.2867 -52.1742 0
    endloop
  endfacet
  facet normal 0.233602 -0.972332 0
    outer loop
      vertex 64.2545 -48.8579 -2
      vertex 64.5596 -48.7846 0
      vertex 64.2545 -48.8579 0
    endloop
  endfacet
  facet normal 0.233602 -0.972332 0
    outer loop
      vertex 64.5596 -48.7846 0
      vertex 64.2545 -48.8579 -2
      vertex 64.5596 -48.7846 -2
    endloop
  endfacet
  facet normal -0.649478 -0.76038 0
    outer loop
      vertex 66.0481 -49.142 -2
      vertex 66.2867 -49.3458 0
      vertex 66.0481 -49.142 0
    endloop
  endfacet
  facet normal -0.649478 -0.76038 -0
    outer loop
      vertex 66.2867 -49.3458 0
      vertex 66.0481 -49.142 -2
      vertex 66.2867 -49.3458 -2
    endloop
  endfacet
  facet normal 0.649478 -0.76038 0
    outer loop
      vertex 63.4583 -49.3458 -2
      vertex 63.6969 -49.142 0
      vertex 63.4583 -49.3458 0
    endloop
  endfacet
  facet normal 0.649478 -0.76038 0
    outer loop
      vertex 63.6969 -49.142 0
      vertex 63.4583 -49.3458 -2
      vertex 63.6969 -49.142 -2
    endloop
  endfacet
  facet normal 0 0 1
    outer loop
      vertex 36.4051 -36 -10.99
      vertex 34.4738 -36.4232 -10.99
      vertex 36.4051 -36.4232 -10.99
    endloop
  endfacet
  facet normal -0 0 1
    outer loop
      vertex 33.9557 -36 -10.99
      vertex 34.4738 -36.4232 -10.99
      vertex 36.4051 -36 -10.99
    endloop
  endfacet
  facet normal 0 0 1
    outer loop
      vertex 33.9557 -39.8219 -10.99
      vertex 34.4738 -36.4232 -10.99
      vertex 33.9557 -36 -10.99
    endloop
  endfacet
  facet normal 0 0 1
    outer loop
      vertex 34.4738 -36.4232 -10.99
      vertex 33.9557 -39.8219 -10.99
      vertex 34.4738 -39.8219 -10.99
    endloop
  endfacet
  facet normal 0 0 -1
    outer loop
      vertex 34.4738 -39.8219 -11.49
      vertex 33.9557 -39.8219 -11.49
      vertex 34.4738 -36.4232 -11.49
    endloop
  endfacet
  facet normal 0 0 -1
    outer loop
      vertex 34.4738 -36.4232 -11.49
      vertex 36.4051 -36 -11.49
      vertex 36.4051 -36.4232 -11.49
    endloop
  endfacet
  facet normal 0 0 -1
    outer loop
      vertex 34.4738 -36.4232 -11.49
      vertex 33.9557 -36 -11.49
      vertex 36.4051 -36 -11.49
    endloop
  endfacet
  facet normal 0 0 -1
    outer loop
      vertex 33.9557 -36 -11.49
      vertex 34.4738 -36.4232 -11.49
      vertex 33.9557 -39.8219 -11.49
    endloop
  endfacet
  facet normal 0 -1 0
    outer loop
      vertex 34.4738 -36.4232 -11.49
      vertex 36.4051 -36.4232 -10.99
      vertex 34.4738 -36.4232 -10.99
    endloop
  endfacet
  facet normal 0 -1 -0
    outer loop
      vertex 36.4051 -36.4232 -10.99
      vertex 34.4738 -36.4232 -11.49
      vertex 36.4051 -36.4232 -11.49
    endloop
  endfacet
  facet normal 1 -0 0
    outer loop
      vertex 34.4738 -39.8219 -10.99
      vertex 34.4738 -36.4232 -11.49
      vertex 34.4738 -36.4232 -10.99
    endloop
  endfacet
  facet normal 1 0 0
    outer loop
      vertex 34.4738 -36.4232 -11.49
      vertex 34.4738 -39.8219 -10.99
      vertex 34.4738 -39.8219 -11.49
    endloop
  endfacet
  facet normal 0 -1 0
    outer loop
      vertex 33.9557 -39.8219 -11.49
      vertex 34.4738 -39.8219 -10.99
      vertex 33.9557 -39.8219 -10.99
    endloop
  endfacet
  facet normal 0 -1 -0
    outer loop
      vertex 34.4738 -39.8219 -10.99
      vertex 33.9557 -39.8219 -11.49
      vertex 34.4738 -39.8219 -11.49
    endloop
  endfacet
  facet normal -1 0 0
    outer loop
      vertex 33.9557 -39.8219 -11.49
      vertex 33.9557 -36 -10.99
      vertex 33.9557 -36 -11.49
    endloop
  endfacet
  facet normal -1 -0 0
    outer loop
      vertex 33.9557 -36 -10.99
      vertex 33.9557 -39.8219 -11.49
      vertex 33.9557 -39.8219 -10.99
    endloop
  endfacet
  facet normal 0 1 -0
    outer loop
      vertex 36.4051 -36 -11.49
      vertex 33.9557 -36 -10.99
      vertex 36.4051 -36 -10.99
    endloop
  endfacet
  facet normal 0 1 0
    outer loop
      vertex 33.9557 -36 -10.99
      vertex 36.4051 -36 -11.49
      vertex 33.9557 -36 -11.49
    endloop
  endfacet
  facet normal 1 -0 0
    outer loop
      vertex 36.4051 -36.4232 -10.99
      vertex 36.4051 -36 -11.49
      vertex 36.4051 -36 -10.99
    endloop
  endfacet
  facet normal 1 0 0
    outer loop
      vertex 36.4051 -36 -11.49
      vertex 36.4051 -36.4232 -10.99
      vertex 36.4051 -36.4232 -11.49
    endloop
  endfacet
  facet normal -0 0 1
    outer loop
      vertex 33.9557 -26 -10.99
      vertex 34.4738 -27.5868 -10.99
      vertex 34.4738 -26 -10.99
    endloop
  endfacet
  facet normal 0 0 1
    outer loop
      vertex 34.4738 -27.5868 -10.99
      vertex 33.9557 -26 -10.99
      vertex 34.4738 -27.9964 -10.99
    endloop
  endfacet
  facet normal 0 0 1
    outer loop
      vertex 33.9557 -29.8219 -10.99
      vertex 34.4738 -27.9964 -10.99
      vertex 33.9557 -26 -10.99
    endloop
  endfacet
  facet normal -0 0 1
    outer loop
      vertex 36.6573 -26 -10.99
      vertex 36.1691 -27.6465 -10.99
      vertex 37.2541 -26 -10.99
    endloop
  endfacet
  facet normal 0 0 1
    outer loop
      vertex 36.1691 -27.6465 -10.99
      vertex 35.7242 -27.9964 -10.99
      vertex 36.0874 -28.0442 -10.99
    endloop
  endfacet
  facet normal -0 0 1
    outer loop
      vertex 35.6646 -27.5868 -10.99
      vertex 36.1691 -27.6465 -10.99
      vertex 36.6573 -26 -10.99
    endloop
  endfacet
  facet normal 0 0 1
    outer loop
      vertex 36.1691 -27.6465 -10.99
      vertex 35.6646 -27.5868 -10.99
      vertex 35.7242 -27.9964 -10.99
    endloop
  endfacet
  facet normal 0 0 1
    outer loop
      vertex 34.4738 -27.9964 -10.99
      vertex 35.6646 -27.5868 -10.99
      vertex 34.4738 -27.5868 -10.99
    endloop
  endfacet
  facet normal 0 0 1
    outer loop
      vertex 35.6646 -27.5868 -10.99
      vertex 34.4738 -27.9964 -10.99
      vertex 35.7242 -27.9964 -10.99
    endloop
  endfacet
  facet normal -0 0 1
    outer loop
      vertex 36.5814 -28.7234 -10.99
      vertex 37.1022 -28.7288 -10.99
      vertex 37.0401 -28.3368 -10.99
    endloop
  endfacet
  facet normal 0 0 1
    outer loop
      vertex 36.5254 -28.4172 -10.99
      vertex 37.0401 -28.3368 -10.99
      vertex 36.854 -28.0127 -10.99
    endloop
  endfacet
  facet normal 0 0 1
    outer loop
      vertex 37.1022 -28.7288 -10.99
      vertex 36.5814 -28.7234 -10.99
      vertex 37.0144 -29.1875 -10.99
    endloop
  endfacet
  facet normal -0 0 1
    outer loop
      vertex 36.5248 -29.0173 -10.99
      vertex 37.0144 -29.1875 -10.99
      vertex 36.5814 -28.7234 -10.99
    endloop
  endfacet
  facet normal 0 0 1
    outer loop
      vertex 36.3576 -28.1876 -10.99
      vertex 36.854 -28.0127 -10.99
      vertex 36.5587 -27.776 -10.99
    endloop
  endfacet
  facet normal 0 0 1
    outer loop
      vertex 37.0401 -28.3368 -10.99
      vertex 36.5254 -28.4172 -10.99
      vertex 36.5814 -28.7234 -10.99
    endloop
  endfacet
  facet normal 0 0 1
    outer loop
      vertex 36.854 -28.0127 -10.99
      vertex 36.3576 -28.1876 -10.99
      vertex 36.5254 -28.4172 -10.99
    endloop
  endfacet
  facet normal 0 0 1
    outer loop
      vertex 36.0874 -28.0442 -10.99
      vertex 36.5587 -27.776 -10.99
      vertex 36.1691 -27.6465 -10.99
    endloop
  endfacet
  facet normal 0 0 1
    outer loop
      vertex 36.5587 -27.776 -10.99
      vertex 36.0874 -28.0442 -10.99
      vertex 36.3576 -28.1876 -10.99
    endloop
  endfacet
  facet normal 0 0 1
    outer loop
      vertex 37.0144 -29.1875 -10.99
      vertex 36.5248 -29.0173 -10.99
      vertex 36.7509 -29.533 -10.99
    endloop
  endfacet
  facet normal -0 0 1
    outer loop
      vertex 36.3549 -29.2319 -10.99
      vertex 36.7509 -29.533 -10.99
      vertex 36.5248 -29.0173 -10.99
    endloop
  endfacet
  facet normal 0 0 1
    outer loop
      vertex 36.3549 -29.2319 -10.99
      vertex 36.3261 -29.7497 -10.99
      vertex 36.7509 -29.533 -10.99
    endloop
  endfacet
  facet normal -0 0 1
    outer loop
      vertex 36.0786 -29.3632 -10.99
      vertex 36.3261 -29.7497 -10.99
      vertex 36.3549 -29.2319 -10.99
    endloop
  endfacet
  facet normal 0 0 1
    outer loop
      vertex 36.0786 -29.3632 -10.99
      vertex 35.7541 -29.8219 -10.99
      vertex 36.3261 -29.7497 -10.99
    endloop
  endfacet
  facet normal -0 0 1
    outer loop
      vertex 35.7025 -29.4069 -10.99
      vertex 35.7541 -29.8219 -10.99
      vertex 36.0786 -29.3632 -10.99
    endloop
  endfacet
  facet normal -0 0 1
    outer loop
      vertex 34.4738 -29.4069 -10.99
      vertex 35.7541 -29.8219 -10.99
      vertex 35.7025 -29.4069 -10.99
    endloop
  endfacet
  facet normal 0 0 1
    outer loop
      vertex 34.4738 -29.4069 -10.99
      vertex 33.9557 -29.8219 -10.99
      vertex 35.7541 -29.8219 -10.99
    endloop
  endfacet
  facet normal 0 0 1
    outer loop
      vertex 34.4738 -27.9964 -10.99
      vertex 33.9557 -29.8219 -10.99
      vertex 34.4738 -29.4069 -10.99
    endloop
  endfacet
  facet normal 0 0 -1
    outer loop
      vertex 37.0144 -29.1875 -11.49
      vertex 36.5248 -29.0173 -11.49
      vertex 36.5814 -28.7234 -11.49
    endloop
  endfacet
  facet normal 0 0 -1
    outer loop
      vertex 36.7509 -29.533 -11.49
      vertex 36.3549 -29.2319 -11.49
      vertex 36.5248 -29.0173 -11.49
    endloop
  endfacet
  facet normal 0 0 -1
    outer loop
      vertex 36.3261 -29.7497 -11.49
      vertex 36.3549 -29.2319 -11.49
      vertex 36.7509 -29.533 -11.49
    endloop
  endfacet
  facet normal 0 0 -1
    outer loop
      vertex 36.3261 -29.7497 -11.49
      vertex 36.0786 -29.3632 -11.49
      vertex 36.3549 -29.2319 -11.49
    endloop
  endfacet
  facet normal 0 0 -1
    outer loop
      vertex 35.7541 -29.8219 -11.49
      vertex 36.0786 -29.3632 -11.49
      vertex 36.3261 -29.7497 -11.49
    endloop
  endfacet
  facet normal 0 0 -1
    outer loop
      vertex 35.7541 -29.8219 -11.49
      vertex 35.7025 -29.4069 -11.49
      vertex 36.0786 -29.3632 -11.49
    endloop
  endfacet
  facet normal 0 0 -1
    outer loop
      vertex 35.7541 -29.8219 -11.49
      vertex 34.4738 -29.4069 -11.49
      vertex 35.7025 -29.4069 -11.49
    endloop
  endfacet
  facet normal 0 0 -1
    outer loop
      vertex 33.9557 -29.8219 -11.49
      vertex 34.4738 -27.9964 -11.49
      vertex 34.4738 -29.4069 -11.49
    endloop
  endfacet
  facet normal 0 0 -1
    outer loop
      vertex 33.9557 -26 -11.49
      vertex 34.4738 -27.9964 -11.49
      vertex 33.9557 -29.8219 -11.49
    endloop
  endfacet
  facet normal 0 0 -1
    outer loop
      vertex 33.9557 -29.8219 -11.49
      vertex 34.4738 -29.4069 -11.49
      vertex 35.7541 -29.8219 -11.49
    endloop
  endfacet
  facet normal 0 0 -1
    outer loop
      vertex 34.4738 -27.9964 -11.49
      vertex 33.9557 -26 -11.49
      vertex 34.4738 -27.5868 -11.49
    endloop
  endfacet
  facet normal 0 0 -1
    outer loop
      vertex 34.4738 -27.5868 -11.49
      vertex 33.9557 -26 -11.49
      vertex 34.4738 -26 -11.49
    endloop
  endfacet
  facet normal 0 0 -1
    outer loop
      vertex 36.5814 -28.7234 -11.49
      vertex 37.1022 -28.7288 -11.49
      vertex 37.0144 -29.1875 -11.49
    endloop
  endfacet
  facet normal 0 0 -1
    outer loop
      vertex 37.1022 -28.7288 -11.49
      vertex 36.5814 -28.7234 -11.49
      vertex 37.0401 -28.3368 -11.49
    endloop
  endfacet
  facet normal 0 0 -1
    outer loop
      vertex 36.5248 -29.0173 -11.49
      vertex 37.0144 -29.1875 -11.49
      vertex 36.7509 -29.533 -11.49
    endloop
  endfacet
  facet normal 0 0 -1
    outer loop
      vertex 36.5254 -28.4172 -11.49
      vertex 37.0401 -28.3368 -11.49
      vertex 36.5814 -28.7234 -11.49
    endloop
  endfacet
  facet normal -0 0 -1
    outer loop
      vertex 37.0401 -28.3368 -11.49
      vertex 36.5254 -28.4172 -11.49
      vertex 36.854 -28.0127 -11.49
    endloop
  endfacet
  facet normal 0 0 -1
    outer loop
      vertex 36.3576 -28.1876 -11.49
      vertex 36.854 -28.0127 -11.49
      vertex 36.5254 -28.4172 -11.49
    endloop
  endfacet
  facet normal -0 0 -1
    outer loop
      vertex 36.854 -28.0127 -11.49
      vertex 36.3576 -28.1876 -11.49
      vertex 36.5587 -27.776 -11.49
    endloop
  endfacet
  facet normal 0 0 -1
    outer loop
      vertex 36.0874 -28.0442 -11.49
      vertex 36.5587 -27.776 -11.49
      vertex 36.3576 -28.1876 -11.49
    endloop
  endfacet
  facet normal -0 0 -1
    outer loop
      vertex 36.5587 -27.776 -11.49
      vertex 36.0874 -28.0442 -11.49
      vertex 36.1691 -27.6465 -11.49
    endloop
  endfacet
  facet normal 0 0 -1
    outer loop
      vertex 36.1691 -27.6465 -11.49
      vertex 36.6573 -26 -11.49
      vertex 37.2541 -26 -11.49
    endloop
  endfacet
  facet normal 0 0 -1
    outer loop
      vertex 35.7242 -27.9964 -11.49
      vertex 36.1691 -27.6465 -11.49
      vertex 36.0874 -28.0442 -11.49
    endloop
  endfacet
  facet normal 0 0 -1
    outer loop
      vertex 35.6646 -27.5868 -11.49
      vertex 36.1691 -27.6465 -11.49
      vertex 35.7242 -27.9964 -11.49
    endloop
  endfacet
  facet normal 0 0 -1
    outer loop
      vertex 36.1691 -27.6465 -11.49
      vertex 35.6646 -27.5868 -11.49
      vertex 36.6573 -26 -11.49
    endloop
  endfacet
  facet normal 0 0 -1
    outer loop
      vertex 34.4738 -27.9964 -11.49
      vertex 35.6646 -27.5868 -11.49
      vertex 35.7242 -27.9964 -11.49
    endloop
  endfacet
  facet normal -0 0 -1
    outer loop
      vertex 35.6646 -27.5868 -11.49
      vertex 34.4738 -27.9964 -11.49
      vertex 34.4738 -27.5868 -11.49
    endloop
  endfacet
  facet normal 0 1 -0
    outer loop
      vertex 35.6646 -27.5868 -11.49
      vertex 34.4738 -27.5868 -10.99
      vertex 35.6646 -27.5868 -10.99
    endloop
  endfacet
  facet normal 0 1 0
    outer loop
      vertex 34.4738 -27.5868 -10.99
      vertex 35.6646 -27.5868 -11.49
      vertex 34.4738 -27.5868 -11.49
    endloop
  endfacet
  facet normal -0.84777 0.530364 0
    outer loop
      vertex 35.6646 -27.5868 -11.49
      vertex 36.6573 -26 -10.99
      vertex 36.6573 -26 -11.49
    endloop
  endfacet
  facet normal -0.84777 0.530364 0
    outer loop
      vertex 36.6573 -26 -10.99
      vertex 35.6646 -27.5868 -11.49
      vertex 35.6646 -27.5868 -10.99
    endloop
  endfacet
  facet normal 0 1 -0
    outer loop
      vertex 37.2541 -26 -11.49
      vertex 36.6573 -26 -10.99
      vertex 37.2541 -26 -10.99
    endloop
  endfacet
  facet normal 0 1 0
    outer loop
      vertex 36.6573 -26 -10.99
      vertex 37.2541 -26 -11.49
      vertex 36.6573 -26 -11.49
    endloop
  endfacet
  facet normal 0.835003 -0.550245 0
    outer loop
      vertex 36.1691 -27.6465 -10.99
      vertex 37.2541 -26 -11.49
      vertex 37.2541 -26 -10.99
    endloop
  endfacet
  facet normal 0.835003 -0.550245 0
    outer loop
      vertex 37.2541 -26 -11.49
      vertex 36.1691 -27.6465 -10.99
      vertex 36.1691 -27.6465 -11.49
    endloop
  endfacet
  facet normal 0.315424 0.948951 -0
    outer loop
      vertex 36.5587 -27.776 -11.49
      vertex 36.1691 -27.6465 -10.99
      vertex 36.5587 -27.776 -10.99
    endloop
  endfacet
  facet normal 0.315424 0.948951 0
    outer loop
      vertex 36.1691 -27.6465 -10.99
      vertex 36.5587 -27.776 -11.49
      vertex 36.1691 -27.6465 -11.49
    endloop
  endfacet
  facet normal 0.625436 0.780276 -0
    outer loop
      vertex 36.854 -28.0127 -11.49
      vertex 36.5587 -27.776 -10.99
      vertex 36.854 -28.0127 -10.99
    endloop
  endfacet
  facet normal 0.625436 0.780276 0
    outer loop
      vertex 36.5587 -27.776 -10.99
      vertex 36.854 -28.0127 -11.49
      vertex 36.5587 -27.776 -11.49
    endloop
  endfacet
  facet normal 0.867204 0.497953 0
    outer loop
      vertex 37.0401 -28.3368 -10.99
      vertex 36.854 -28.0127 -11.49
      vertex 36.854 -28.0127 -10.99
    endloop
  endfacet
  facet normal 0.867204 0.497953 0
    outer loop
      vertex 36.854 -28.0127 -11.49
      vertex 37.0401 -28.3368 -10.99
      vertex 37.0401 -28.3368 -11.49
    endloop
  endfacet
  facet normal 0.987683 0.156467 0
    outer loop
      vertex 37.1022 -28.7288 -10.99
      vertex 37.0401 -28.3368 -11.49
      vertex 37.0401 -28.3368 -10.99
    endloop
  endfacet
  facet normal 0.987683 0.156467 0
    outer loop
      vertex 37.0401 -28.3368 -11.49
      vertex 37.1022 -28.7288 -10.99
      vertex 37.1022 -28.7288 -11.49
    endloop
  endfacet
  facet normal 0.982169 -0.187998 0
    outer loop
      vertex 37.0144 -29.1875 -10.99
      vertex 37.1022 -28.7288 -11.49
      vertex 37.1022 -28.7288 -10.99
    endloop
  endfacet
  facet normal 0.982169 -0.187998 0
    outer loop
      vertex 37.1022 -28.7288 -11.49
      vertex 37.0144 -29.1875 -10.99
      vertex 37.0144 -29.1875 -11.49
    endloop
  endfacet
  facet normal 0.795141 -0.606425 0
    outer loop
      vertex 36.7509 -29.533 -10.99
      vertex 37.0144 -29.1875 -11.49
      vertex 37.0144 -29.1875 -10.99
    endloop
  endfacet
  facet normal 0.795141 -0.606425 0
    outer loop
      vertex 37.0144 -29.1875 -11.49
      vertex 36.7509 -29.533 -10.99
      vertex 36.7509 -29.533 -11.49
    endloop
  endfacet
  facet normal 0.454413 -0.890791 0
    outer loop
      vertex 36.3261 -29.7497 -11.49
      vertex 36.7509 -29.533 -10.99
      vertex 36.3261 -29.7497 -10.99
    endloop
  endfacet
  facet normal 0.454413 -0.890791 0
    outer loop
      vertex 36.7509 -29.533 -10.99
      vertex 36.3261 -29.7497 -11.49
      vertex 36.7509 -29.533 -11.49
    endloop
  endfacet
  facet normal 0.12523 -0.992128 0
    outer loop
      vertex 35.7541 -29.8219 -11.49
      vertex 36.3261 -29.7497 -10.99
      vertex 35.7541 -29.8219 -10.99
    endloop
  endfacet
  facet normal 0.12523 -0.992128 0
    outer loop
      vertex 36.3261 -29.7497 -10.99
      vertex 35.7541 -29.8219 -11.49
      vertex 36.3261 -29.7497 -11.49
    endloop
  endfacet
  facet normal 0 -1 0
    outer loop
      vertex 33.9557 -29.8219 -11.49
      vertex 35.7541 -29.8219 -10.99
      vertex 33.9557 -29.8219 -10.99
    endloop
  endfacet
  facet normal 0 -1 -0
    outer loop
      vertex 35.7541 -29.8219 -10.99
      vertex 33.9557 -29.8219 -11.49
      vertex 35.7541 -29.8219 -11.49
    endloop
  endfacet
  facet normal -1 0 0
    outer loop
      vertex 33.9557 -29.8219 -11.49
      vertex 33.9557 -26 -10.99
      vertex 33.9557 -26 -11.49
    endloop
  endfacet
  facet normal -1 -0 0
    outer loop
      vertex 33.9557 -26 -10.99
      vertex 33.9557 -29.8219 -11.49
      vertex 33.9557 -29.8219 -10.99
    endloop
  endfacet
  facet normal 0 1 -0
    outer loop
      vertex 34.4738 -26 -11.49
      vertex 33.9557 -26 -10.99
      vertex 34.4738 -26 -10.99
    endloop
  endfacet
  facet normal 0 1 0
    outer loop
      vertex 33.9557 -26 -10.99
      vertex 34.4738 -26 -11.49
      vertex 33.9557 -26 -11.49
    endloop
  endfacet
  facet normal 1 -0 0
    outer loop
      vertex 34.4738 -27.5868 -10.99
      vertex 34.4738 -26 -11.49
      vertex 34.4738 -26 -10.99
    endloop
  endfacet
  facet normal 1 0 0
    outer loop
      vertex 34.4738 -26 -11.49
      vertex 34.4738 -27.5868 -10.99
      vertex 34.4738 -27.5868 -11.49
    endloop
  endfacet
  facet normal 1 -0 0
    outer loop
      vertex 34.4738 -29.4069 -10.99
      vertex 34.4738 -27.9964 -11.49
      vertex 34.4738 -27.9964 -10.99
    endloop
  endfacet
  facet normal 1 0 0
    outer loop
      vertex 34.4738 -27.9964 -11.49
      vertex 34.4738 -29.4069 -10.99
      vertex 34.4738 -29.4069 -11.49
    endloop
  endfacet
  facet normal 0 1 -0
    outer loop
      vertex 35.7025 -29.4069 -11.49
      vertex 34.4738 -29.4069 -10.99
      vertex 35.7025 -29.4069 -10.99
    endloop
  endfacet
  facet normal 0 1 0
    outer loop
      vertex 34.4738 -29.4069 -10.99
      vertex 35.7025 -29.4069 -11.49
      vertex 34.4738 -29.4069 -11.49
    endloop
  endfacet
  facet normal -0.115416 0.993317 0
    outer loop
      vertex 36.0786 -29.3632 -11.49
      vertex 35.7025 -29.4069 -10.99
      vertex 36.0786 -29.3632 -10.99
    endloop
  endfacet
  facet normal -0.115416 0.993317 0
    outer loop
      vertex 35.7025 -29.4069 -10.99
      vertex 36.0786 -29.3632 -11.49
      vertex 35.7025 -29.4069 -11.49
    endloop
  endfacet
  facet normal -0.42921 0.903205 0
    outer loop
      vertex 36.3549 -29.2319 -11.49
      vertex 36.0786 -29.3632 -10.99
      vertex 36.3549 -29.2319 -10.99
    endloop
  endfacet
  facet normal -0.42921 0.903205 0
    outer loop
      vertex 36.0786 -29.3632 -10.99
      vertex 36.3549 -29.2319 -11.49
      vertex 36.0786 -29.3632 -11.49
    endloop
  endfacet
  facet normal -0.784031 0.620722 0
    outer loop
      vertex 36.3549 -29.2319 -11.49
      vertex 36.5248 -29.0173 -10.99
      vertex 36.5248 -29.0173 -11.49
    endloop
  endfacet
  facet normal -0.784031 0.620722 0
    outer loop
      vertex 36.5248 -29.0173 -10.99
      vertex 36.3549 -29.2319 -11.49
      vertex 36.3549 -29.2319 -10.99
    endloop
  endfacet
  facet normal -0.981956 0.189108 0
    outer loop
      vertex 36.5248 -29.0173 -11.49
      vertex 36.5814 -28.7234 -10.99
      vertex 36.5814 -28.7234 -11.49
    endloop
  endfacet
  facet normal -0.981956 0.189108 0
    outer loop
      vertex 36.5814 -28.7234 -10.99
      vertex 36.5248 -29.0173 -11.49
      vertex 36.5248 -29.0173 -10.99
    endloop
  endfacet
  facet normal -0.983684 -0.179903 0
    outer loop
      vertex 36.5814 -28.7234 -11.49
      vertex 36.5254 -28.4172 -10.99
      vertex 36.5254 -28.4172 -11.49
    endloop
  endfacet
  facet normal -0.983684 -0.179903 0
    outer loop
      vertex 36.5254 -28.4172 -10.99
      vertex 36.5814 -28.7234 -11.49
      vertex 36.5814 -28.7234 -10.99
    endloop
  endfacet
  facet normal -0.807365 -0.590052 0
    outer loop
      vertex 36.5254 -28.4172 -11.49
      vertex 36.3576 -28.1876 -10.99
      vertex 36.3576 -28.1876 -11.49
    endloop
  endfacet
  facet normal -0.807365 -0.590052 0
    outer loop
      vertex 36.3576 -28.1876 -10.99
      vertex 36.5254 -28.4172 -11.49
      vertex 36.5254 -28.4172 -10.99
    endloop
  endfacet
  facet normal -0.468789 -0.88331 0
    outer loop
      vertex 36.0874 -28.0442 -11.49
      vertex 36.3576 -28.1876 -10.99
      vertex 36.0874 -28.0442 -10.99
    endloop
  endfacet
  facet normal -0.468789 -0.88331 -0
    outer loop
      vertex 36.3576 -28.1876 -10.99
      vertex 36.0874 -28.0442 -11.49
      vertex 36.3576 -28.1876 -11.49
    endloop
  endfacet
  facet normal -0.130483 -0.991451 0
    outer loop
      vertex 35.7242 -27.9964 -11.49
      vertex 36.0874 -28.0442 -10.99
      vertex 35.7242 -27.9964 -10.99
    endloop
  endfacet
  facet normal -0.130483 -0.991451 -0
    outer loop
      vertex 36.0874 -28.0442 -10.99
      vertex 35.7242 -27.9964 -11.49
      vertex 36.0874 -28.0442 -11.49
    endloop
  endfacet
  facet normal 0 -1 0
    outer loop
      vertex 34.4738 -27.9964 -11.49
      vertex 35.7242 -27.9964 -10.99
      vertex 34.4738 -27.9964 -10.99
    endloop
  endfacet
  facet normal 0 -1 -0
    outer loop
      vertex 35.7242 -27.9964 -10.99
      vertex 34.4738 -27.9964 -11.49
      vertex 35.7242 -27.9964 -11.49
    endloop
  endfacet
  facet normal -0 0 1
    outer loop
      vertex 43.9557 -19 -10.99
      vertex 44.4738 -20.5488 -10.99
      vertex 44.4738 -19 -10.99
    endloop
  endfacet
  facet normal 0 0 1
    outer loop
      vertex 44.4738 -20.5488 -10.99
      vertex 43.9557 -19 -10.99
      vertex 44.4738 -20.9774 -10.99
    endloop
  endfacet
  facet normal 0 0 1
    outer loop
      vertex 43.9557 -22.8219 -10.99
      vertex 44.4738 -20.9774 -10.99
      vertex 43.9557 -19 -10.99
    endloop
  endfacet
  facet normal -0 0 1
    outer loop
      vertex 44.4738 -20.5488 -10.99
      vertex 46.6058 -20.9774 -10.99
      vertex 46.6058 -20.5488 -10.99
    endloop
  endfacet
  facet normal 0 0 1
    outer loop
      vertex 46.6058 -20.9774 -10.99
      vertex 44.4738 -20.5488 -10.99
      vertex 44.4738 -20.9774 -10.99
    endloop
  endfacet
  facet normal -0 0 1
    outer loop
      vertex 44.4738 -22.3988 -10.99
      vertex 46.6709 -22.8219 -10.99
      vertex 46.6709 -22.3988 -10.99
    endloop
  endfacet
  facet normal 0 0 1
    outer loop
      vertex 44.4738 -22.3988 -10.99
      vertex 43.9557 -22.8219 -10.99
      vertex 46.6709 -22.8219 -10.99
    endloop
  endfacet
  facet normal 0 0 1
    outer loop
      vertex 44.4738 -20.9774 -10.99
      vertex 43.9557 -22.8219 -10.99
      vertex 44.4738 -22.3988 -10.99
    endloop
  endfacet
  facet normal 0 0 1
    outer loop
      vertex 48.767 -19 -10.99
      vertex 48.2517 -19 -10.99
      vertex 48.767 -22.3988 -10.99
    endloop
  endfacet
  facet normal -0 0 1
    outer loop
      vertex 48.767 -22.3988 -10.99
      vertex 50.0798 -22.8219 -10.99
      vertex 50.0798 -22.3988 -10.99
    endloop
  endfacet
  facet normal 0 0 1
    outer loop
      vertex 48.2517 -22.3988 -10.99
      vertex 48.767 -22.3988 -10.99
      vertex 48.2517 -19 -10.99
    endloop
  endfacet
  facet normal -0 0 1
    outer loop
      vertex 48.2517 -22.3988 -10.99
      vertex 50.0798 -22.8219 -10.99
      vertex 48.767 -22.3988 -10.99
    endloop
  endfacet
  facet normal 0 0 1
    outer loop
      vertex 46.9388 -22.8219 -10.99
      vertex 48.2517 -22.3988 -10.99
      vertex 46.9388 -22.3988 -10.99
    endloop
  endfacet
  facet normal 0 0 1
    outer loop
      vertex 48.2517 -22.3988 -10.99
      vertex 46.9388 -22.8219 -10.99
      vertex 50.0798 -22.8219 -10.99
    endloop
  endfacet
  facet normal 0 0 -1
    outer loop
      vertex 46.6709 -22.8219 -11.49
      vertex 44.4738 -22.3988 -11.49
      vertex 46.6709 -22.3988 -11.49
    endloop
  endfacet
  facet normal 0 0 -1
    outer loop
      vertex 43.9557 -22.8219 -11.49
      vertex 44.4738 -20.9774 -11.49
      vertex 44.4738 -22.3988 -11.49
    endloop
  endfacet
  facet normal 0 0 -1
    outer loop
      vertex 43.9557 -19 -11.49
      vertex 44.4738 -20.9774 -11.49
      vertex 43.9557 -22.8219 -11.49
    endloop
  endfacet
  facet normal 0 0 -1
    outer loop
      vertex 43.9557 -22.8219 -11.49
      vertex 44.4738 -22.3988 -11.49
      vertex 46.6709 -22.8219 -11.49
    endloop
  endfacet
  facet normal 0 0 -1
    outer loop
      vertex 44.4738 -20.9774 -11.49
      vertex 43.9557 -19 -11.49
      vertex 44.4738 -20.5488 -11.49
    endloop
  endfacet
  facet normal 0 0 -1
    outer loop
      vertex 44.4738 -20.5488 -11.49
      vertex 43.9557 -19 -11.49
      vertex 44.4738 -19 -11.49
    endloop
  endfacet
  facet normal 0 0 -1
    outer loop
      vertex 44.4738 -20.9774 -11.49
      vertex 46.6058 -20.5488 -11.49
      vertex 46.6058 -20.9774 -11.49
    endloop
  endfacet
  facet normal -0 0 -1
    outer loop
      vertex 46.6058 -20.5488 -11.49
      vertex 44.4738 -20.9774 -11.49
      vertex 44.4738 -20.5488 -11.49
    endloop
  endfacet
  facet normal 0 0 -1
    outer loop
      vertex 50.0798 -22.8219 -11.49
      vertex 48.767 -22.3988 -11.49
      vertex 50.0798 -22.3988 -11.49
    endloop
  endfacet
  facet normal 0 0 -1
    outer loop
      vertex 48.767 -22.3988 -11.49
      vertex 48.2517 -22.3988 -11.49
      vertex 48.767 -19 -11.49
    endloop
  endfacet
  facet normal 0 0 -1
    outer loop
      vertex 50.0798 -22.8219 -11.49
      vertex 48.2517 -22.3988 -11.49
      vertex 48.767 -22.3988 -11.49
    endloop
  endfacet
  facet normal 0 0 -1
    outer loop
      vertex 46.9388 -22.8219 -11.49
      vertex 48.2517 -22.3988 -11.49
      vertex 50.0798 -22.8219 -11.49
    endloop
  endfacet
  facet normal -0 0 -1
    outer loop
      vertex 48.2517 -22.3988 -11.49
      vertex 46.9388 -22.8219 -11.49
      vertex 46.9388 -22.3988 -11.49
    endloop
  endfacet
  facet normal -0 0 -1
    outer loop
      vertex 48.767 -19 -11.49
      vertex 48.2517 -22.3988 -11.49
      vertex 48.2517 -19 -11.49
    endloop
  endfacet
  facet normal 0 1 -0
    outer loop
      vertex 46.6058 -20.5488 -11.49
      vertex 44.4738 -20.5488 -10.99
      vertex 46.6058 -20.5488 -10.99
    endloop
  endfacet
  facet normal 0 1 0
    outer loop
      vertex 44.4738 -20.5488 -10.99
      vertex 46.6058 -20.5488 -11.49
      vertex 44.4738 -20.5488 -11.49
    endloop
  endfacet
  facet normal 1 -0 0
    outer loop
      vertex 46.6058 -20.9774 -10.99
      vertex 46.6058 -20.5488 -11.49
      vertex 46.6058 -20.5488 -10.99
    endloop
  endfacet
  facet normal 1 0 0
    outer loop
      vertex 46.6058 -20.5488 -11.49
      vertex 46.6058 -20.9774 -10.99
      vertex 46.6058 -20.9774 -11.49
    endloop
  endfacet
  facet normal 0 -1 0
    outer loop
      vertex 44.4738 -20.9774 -11.49
      vertex 46.6058 -20.9774 -10.99
      vertex 44.4738 -20.9774 -10.99
    endloop
  endfacet
  facet normal 0 -1 -0
    outer loop
      vertex 46.6058 -20.9774 -10.99
      vertex 44.4738 -20.9774 -11.49
      vertex 46.6058 -20.9774 -11.49
    endloop
  endfacet
  facet normal 1 -0 0
    outer loop
      vertex 44.4738 -22.3988 -10.99
      vertex 44.4738 -20.9774 -11.49
      vertex 44.4738 -20.9774 -10.99
    endloop
  endfacet
  facet normal 1 0 0
    outer loop
      vertex 44.4738 -20.9774 -11.49
      vertex 44.4738 -22.3988 -10.99
      vertex 44.4738 -22.3988 -11.49
    endloop
  endfacet
  facet normal 0 1 -0
    outer loop
      vertex 46.6709 -22.3988 -11.49
      vertex 44.4738 -22.3988 -10.99
      vertex 46.6709 -22.3988 -10.99
    endloop
  endfacet
  facet normal 0 1 0
    outer loop
      vertex 44.4738 -22.3988 -10.99
      vertex 46.6709 -22.3988 -11.49
      vertex 44.4738 -22.3988 -11.49
    endloop
  endfacet
  facet normal 1 -0 0
    outer loop
      vertex 46.6709 -22.8219 -10.99
      vertex 46.6709 -22.3988 -11.49
      vertex 46.6709 -22.3988 -10.99
    endloop
  endfacet
  facet normal 1 0 0
    outer loop
      vertex 46.6709 -22.3988 -11.49
      vertex 46.6709 -22.8219 -10.99
      vertex 46.6709 -22.8219 -11.49
    endloop
  endfacet
  facet normal 0 -1 0
    outer loop
      vertex 43.9557 -22.8219 -11.49
      vertex 46.6709 -22.8219 -10.99
      vertex 43.9557 -22.8219 -10.99
    endloop
  endfacet
  facet normal 0 -1 -0
    outer loop
      vertex 46.6709 -22.8219 -10.99
      vertex 43.9557 -22.8219 -11.49
      vertex 46.6709 -22.8219 -11.49
    endloop
  endfacet
  facet normal -1 0 0
    outer loop
      vertex 43.9557 -22.8219 -11.49
      vertex 43.9557 -19 -10.99
      vertex 43.9557 -19 -11.49
    endloop
  endfacet
  facet normal -1 -0 0
    outer loop
      vertex 43.9557 -19 -10.99
      vertex 43.9557 -22.8219 -11.49
      vertex 43.9557 -22.8219 -10.99
    endloop
  endfacet
  facet normal 0 1 -0
    outer loop
      vertex 44.4738 -19 -11.49
      vertex 43.9557 -19 -10.99
      vertex 44.4738 -19 -10.99
    endloop
  endfacet
  facet normal 0 1 0
    outer loop
      vertex 43.9557 -19 -10.99
      vertex 44.4738 -19 -11.49
      vertex 43.9557 -19 -11.49
    endloop
  endfacet
  facet normal 1 -0 0
    outer loop
      vertex 44.4738 -20.5488 -10.99
      vertex 44.4738 -19 -11.49
      vertex 44.4738 -19 -10.99
    endloop
  endfacet
  facet normal 1 0 0
    outer loop
      vertex 44.4738 -19 -11.49
      vertex 44.4738 -20.5488 -10.99
      vertex 44.4738 -20.5488 -11.49
    endloop
  endfacet
  facet normal 0 1 -0
    outer loop
      vertex 50.0798 -22.3988 -11.49
      vertex 48.767 -22.3988 -10.99
      vertex 50.0798 -22.3988 -10.99
    endloop
  endfacet
  facet normal 0 1 0
    outer loop
      vertex 48.767 -22.3988 -10.99
      vertex 50.0798 -22.3988 -11.49
      vertex 48.767 -22.3988 -11.49
    endloop
  endfacet
  facet normal 1 -0 0
    outer loop
      vertex 50.0798 -22.8219 -10.99
      vertex 50.0798 -22.3988 -11.49
      vertex 50.0798 -22.3988 -10.99
    endloop
  endfacet
  facet normal 1 0 0
    outer loop
      vertex 50.0798 -22.3988 -11.49
      vertex 50.0798 -22.8219 -10.99
      vertex 50.0798 -22.8219 -11.49
    endloop
  endfacet
  facet normal 0 -1 0
    outer loop
      vertex 46.9388 -22.8219 -11.49
      vertex 50.0798 -22.8219 -10.99
      vertex 46.9388 -22.8219 -10.99
    endloop
  endfacet
  facet normal 0 -1 -0
    outer loop
      vertex 50.0798 -22.8219 -10.99
      vertex 46.9388 -22.8219 -11.49
      vertex 50.0798 -22.8219 -11.49
    endloop
  endfacet
  facet normal -1 0 0
    outer loop
      vertex 46.9388 -22.8219 -11.49
      vertex 46.9388 -22.3988 -10.99
      vertex 46.9388 -22.3988 -11.49
    endloop
  endfacet
  facet normal -1 -0 0
    outer loop
      vertex 46.9388 -22.3988 -10.99
      vertex 46.9388 -22.8219 -11.49
      vertex 46.9388 -22.8219 -10.99
    endloop
  endfacet
  facet normal 0 1 -0
    outer loop
      vertex 48.2517 -22.3988 -11.49
      vertex 46.9388 -22.3988 -10.99
      vertex 48.2517 -22.3988 -10.99
    endloop
  endfacet
  facet normal 0 1 0
    outer loop
      vertex 46.9388 -22.3988 -10.99
      vertex 48.2517 -22.3988 -11.49
      vertex 46.9388 -22.3988 -11.49
    endloop
  endfacet
  facet normal -1 0 0
    outer loop
      vertex 48.2517 -22.3988 -11.49
      vertex 48.2517 -19 -10.99
      vertex 48.2517 -19 -11.49
    endloop
  endfacet
  facet normal -1 -0 0
    outer loop
      vertex 48.2517 -19 -10.99
      vertex 48.2517 -22.3988 -11.49
      vertex 48.2517 -22.3988 -10.99
    endloop
  endfacet
  facet normal 0 1 -0
    outer loop
      vertex 48.767 -19 -11.49
      vertex 48.2517 -19 -10.99
      vertex 48.767 -19 -10.99
    endloop
  endfacet
  facet normal 0 1 0
    outer loop
      vertex 48.2517 -19 -10.99
      vertex 48.767 -19 -11.49
      vertex 48.2517 -19 -11.49
    endloop
  endfacet
  facet normal 1 -0 0
    outer loop
      vertex 48.767 -22.3988 -10.99
      vertex 48.767 -19 -11.49
      vertex 48.767 -19 -10.99
    endloop
  endfacet
  facet normal 1 0 0
    outer loop
      vertex 48.767 -19 -11.49
      vertex 48.767 -22.3988 -10.99
      vertex 48.767 -22.3988 -11.49
    endloop
  endfacet
  facet normal 0 0 1
    outer loop
      vertex 59.9123 -20.0769 -10.99
      vertex 59.3345 -19.811 -10.99
      vertex 59.3888 -20.1176 -10.99
    endloop
  endfacet
  facet normal 0 0 1
    outer loop
      vertex 59.5407 -19.2834 -10.99
      vertex 59.1718 -19.5913 -10.99
      vertex 59.3345 -19.811 -10.99
    endloop
  endfacet
  facet normal 0 0 1
    outer loop
      vertex 59.0965 -19.0708 -10.99
      vertex 59.1718 -19.5913 -10.99
      vertex 59.5407 -19.2834 -10.99
    endloop
  endfacet
  facet normal 0 0 1
    outer loop
      vertex 59.0965 -19.0708 -10.99
      vertex 58.8904 -19.4591 -10.99
      vertex 59.1718 -19.5913 -10.99
    endloop
  endfacet
  facet normal 0 0 1
    outer loop
      vertex 58.5072 -19 -10.99
      vertex 58.8904 -19.4591 -10.99
      vertex 59.0965 -19.0708 -10.99
    endloop
  endfacet
  facet normal 0 0 1
    outer loop
      vertex 58.5072 -19 -10.99
      vertex 58.4801 -19.415 -10.99
      vertex 58.8904 -19.4591 -10.99
    endloop
  endfacet
  facet normal 0 0 1
    outer loop
      vertex 58.5072 -19 -10.99
      vertex 57.4738 -19.415 -10.99
      vertex 58.4801 -19.415 -10.99
    endloop
  endfacet
  facet normal 0 0 1
    outer loop
      vertex 56.9557 -19 -10.99
      vertex 57.4738 -20.793 -10.99
      vertex 57.4738 -19.415 -10.99
    endloop
  endfacet
  facet normal 0 0 1
    outer loop
      vertex 56.9557 -22.8219 -10.99
      vertex 57.4738 -20.793 -10.99
      vertex 56.9557 -19 -10.99
    endloop
  endfacet
  facet normal 0 0 1
    outer loop
      vertex 57.4738 -20.793 -10.99
      vertex 56.9557 -22.8219 -10.99
      vertex 57.4738 -21.1971 -10.99
    endloop
  endfacet
  facet normal -0 0 1
    outer loop
      vertex 56.9557 -19 -10.99
      vertex 57.4738 -19.415 -10.99
      vertex 58.5072 -19 -10.99
    endloop
  endfacet
  facet normal -0 0 1
    outer loop
      vertex 59.3345 -19.811 -10.99
      vertex 59.9123 -20.0769 -10.99
      vertex 59.8194 -19.6235 -10.99
    endloop
  endfacet
  facet normal 0 0 1
    outer loop
      vertex 59.9123 -20.0769 -10.99
      vertex 59.3888 -20.1176 -10.99
      vertex 59.8506 -20.4264 -10.99
    endloop
  endfacet
  facet normal 0 0 1
    outer loop
      vertex 59.3345 -19.811 -10.99
      vertex 59.8194 -19.6235 -10.99
      vertex 59.5407 -19.2834 -10.99
    endloop
  endfacet
  facet normal 0 0 1
    outer loop
      vertex 59.8506 -20.4264 -10.99
      vertex 59.3888 -20.1176 -10.99
      vertex 59.6655 -20.7102 -10.99
    endloop
  endfacet
  facet normal -0 0 1
    outer loop
      vertex 59.1515 -20.6241 -10.99
      vertex 59.6655 -20.7102 -10.99
      vertex 59.3888 -20.1176 -10.99
    endloop
  endfacet
  facet normal 0 0 1
    outer loop
      vertex 59.6655 -20.7102 -10.99
      vertex 59.1515 -20.6241 -10.99
      vertex 59.3664 -20.912 -10.99
    endloop
  endfacet
  facet normal 0 0 1
    outer loop
      vertex 59.1515 -20.6241 -10.99
      vertex 58.963 -21.0154 -10.99
      vertex 59.3664 -20.912 -10.99
    endloop
  endfacet
  facet normal -0 0 1
    outer loop
      vertex 58.4394 -20.793 -10.99
      vertex 58.963 -21.0154 -10.99
      vertex 59.1515 -20.6241 -10.99
    endloop
  endfacet
  facet normal 0 0 1
    outer loop
      vertex 58.963 -21.0154 -10.99
      vertex 58.4394 -20.793 -10.99
      vertex 58.707 -21.2361 -10.99
    endloop
  endfacet
  facet normal 0 0 1
    outer loop
      vertex 58.4394 -20.793 -10.99
      vertex 58.3445 -21.1971 -10.99
      vertex 58.707 -21.2361 -10.99
    endloop
  endfacet
  facet normal -0 0 1
    outer loop
      vertex 57.4738 -20.793 -10.99
      vertex 58.3445 -21.1971 -10.99
      vertex 58.4394 -20.793 -10.99
    endloop
  endfacet
  facet normal 0 0 1
    outer loop
      vertex 58.3445 -21.1971 -10.99
      vertex 57.4738 -20.793 -10.99
      vertex 57.4738 -21.1971 -10.99
    endloop
  endfacet
  facet normal 0 0 1
    outer loop
      vertex 59.6424 -21.5823 -10.99
      vertex 59.1179 -21.5508 -10.99
      vertex 59.1691 -21.8318 -10.99
    endloop
  endfacet
  facet normal 0 0 1
    outer loop
      vertex 59.2708 -21.132 -10.99
      vertex 58.9643 -21.3531 -10.99
      vertex 59.1179 -21.5508 -10.99
    endloop
  endfacet
  facet normal 0 0 1
    outer loop
      vertex 58.963 -21.0154 -10.99
      vertex 58.9643 -21.3531 -10.99
      vertex 59.2708 -21.132 -10.99
    endloop
  endfacet
  facet normal 0 0 1
    outer loop
      vertex 58.9643 -21.3531 -10.99
      vertex 58.963 -21.0154 -10.99
      vertex 58.707 -21.2361 -10.99
    endloop
  endfacet
  facet normal -0 0 1
    outer loop
      vertex 59.1179 -21.5508 -10.99
      vertex 59.6424 -21.5823 -10.99
      vertex 59.5 -21.3246 -10.99
    endloop
  endfacet
  facet normal 0 0 1
    outer loop
      vertex 59.6424 -21.5823 -10.99
      vertex 59.1691 -21.8318 -10.99
      vertex 59.6899 -21.8942 -10.99
    endloop
  endfacet
  facet normal 0 0 1
    outer loop
      vertex 59.1179 -21.5508 -10.99
      vertex 59.5 -21.3246 -10.99
      vertex 59.2708 -21.132 -10.99
    endloop
  endfacet
  facet normal 0 0 1
    outer loop
      vertex 59.1162 -22.097 -10.99
      vertex 59.6899 -21.8942 -10.99
      vertex 59.1691 -21.8318 -10.99
    endloop
  endfacet
  facet normal 0 0 1
    outer loop
      vertex 59.6899 -21.8942 -10.99
      vertex 59.1162 -22.097 -10.99
      vertex 59.3536 -22.59 -10.99
    endloop
  endfacet
  facet normal -0 0 1
    outer loop
      vertex 58.9575 -22.274 -10.99
      vertex 59.3536 -22.59 -10.99
      vertex 59.1162 -22.097 -10.99
    endloop
  endfacet
  facet normal -0 0 1
    outer loop
      vertex 58.6985 -22.3737 -10.99
      vertex 59.3536 -22.59 -10.99
      vertex 58.9575 -22.274 -10.99
    endloop
  endfacet
  facet normal 0 0 1
    outer loop
      vertex 58.3445 -22.8219 -10.99
      vertex 58.6985 -22.3737 -10.99
      vertex 58.3445 -22.4069 -10.99
    endloop
  endfacet
  facet normal 0 0 1
    outer loop
      vertex 58.6985 -22.3737 -10.99
      vertex 58.3445 -22.8219 -10.99
      vertex 59.3536 -22.59 -10.99
    endloop
  endfacet
  facet normal -0 0 1
    outer loop
      vertex 57.4738 -22.4069 -10.99
      vertex 58.3445 -22.8219 -10.99
      vertex 58.3445 -22.4069 -10.99
    endloop
  endfacet
  facet normal 0 0 1
    outer loop
      vertex 57.4738 -22.4069 -10.99
      vertex 56.9557 -22.8219 -10.99
      vertex 58.3445 -22.8219 -10.99
    endloop
  endfacet
  facet normal 0 0 1
    outer loop
      vertex 57.4738 -21.1971 -10.99
      vertex 56.9557 -22.8219 -10.99
      vertex 57.4738 -22.4069 -10.99
    endloop
  endfacet
  facet normal -0 0 1
    outer loop
      vertex 63.1187 -19 -10.99
      vertex 61.9171 -21.1619 -10.99
      vertex 63.7616 -19 -10.99
    endloop
  endfacet
  facet normal 0 -0 1
    outer loop
      vertex 61.9171 -21.1619 -10.99
      vertex 63.1187 -19 -10.99
      vertex 61.5915 -20.8445 -10.99
    endloop
  endfacet
  facet normal 0 0 1
    outer loop
      vertex 61.9171 -21.1619 -10.99
      vertex 62.9342 -22.8219 -10.99
      vertex 63.5445 -22.8219 -10.99
    endloop
  endfacet
  facet normal -0 0 1
    outer loop
      vertex 61.0925 -20.9069 -10.99
      vertex 61.9171 -21.1619 -10.99
      vertex 61.5915 -20.8445 -10.99
    endloop
  endfacet
  facet normal 0 0 1
    outer loop
      vertex 61.0925 -20.9069 -10.99
      vertex 61.5915 -20.8445 -10.99
      vertex 61.0925 -20.4648 -10.99
    endloop
  endfacet
  facet normal 0 0 1
    outer loop
      vertex 61.9171 -21.1619 -10.99
      vertex 61.0925 -20.9069 -10.99
      vertex 62.9342 -22.8219 -10.99
    endloop
  endfacet
  facet normal -0 0 1
    outer loop
      vertex 60.5744 -19 -10.99
      vertex 61.0925 -20.4648 -10.99
      vertex 61.0925 -19 -10.99
    endloop
  endfacet
  facet normal 0 0 1
    outer loop
      vertex 61.0925 -20.4648 -10.99
      vertex 60.5744 -19 -10.99
      vertex 61.0925 -20.9069 -10.99
    endloop
  endfacet
  facet normal 0 0 1
    outer loop
      vertex 60.5744 -22.8219 -10.99
      vertex 61.0925 -20.9069 -10.99
      vertex 60.5744 -19 -10.99
    endloop
  endfacet
  facet normal 0 0 1
    outer loop
      vertex 61.0925 -20.9069 -10.99
      vertex 60.5744 -22.8219 -10.99
      vertex 61.0925 -22.8219 -10.99
    endloop
  endfacet
  facet normal 0 0 -1
    outer loop
      vertex 59.1691 -21.8318 -11.49
      vertex 59.6424 -21.5823 -11.49
      vertex 59.6899 -21.8942 -11.49
    endloop
  endfacet
  facet normal 0 0 -1
    outer loop
      vertex 59.1162 -22.097 -11.49
      vertex 59.6899 -21.8942 -11.49
      vertex 59.3536 -22.59 -11.49
    endloop
  endfacet
  facet normal 0 0 -1
    outer loop
      vertex 59.1179 -21.5508 -11.49
      vertex 59.6424 -21.5823 -11.49
      vertex 59.1691 -21.8318 -11.49
    endloop
  endfacet
  facet normal 0 0 -1
    outer loop
      vertex 59.6424 -21.5823 -11.49
      vertex 59.1179 -21.5508 -11.49
      vertex 59.5 -21.3246 -11.49
    endloop
  endfacet
  facet normal -0 0 -1
    outer loop
      vertex 59.6899 -21.8942 -11.49
      vertex 59.1162 -22.097 -11.49
      vertex 59.1691 -21.8318 -11.49
    endloop
  endfacet
  facet normal 0 0 -1
    outer loop
      vertex 59.3536 -22.59 -11.49
      vertex 58.9575 -22.274 -11.49
      vertex 59.1162 -22.097 -11.49
    endloop
  endfacet
  facet normal 0 0 -1
    outer loop
      vertex 59.3536 -22.59 -11.49
      vertex 58.6985 -22.3737 -11.49
      vertex 58.9575 -22.274 -11.49
    endloop
  endfacet
  facet normal 0 0 -1
    outer loop
      vertex 58.3445 -22.8219 -11.49
      vertex 58.6985 -22.3737 -11.49
      vertex 59.3536 -22.59 -11.49
    endloop
  endfacet
  facet normal 0 0 -1
    outer loop
      vertex 58.3445 -22.8219 -11.49
      vertex 58.3445 -22.4069 -11.49
      vertex 58.6985 -22.3737 -11.49
    endloop
  endfacet
  facet normal 0 0 -1
    outer loop
      vertex 58.3445 -22.8219 -11.49
      vertex 57.4738 -22.4069 -11.49
      vertex 58.3445 -22.4069 -11.49
    endloop
  endfacet
  facet normal 0 0 -1
    outer loop
      vertex 56.9557 -22.8219 -11.49
      vertex 57.4738 -21.1971 -11.49
      vertex 57.4738 -22.4069 -11.49
    endloop
  endfacet
  facet normal -0 0 -1
    outer loop
      vertex 57.4738 -21.1971 -11.49
      vertex 56.9557 -22.8219 -11.49
      vertex 57.4738 -20.793 -11.49
    endloop
  endfacet
  facet normal 0 0 -1
    outer loop
      vertex 56.9557 -19 -11.49
      vertex 57.4738 -20.793 -11.49
      vertex 56.9557 -22.8219 -11.49
    endloop
  endfacet
  facet normal 0 0 -1
    outer loop
      vertex 56.9557 -22.8219 -11.49
      vertex 57.4738 -22.4069 -11.49
      vertex 58.3445 -22.8219 -11.49
    endloop
  endfacet
  facet normal -0 0 -1
    outer loop
      vertex 59.5 -21.3246 -11.49
      vertex 59.1179 -21.5508 -11.49
      vertex 59.2708 -21.132 -11.49
    endloop
  endfacet
  facet normal 0 0 -1
    outer loop
      vertex 58.9643 -21.3531 -11.49
      vertex 59.2708 -21.132 -11.49
      vertex 59.1179 -21.5508 -11.49
    endloop
  endfacet
  facet normal 0 0 -1
    outer loop
      vertex 58.9643 -21.3531 -11.49
      vertex 58.963 -21.0154 -11.49
      vertex 59.2708 -21.132 -11.49
    endloop
  endfacet
  facet normal 0 -0 -1
    outer loop
      vertex 58.963 -21.0154 -11.49
      vertex 58.9643 -21.3531 -11.49
      vertex 58.707 -21.2361 -11.49
    endloop
  endfacet
  facet normal 0 0 -1
    outer loop
      vertex 59.3888 -20.1176 -11.49
      vertex 59.9123 -20.0769 -11.49
      vertex 59.8506 -20.4264 -11.49
    endloop
  endfacet
  facet normal 0 0 -1
    outer loop
      vertex 59.3888 -20.1176 -11.49
      vertex 59.8506 -20.4264 -11.49
      vertex 59.6655 -20.7102 -11.49
    endloop
  endfacet
  facet normal 0 0 -1
    outer loop
      vertex 59.3345 -19.811 -11.49
      vertex 59.9123 -20.0769 -11.49
      vertex 59.3888 -20.1176 -11.49
    endloop
  endfacet
  facet normal 0 0 -1
    outer loop
      vertex 59.9123 -20.0769 -11.49
      vertex 59.3345 -19.811 -11.49
      vertex 59.8194 -19.6235 -11.49
    endloop
  endfacet
  facet normal 0 0 -1
    outer loop
      vertex 59.1515 -20.6241 -11.49
      vertex 59.6655 -20.7102 -11.49
      vertex 59.3664 -20.912 -11.49
    endloop
  endfacet
  facet normal 0 0 -1
    outer loop
      vertex 59.6655 -20.7102 -11.49
      vertex 59.1515 -20.6241 -11.49
      vertex 59.3888 -20.1176 -11.49
    endloop
  endfacet
  facet normal 0 0 -1
    outer loop
      vertex 58.963 -21.0154 -11.49
      vertex 59.1515 -20.6241 -11.49
      vertex 59.3664 -20.912 -11.49
    endloop
  endfacet
  facet normal 0 0 -1
    outer loop
      vertex 58.4394 -20.793 -11.49
      vertex 58.963 -21.0154 -11.49
      vertex 58.707 -21.2361 -11.49
    endloop
  endfacet
  facet normal 0 0 -1
    outer loop
      vertex 58.963 -21.0154 -11.49
      vertex 58.4394 -20.793 -11.49
      vertex 59.1515 -20.6241 -11.49
    endloop
  endfacet
  facet normal 0 0 -1
    outer loop
      vertex 58.3445 -21.1971 -11.49
      vertex 58.4394 -20.793 -11.49
      vertex 58.707 -21.2361 -11.49
    endloop
  endfacet
  facet normal 0 0 -1
    outer loop
      vertex 57.4738 -20.793 -11.49
      vertex 58.3445 -21.1971 -11.49
      vertex 57.4738 -21.1971 -11.49
    endloop
  endfacet
  facet normal 0 0 -1
    outer loop
      vertex 58.3445 -21.1971 -11.49
      vertex 57.4738 -20.793 -11.49
      vertex 58.4394 -20.793 -11.49
    endloop
  endfacet
  facet normal -0 0 -1
    outer loop
      vertex 59.8194 -19.6235 -11.49
      vertex 59.3345 -19.811 -11.49
      vertex 59.5407 -19.2834 -11.49
    endloop
  endfacet
  facet normal 0 0 -1
    outer loop
      vertex 59.1718 -19.5913 -11.49
      vertex 59.5407 -19.2834 -11.49
      vertex 59.3345 -19.811 -11.49
    endloop
  endfacet
  facet normal 0 0 -1
    outer loop
      vertex 59.1718 -19.5913 -11.49
      vertex 59.0965 -19.0708 -11.49
      vertex 59.5407 -19.2834 -11.49
    endloop
  endfacet
  facet normal 0 0 -1
    outer loop
      vertex 58.8904 -19.4591 -11.49
      vertex 59.0965 -19.0708 -11.49
      vertex 59.1718 -19.5913 -11.49
    endloop
  endfacet
  facet normal 0 0 -1
    outer loop
      vertex 58.8904 -19.4591 -11.49
      vertex 58.5072 -19 -11.49
      vertex 59.0965 -19.0708 -11.49
    endloop
  endfacet
  facet normal 0 0 -1
    outer loop
      vertex 58.4801 -19.415 -11.49
      vertex 58.5072 -19 -11.49
      vertex 58.8904 -19.4591 -11.49
    endloop
  endfacet
  facet normal 0 0 -1
    outer loop
      vertex 57.4738 -19.415 -11.49
      vertex 58.5072 -19 -11.49
      vertex 58.4801 -19.415 -11.49
    endloop
  endfacet
  facet normal 0 0 -1
    outer loop
      vertex 57.4738 -19.415 -11.49
      vertex 56.9557 -19 -11.49
      vertex 58.5072 -19 -11.49
    endloop
  endfacet
  facet normal 0 0 -1
    outer loop
      vertex 57.4738 -20.793 -11.49
      vertex 56.9557 -19 -11.49
      vertex 57.4738 -19.415 -11.49
    endloop
  endfacet
  facet normal 0 0 -1
    outer loop
      vertex 60.5744 -22.8219 -11.49
      vertex 61.0925 -20.9069 -11.49
      vertex 61.0925 -22.8219 -11.49
    endloop
  endfacet
  facet normal 0 0 -1
    outer loop
      vertex 60.5744 -19 -11.49
      vertex 61.0925 -20.9069 -11.49
      vertex 60.5744 -22.8219 -11.49
    endloop
  endfacet
  facet normal 0 0 -1
    outer loop
      vertex 61.0925 -20.9069 -11.49
      vertex 60.5744 -19 -11.49
      vertex 61.0925 -20.4648 -11.49
    endloop
  endfacet
  facet normal 0 0 -1
    outer loop
      vertex 61.0925 -20.4648 -11.49
      vertex 60.5744 -19 -11.49
      vertex 61.0925 -19 -11.49
    endloop
  endfacet
  facet normal 0 0 -1
    outer loop
      vertex 62.9342 -22.8219 -11.49
      vertex 61.9171 -21.1619 -11.49
      vertex 63.5445 -22.8219 -11.49
    endloop
  endfacet
  facet normal 0 0 -1
    outer loop
      vertex 61.0925 -20.9069 -11.49
      vertex 61.9171 -21.1619 -11.49
      vertex 62.9342 -22.8219 -11.49
    endloop
  endfacet
  facet normal 0 0 -1
    outer loop
      vertex 61.9171 -21.1619 -11.49
      vertex 61.0925 -20.9069 -11.49
      vertex 61.5915 -20.8445 -11.49
    endloop
  endfacet
  facet normal -0 0 -1
    outer loop
      vertex 61.5915 -20.8445 -11.49
      vertex 61.0925 -20.9069 -11.49
      vertex 61.0925 -20.4648 -11.49
    endloop
  endfacet
  facet normal 0 0 -1
    outer loop
      vertex 61.9171 -21.1619 -11.49
      vertex 63.1187 -19 -11.49
      vertex 63.7616 -19 -11.49
    endloop
  endfacet
  facet normal 0 0 -1
    outer loop
      vertex 63.1187 -19 -11.49
      vertex 61.9171 -21.1619 -11.49
      vertex 61.5915 -20.8445 -11.49
    endloop
  endfacet
  facet normal 0.431714 0.90201 -0
    outer loop
      vertex 59.5407 -19.2834 -11.49
      vertex 59.0965 -19.0708 -10.99
      vertex 59.5407 -19.2834 -10.99
    endloop
  endfacet
  facet normal 0.431714 0.90201 0
    outer loop
      vertex 59.0965 -19.0708 -10.99
      vertex 59.5407 -19.2834 -11.49
      vertex 59.0965 -19.0708 -11.49
    endloop
  endfacet
  facet normal 0.773471 0.633832 0
    outer loop
      vertex 59.8194 -19.6235 -10.99
      vertex 59.5407 -19.2834 -11.49
      vertex 59.5407 -19.2834 -10.99
    endloop
  endfacet
  facet normal 0.773471 0.633832 0
    outer loop
      vertex 59.5407 -19.2834 -11.49
      vertex 59.8194 -19.6235 -10.99
      vertex 59.8194 -19.6235 -11.49
    endloop
  endfacet
  facet normal 0.979647 0.200726 0
    outer loop
      vertex 59.9123 -20.0769 -10.99
      vertex 59.8194 -19.6235 -11.49
      vertex 59.8194 -19.6235 -10.99
    endloop
  endfacet
  facet normal 0.979647 0.200726 0
    outer loop
      vertex 59.8194 -19.6235 -11.49
      vertex 59.9123 -20.0769 -10.99
      vertex 59.9123 -20.0769 -11.49
    endloop
  endfacet
  facet normal 0.984772 -0.17385 0
    outer loop
      vertex 59.8506 -20.4264 -10.99
      vertex 59.9123 -20.0769 -11.49
      vertex 59.9123 -20.0769 -10.99
    endloop
  endfacet
  facet normal 0.984772 -0.17385 0
    outer loop
      vertex 59.9123 -20.0769 -11.49
      vertex 59.8506 -20.4264 -10.99
      vertex 59.8506 -20.4264 -11.49
    endloop
  endfacet
  facet normal 0.837593 -0.546295 0
    outer loop
      vertex 59.6655 -20.7102 -10.99
      vertex 59.8506 -20.4264 -11.49
      vertex 59.8506 -20.4264 -10.99
    endloop
  endfacet
  facet normal 0.837593 -0.546295 0
    outer loop
      vertex 59.8506 -20.4264 -11.49
      vertex 59.6655 -20.7102 -10.99
      vertex 59.6655 -20.7102 -11.49
    endloop
  endfacet
  facet normal 0.559297 -0.828968 0
    outer loop
      vertex 59.3664 -20.912 -11.49
      vertex 59.6655 -20.7102 -10.99
      vertex 59.3664 -20.912 -10.99
    endloop
  endfacet
  facet normal 0.559297 -0.828968 0
    outer loop
      vertex 59.6655 -20.7102 -10.99
      vertex 59.3664 -20.912 -11.49
      vertex 59.6655 -20.7102 -11.49
    endloop
  endfacet
  facet normal 0.248294 -0.968685 0
    outer loop
      vertex 58.963 -21.0154 -11.49
      vertex 59.3664 -20.912 -10.99
      vertex 58.963 -21.0154 -10.99
    endloop
  endfacet
  facet normal 0.248294 -0.968685 0
    outer loop
      vertex 59.3664 -20.912 -10.99
      vertex 58.963 -21.0154 -11.49
      vertex 59.3664 -20.912 -11.49
    endloop
  endfacet
  facet normal 0.354251 0.93515 -0
    outer loop
      vertex 59.2708 -21.132 -11.49
      vertex 58.963 -21.0154 -10.99
      vertex 59.2708 -21.132 -10.99
    endloop
  endfacet
  facet normal 0.354251 0.93515 0
    outer loop
      vertex 58.963 -21.0154 -10.99
      vertex 59.2708 -21.132 -11.49
      vertex 58.963 -21.0154 -11.49
    endloop
  endfacet
  facet normal 0.643333 0.765586 -0
    outer loop
      vertex 59.5 -21.3246 -11.49
      vertex 59.2708 -21.132 -10.99
      vertex 59.5 -21.3246 -10.99
    endloop
  endfacet
  facet normal 0.643333 0.765586 0
    outer loop
      vertex 59.2708 -21.132 -10.99
      vertex 59.5 -21.3246 -11.49
      vertex 59.2708 -21.132 -11.49
    endloop
  endfacet
  facet normal 0.87526 0.483652 0
    outer loop
      vertex 59.6424 -21.5823 -10.99
      vertex 59.5 -21.3246 -11.49
      vertex 59.5 -21.3246 -10.99
    endloop
  endfacet
  facet normal 0.87526 0.483652 0
    outer loop
      vertex 59.5 -21.3246 -11.49
      vertex 59.6424 -21.5823 -10.99
      vertex 59.6424 -21.5823 -11.49
    endloop
  endfacet
  facet normal 0.988601 0.150556 0
    outer loop
      vertex 59.6899 -21.8942 -10.99
      vertex 59.6424 -21.5823 -11.49
      vertex 59.6424 -21.5823 -10.99
    endloop
  endfacet
  facet normal 0.988601 0.150556 0
    outer loop
      vertex 59.6424 -21.5823 -11.49
      vertex 59.6899 -21.8942 -10.99
      vertex 59.6899 -21.8942 -11.49
    endloop
  endfacet
  facet normal 0.900351 -0.435165 0
    outer loop
      vertex 59.3536 -22.59 -10.99
      vertex 59.6899 -21.8942 -11.49
      vertex 59.6899 -21.8942 -10.99
    endloop
  endfacet
  facet normal 0.900351 -0.435165 0
    outer loop
      vertex 59.6899 -21.8942 -11.49
      vertex 59.3536 -22.59 -10.99
      vertex 59.3536 -22.59 -11.49
    endloop
  endfacet
  facet normal 0.223971 -0.974596 0
    outer loop
      vertex 58.3445 -22.8219 -11.49
      vertex 59.3536 -22.59 -10.99
      vertex 58.3445 -22.8219 -10.99
    endloop
  endfacet
  facet normal 0.223971 -0.974596 0
    outer loop
      vertex 59.3536 -22.59 -10.99
      vertex 58.3445 -22.8219 -11.49
      vertex 59.3536 -22.59 -11.49
    endloop
  endfacet
  facet normal 0 -1 0
    outer loop
      vertex 56.9557 -22.8219 -11.49
      vertex 58.3445 -22.8219 -10.99
      vertex 56.9557 -22.8219 -10.99
    endloop
  endfacet
  facet normal 0 -1 -0
    outer loop
      vertex 58.3445 -22.8219 -10.99
      vertex 56.9557 -22.8219 -11.49
      vertex 58.3445 -22.8219 -11.49
    endloop
  endfacet
  facet normal -1 0 0
    outer loop
      vertex 56.9557 -22.8219 -11.49
      vertex 56.9557 -19 -10.99
      vertex 56.9557 -19 -11.49
    endloop
  endfacet
  facet normal -1 -0 0
    outer loop
      vertex 56.9557 -19 -10.99
      vertex 56.9557 -22.8219 -11.49
      vertex 56.9557 -22.8219 -10.99
    endloop
  endfacet
  facet normal 0 1 -0
    outer loop
      vertex 58.5072 -19 -11.49
      vertex 56.9557 -19 -10.99
      vertex 58.5072 -19 -10.99
    endloop
  endfacet
  facet normal 0 1 0
    outer loop
      vertex 56.9557 -19 -10.99
      vertex 58.5072 -19 -11.49
      vertex 56.9557 -19 -11.49
    endloop
  endfacet
  facet normal 0.119285 0.99286 -0
    outer loop
      vertex 59.0965 -19.0708 -11.49
      vertex 58.5072 -19 -10.99
      vertex 59.0965 -19.0708 -10.99
    endloop
  endfacet
  facet normal 0.119285 0.99286 0
    outer loop
      vertex 58.5072 -19 -10.99
      vertex 59.0965 -19.0708 -11.49
      vertex 58.5072 -19 -11.49
    endloop
  endfacet
  facet normal 1 -0 0
    outer loop
      vertex 57.4738 -22.4069 -10.99
      vertex 57.4738 -21.1971 -11.49
      vertex 57.4738 -21.1971 -10.99
    endloop
  endfacet
  facet normal 1 0 0
    outer loop
      vertex 57.4738 -21.1971 -11.49
      vertex 57.4738 -22.4069 -10.99
      vertex 57.4738 -22.4069 -11.49
    endloop
  endfacet
  facet normal 0 1 -0
    outer loop
      vertex 58.3445 -22.4069 -11.49
      vertex 57.4738 -22.4069 -10.99
      vertex 58.3445 -22.4069 -10.99
    endloop
  endfacet
  facet normal 0 1 0
    outer loop
      vertex 57.4738 -22.4069 -10.99
      vertex 58.3445 -22.4069 -11.49
      vertex 57.4738 -22.4069 -11.49
    endloop
  endfacet
  facet normal -0.0933756 0.995631 0
    outer loop
      vertex 58.6985 -22.3737 -11.49
      vertex 58.3445 -22.4069 -10.99
      vertex 58.6985 -22.3737 -10.99
    endloop
  endfacet
  facet normal -0.0933756 0.995631 0
    outer loop
      vertex 58.3445 -22.4069 -10.99
      vertex 58.6985 -22.3737 -11.49
      vertex 58.3445 -22.4069 -11.49
    endloop
  endfacet
  facet normal -0.359245 0.933243 0
    outer loop
      vertex 58.9575 -22.274 -11.49
      vertex 58.6985 -22.3737 -10.99
      vertex 58.9575 -22.274 -10.99
    endloop
  endfacet
  facet normal -0.359245 0.933243 0
    outer loop
      vertex 58.6985 -22.3737 -10.99
      vertex 58.9575 -22.274 -11.49
      vertex 58.6985 -22.3737 -11.49
    endloop
  endfacet
  facet normal -0.744548 0.667569 0
    outer loop
      vertex 58.9575 -22.274 -11.49
      vertex 59.1162 -22.097 -10.99
      vertex 59.1162 -22.097 -11.49
    endloop
  endfacet
  facet normal -0.744548 0.667569 0
    outer loop
      vertex 59.1162 -22.097 -10.99
      vertex 58.9575 -22.274 -11.49
      vertex 58.9575 -22.274 -10.99
    endloop
  endfacet
  facet normal -0.98068 0.195618 0
    outer loop
      vertex 59.1162 -22.097 -11.49
      vertex 59.1691 -21.8318 -10.99
      vertex 59.1691 -21.8318 -11.49
    endloop
  endfacet
  facet normal -0.98068 0.195618 0
    outer loop
      vertex 59.1691 -21.8318 -10.99
      vertex 59.1162 -22.097 -11.49
      vertex 59.1162 -22.097 -10.99
    endloop
  endfacet
  facet normal -0.983803 -0.179255 0
    outer loop
      vertex 59.1691 -21.8318 -11.49
      vertex 59.1179 -21.5508 -10.99
      vertex 59.1179 -21.5508 -11.49
    endloop
  endfacet
  facet normal -0.983803 -0.179255 0
    outer loop
      vertex 59.1179 -21.5508 -10.99
      vertex 59.1691 -21.8318 -11.49
      vertex 59.1691 -21.8318 -10.99
    endloop
  endfacet
  facet normal -0.789675 -0.613526 0
    outer loop
      vertex 59.1179 -21.5508 -11.49
      vertex 58.9643 -21.3531 -10.99
      vertex 58.9643 -21.3531 -11.49
    endloop
  endfacet
  facet normal -0.789675 -0.613526 0
    outer loop
      vertex 58.9643 -21.3531 -10.99
      vertex 59.1179 -21.5508 -11.49
      vertex 59.1179 -21.5508 -10.99
    endloop
  endfacet
  facet normal -0.413936 -0.910306 0
    outer loop
      vertex 58.707 -21.2361 -11.49
      vertex 58.9643 -21.3531 -10.99
      vertex 58.707 -21.2361 -10.99
    endloop
  endfacet
  facet normal -0.413936 -0.910306 -0
    outer loop
      vertex 58.9643 -21.3531 -10.99
      vertex 58.707 -21.2361 -11.49
      vertex 58.9643 -21.3531 -11.49
    endloop
  endfacet
  facet normal -0.106969 -0.994262 0
    outer loop
      vertex 58.3445 -21.1971 -11.49
      vertex 58.707 -21.2361 -10.99
      vertex 58.3445 -21.1971 -10.99
    endloop
  endfacet
  facet normal -0.106969 -0.994262 -0
    outer loop
      vertex 58.707 -21.2361 -10.99
      vertex 58.3445 -21.1971 -11.49
      vertex 58.707 -21.2361 -11.49
    endloop
  endfacet
  facet normal 0 -1 0
    outer loop
      vertex 57.4738 -21.1971 -11.49
      vertex 58.3445 -21.1971 -10.99
      vertex 57.4738 -21.1971 -10.99
    endloop
  endfacet
  facet normal 0 -1 -0
    outer loop
      vertex 58.3445 -21.1971 -10.99
      vertex 57.4738 -21.1971 -11.49
      vertex 58.3445 -21.1971 -11.49
    endloop
  endfacet
  facet normal 1 -0 0
    outer loop
      vertex 57.4738 -20.793 -10.99
      vertex 57.4738 -19.415 -11.49
      vertex 57.4738 -19.415 -10.99
    endloop
  endfacet
  facet normal 1 0 0
    outer loop
      vertex 57.4738 -19.415 -11.49
      vertex 57.4738 -20.793 -10.99
      vertex 57.4738 -20.793 -11.49
    endloop
  endfacet
  facet normal 0 1 -0
    outer loop
      vertex 58.4394 -20.793 -11.49
      vertex 57.4738 -20.793 -10.99
      vertex 58.4394 -20.793 -10.99
    endloop
  endfacet
  facet normal 0 1 0
    outer loop
      vertex 57.4738 -20.793 -10.99
      vertex 58.4394 -20.793 -11.49
      vertex 57.4738 -20.793 -11.49
    endloop
  endfacet
  facet normal -0.230783 0.973005 0
    outer loop
      vertex 59.1515 -20.6241 -11.49
      vertex 58.4394 -20.793 -10.99
      vertex 59.1515 -20.6241 -10.99
    endloop
  endfacet
  facet normal -0.230783 0.973005 0
    outer loop
      vertex 58.4394 -20.793 -10.99
      vertex 59.1515 -20.6241 -11.49
      vertex 58.4394 -20.793 -11.49
    endloop
  endfacet
  facet normal -0.905543 0.424255 0
    outer loop
      vertex 59.1515 -20.6241 -11.49
      vertex 59.3888 -20.1176 -10.99
      vertex 59.3888 -20.1176 -11.49
    endloop
  endfacet
  facet normal -0.905543 0.424255 0
    outer loop
      vertex 59.3888 -20.1176 -10.99
      vertex 59.1515 -20.6241 -11.49
      vertex 59.1515 -20.6241 -10.99
    endloop
  endfacet
  facet normal -0.984677 -0.17439 0
    outer loop
      vertex 59.3888 -20.1176 -11.49
      vertex 59.3345 -19.811 -10.99
      vertex 59.3345 -19.811 -11.49
    endloop
  endfacet
  facet normal -0.984677 -0.17439 0
    outer loop
      vertex 59.3345 -19.811 -10.99
      vertex 59.3888 -20.1176 -11.49
      vertex 59.3888 -20.1176 -10.99
    endloop
  endfacet
  facet normal -0.803628 -0.595131 0
    outer loop
      vertex 59.3345 -19.811 -11.49
      vertex 59.1718 -19.5913 -10.99
      vertex 59.1718 -19.5913 -11.49
    endloop
  endfacet
  facet normal -0.803628 -0.595131 0
    outer loop
      vertex 59.1718 -19.5913 -10.99
      vertex 59.3345 -19.811 -11.49
      vertex 59.3345 -19.811 -10.99
    endloop
  endfacet
  facet normal -0.425208 -0.905096 0
    outer loop
      vertex 58.8904 -19.4591 -11.49
      vertex 59.1718 -19.5913 -10.99
      vertex 58.8904 -19.4591 -10.99
    endloop
  endfacet
  facet normal -0.425208 -0.905096 -0
    outer loop
      vertex 59.1718 -19.5913 -10.99
      vertex 58.8904 -19.4591 -11.49
      vertex 59.1718 -19.5913 -11.49
    endloop
  endfacet
  facet normal -0.106867 -0.994273 0
    outer loop
      vertex 58.4801 -19.415 -11.49
      vertex 58.8904 -19.4591 -10.99
      vertex 58.4801 -19.415 -10.99
    endloop
  endfacet
  facet normal -0.106867 -0.994273 -0
    outer loop
      vertex 58.8904 -19.4591 -10.99
      vertex 58.4801 -19.415 -11.49
      vertex 58.8904 -19.4591 -11.49
    endloop
  endfacet
  facet normal 0 -1 0
    outer loop
      vertex 57.4738 -19.415 -11.49
      vertex 58.4801 -19.415 -10.99
      vertex 57.4738 -19.415 -10.99
    endloop
  endfacet
  facet normal 0 -1 -0
    outer loop
      vertex 58.4801 -19.415 -10.99
      vertex 57.4738 -19.415 -11.49
      vertex 58.4801 -19.415 -11.49
    endloop
  endfacet
  facet normal 0.605548 0.795809 -0
    outer loop
      vertex 61.5915 -20.8445 -11.49
      vertex 61.0925 -20.4648 -10.99
      vertex 61.5915 -20.8445 -10.99
    endloop
  endfacet
  facet normal 0.605548 0.795809 0
    outer loop
      vertex 61.0925 -20.4648 -10.99
      vertex 61.5915 -20.8445 -11.49
      vertex 61.0925 -20.4648 -11.49
    endloop
  endfacet
  facet normal -0.770247 0.637745 0
    outer loop
      vertex 61.5915 -20.8445 -11.49
      vertex 63.1187 -19 -10.99
      vertex 63.1187 -19 -11.49
    endloop
  endfacet
  facet normal -0.770247 0.637745 0
    outer loop
      vertex 63.1187 -19 -10.99
      vertex 61.5915 -20.8445 -11.49
      vertex 61.5915 -20.8445 -10.99
    endloop
  endfacet
  facet normal 0 1 -0
    outer loop
      vertex 63.7616 -19 -11.49
      vertex 63.1187 -19 -10.99
      vertex 63.7616 -19 -10.99
    endloop
  endfacet
  facet normal 0 1 0
    outer loop
      vertex 63.1187 -19 -10.99
      vertex 63.7616 -19 -11.49
      vertex 63.1187 -19 -11.49
    endloop
  endfacet
  facet normal 0.760742 -0.649054 0
    outer loop
      vertex 61.9171 -21.1619 -10.99
      vertex 63.7616 -19 -11.49
      vertex 63.7616 -19 -10.99
    endloop
  endfacet
  facet normal 0.760742 -0.649054 0
    outer loop
      vertex 63.7616 -19 -11.49
      vertex 61.9171 -21.1619 -10.99
      vertex 61.9171 -21.1619 -11.49
    endloop
  endfacet
  facet normal 0.714084 0.70006 0
    outer loop
      vertex 63.5445 -22.8219 -10.99
      vertex 61.9171 -21.1619 -11.49
      vertex 61.9171 -21.1619 -10.99
    endloop
  endfacet
  facet normal 0.714084 0.70006 0
    outer loop
      vertex 61.9171 -21.1619 -11.49
      vertex 63.5445 -22.8219 -10.99
      vertex 63.5445 -22.8219 -11.49
    endloop
  endfacet
  facet normal 0 -1 0
    outer loop
      vertex 62.9342 -22.8219 -11.49
      vertex 63.5445 -22.8219 -10.99
      vertex 62.9342 -22.8219 -10.99
    endloop
  endfacet
  facet normal 0 -1 -0
    outer loop
      vertex 63.5445 -22.8219 -10.99
      vertex 62.9342 -22.8219 -11.49
      vertex 63.5445 -22.8219 -11.49
    endloop
  endfacet
  facet normal -0.720767 -0.693178 0
    outer loop
      vertex 62.9342 -22.8219 -11.49
      vertex 61.0925 -20.9069 -10.99
      vertex 61.0925 -20.9069 -11.49
    endloop
  endfacet
  facet normal -0.720767 -0.693178 0
    outer loop
      vertex 61.0925 -20.9069 -10.99
      vertex 62.9342 -22.8219 -11.49
      vertex 62.9342 -22.8219 -10.99
    endloop
  endfacet
  facet normal 1 -0 0
    outer loop
      vertex 61.0925 -22.8219 -10.99
      vertex 61.0925 -20.9069 -11.49
      vertex 61.0925 -20.9069 -10.99
    endloop
  endfacet
  facet normal 1 0 0
    outer loop
      vertex 61.0925 -20.9069 -11.49
      vertex 61.0925 -22.8219 -10.99
      vertex 61.0925 -22.8219 -11.49
    endloop
  endfacet
  facet normal 0 -1 0
    outer loop
      vertex 60.5744 -22.8219 -11.49
      vertex 61.0925 -22.8219 -10.99
      vertex 60.5744 -22.8219 -10.99
    endloop
  endfacet
  facet normal 0 -1 -0
    outer loop
      vertex 61.0925 -22.8219 -10.99
      vertex 60.5744 -22.8219 -11.49
      vertex 61.0925 -22.8219 -11.49
    endloop
  endfacet
  facet normal -1 0 0
    outer loop
      vertex 60.5744 -22.8219 -11.49
      vertex 60.5744 -19 -10.99
      vertex 60.5744 -19 -11.49
    endloop
  endfacet
  facet normal -1 -0 0
    outer loop
      vertex 60.5744 -19 -10.99
      vertex 60.5744 -22.8219 -11.49
      vertex 60.5744 -22.8219 -10.99
    endloop
  endfacet
  facet normal 0 1 -0
    outer loop
      vertex 61.0925 -19 -11.49
      vertex 60.5744 -19 -10.99
      vertex 61.0925 -19 -10.99
    endloop
  endfacet
  facet normal 0 1 0
    outer loop
      vertex 60.5744 -19 -10.99
      vertex 61.0925 -19 -11.49
      vertex 60.5744 -19 -11.49
    endloop
  endfacet
  facet normal 1 -0 0
    outer loop
      vertex 61.0925 -20.4648 -10.99
      vertex 61.0925 -19 -11.49
      vertex 61.0925 -19 -10.99
    endloop
  endfacet
  facet normal 1 0 0
    outer loop
      vertex 61.0925 -19 -11.49
      vertex 61.0925 -20.4648 -10.99
      vertex 61.0925 -20.4648 -11.49
    endloop
  endfacet
  facet normal -0 0 1
    outer loop
      vertex 35.9557 -10.5 -10.99
      vertex 36.4738 -11.9892 -10.99
      vertex 36.4738 -10.5 -10.99
    endloop
  endfacet
  facet normal 0 0 1
    outer loop
      vertex 36.4738 -11.9892 -10.99
      vertex 35.9557 -10.5 -10.99
      vertex 36.4738 -12.3988 -10.99
    endloop
  endfacet
  facet normal 0 0 1
    outer loop
      vertex 35.9557 -14.3219 -10.99
      vertex 36.4738 -12.3988 -10.99
      vertex 35.9557 -10.5 -10.99
    endloop
  endfacet
  facet normal 0 0 1
    outer loop
      vertex 38.8238 -12.6849 -10.99
      vertex 38.1745 -12.5907 -10.99
      vertex 38.3915 -13.1664 -10.99
    endloop
  endfacet
  facet normal 0 0 1
    outer loop
      vertex 38.1409 -12.0692 -10.99
      vertex 38.1745 -12.5907 -10.99
      vertex 38.5583 -12.3092 -10.99
    endloop
  endfacet
  facet normal 0 0 1
    outer loop
      vertex 37.5235 -12.3988 -10.99
      vertex 38.1409 -12.0692 -10.99
      vertex 37.5968 -11.9892 -10.99
    endloop
  endfacet
  facet normal 0 0 1
    outer loop
      vertex 38.1409 -12.0692 -10.99
      vertex 37.5235 -12.3988 -10.99
      vertex 38.1745 -12.5907 -10.99
    endloop
  endfacet
  facet normal -0 0 1
    outer loop
      vertex 36.4738 -11.9892 -10.99
      vertex 37.5235 -12.3988 -10.99
      vertex 37.5968 -11.9892 -10.99
    endloop
  endfacet
  facet normal 0 0 1
    outer loop
      vertex 37.5235 -12.3988 -10.99
      vertex 36.4738 -11.9892 -10.99
      vertex 36.4738 -12.3988 -10.99
    endloop
  endfacet
  facet normal -0 0 1
    outer loop
      vertex 38.3915 -13.1664 -10.99
      vertex 38.9123 -13.1718 -10.99
      vertex 38.8238 -12.6849 -10.99
    endloop
  endfacet
  facet normal 0 0 1
    outer loop
      vertex 38.9123 -13.1718 -10.99
      vertex 38.3915 -13.1664 -10.99
      vertex 38.8242 -13.658 -10.99
    endloop
  endfacet
  facet normal -0 0 1
    outer loop
      vertex 38.1745 -12.5907 -10.99
      vertex 38.8238 -12.6849 -10.99
      vertex 38.5583 -12.3092 -10.99
    endloop
  endfacet
  facet normal 0 0 1
    outer loop
      vertex 38.1691 -13.7218 -10.99
      vertex 38.8242 -13.658 -10.99
      vertex 38.3915 -13.1664 -10.99
    endloop
  endfacet
  facet normal 0 0 1
    outer loop
      vertex 38.8242 -13.658 -10.99
      vertex 38.1691 -13.7218 -10.99
      vertex 38.5597 -14.0208 -10.99
    endloop
  endfacet
  facet normal 0 0 1
    outer loop
      vertex 38.1691 -13.7218 -10.99
      vertex 38.1345 -14.2466 -10.99
      vertex 38.5597 -14.0208 -10.99
    endloop
  endfacet
  facet normal -0 0 1
    outer loop
      vertex 37.5018 -13.9069 -10.99
      vertex 38.1345 -14.2466 -10.99
      vertex 38.1691 -13.7218 -10.99
    endloop
  endfacet
  facet normal 0 0 1
    outer loop
      vertex 38.1345 -14.2466 -10.99
      vertex 37.5018 -13.9069 -10.99
      vertex 37.5642 -14.3219 -10.99
    endloop
  endfacet
  facet normal -0 0 1
    outer loop
      vertex 36.4738 -13.9069 -10.99
      vertex 37.5642 -14.3219 -10.99
      vertex 37.5018 -13.9069 -10.99
    endloop
  endfacet
  facet normal 0 0 1
    outer loop
      vertex 36.4738 -13.9069 -10.99
      vertex 35.9557 -14.3219 -10.99
      vertex 37.5642 -14.3219 -10.99
    endloop
  endfacet
  facet normal 0 0 1
    outer loop
      vertex 36.4738 -12.3988 -10.99
      vertex 35.9557 -14.3219 -10.99
      vertex 36.4738 -13.9069 -10.99
    endloop
  endfacet
  facet normal -0 0 1
    outer loop
      vertex 39.6313 -10.5 -10.99
      vertex 40.1494 -14.3219 -10.99
      vertex 40.1494 -10.5 -10.99
    endloop
  endfacet
  facet normal 0 0 1
    outer loop
      vertex 40.1494 -14.3219 -10.99
      vertex 39.6313 -10.5 -10.99
      vertex 39.6313 -14.3219 -10.99
    endloop
  endfacet
  facet normal -0 0 1
    outer loop
      vertex 41.0817 -10.5 -10.99
      vertex 41.5998 -12.0868 -10.99
      vertex 41.5998 -10.5 -10.99
    endloop
  endfacet
  facet normal 0 0 1
    outer loop
      vertex 41.5998 -12.0868 -10.99
      vertex 41.0817 -10.5 -10.99
      vertex 41.5998 -12.4964 -10.99
    endloop
  endfacet
  facet normal 0 0 1
    outer loop
      vertex 41.0817 -14.3219 -10.99
      vertex 41.5998 -12.4964 -10.99
      vertex 41.0817 -10.5 -10.99
    endloop
  endfacet
  facet normal -0 0 1
    outer loop
      vertex 43.7834 -10.5 -10.99
      vertex 43.2951 -12.1465 -10.99
      vertex 44.3801 -10.5 -10.99
    endloop
  endfacet
  facet normal 0 0 1
    outer loop
      vertex 43.2951 -12.1465 -10.99
      vertex 42.8503 -12.4964 -10.99
      vertex 43.2134 -12.5442 -10.99
    endloop
  endfacet
  facet normal -0 0 1
    outer loop
      vertex 42.7906 -12.0868 -10.99
      vertex 43.2951 -12.1465 -10.99
      vertex 43.7834 -10.5 -10.99
    endloop
  endfacet
  facet normal 0 0 1
    outer loop
      vertex 43.2951 -12.1465 -10.99
      vertex 42.7906 -12.0868 -10.99
      vertex 42.8503 -12.4964 -10.99
    endloop
  endfacet
  facet normal 0 0 1
    outer loop
      vertex 41.5998 -12.4964 -10.99
      vertex 42.7906 -12.0868 -10.99
      vertex 41.5998 -12.0868 -10.99
    endloop
  endfacet
  facet normal 0 0 1
    outer loop
      vertex 42.7906 -12.0868 -10.99
      vertex 41.5998 -12.4964 -10.99
      vertex 42.8503 -12.4964 -10.99
    endloop
  endfacet
  facet normal -0 0 1
    outer loop
      vertex 43.7074 -13.2234 -10.99
      vertex 44.2282 -13.2288 -10.99
      vertex 44.1662 -12.8368 -10.99
    endloop
  endfacet
  facet normal 0 0 1
    outer loop
      vertex 43.6515 -12.9172 -10.99
      vertex 44.1662 -12.8368 -10.99
      vertex 43.98 -12.5127 -10.99
    endloop
  endfacet
  facet normal 0 0 1
    outer loop
      vertex 44.2282 -13.2288 -10.99
      vertex 43.7074 -13.2234 -10.99
      vertex 44.1404 -13.6875 -10.99
    endloop
  endfacet
  facet normal -0 0 1
    outer loop
      vertex 43.6508 -13.5173 -10.99
      vertex 44.1404 -13.6875 -10.99
      vertex 43.7074 -13.2234 -10.99
    endloop
  endfacet
  facet normal 0 0 1
    outer loop
      vertex 43.4836 -12.6876 -10.99
      vertex 43.98 -12.5127 -10.99
      vertex 43.6847 -12.276 -10.99
    endloop
  endfacet
  facet normal 0 0 1
    outer loop
      vertex 44.1662 -12.8368 -10.99
      vertex 43.6515 -12.9172 -10.99
      vertex 43.7074 -13.2234 -10.99
    endloop
  endfacet
  facet normal 0 0 1
    outer loop
      vertex 43.98 -12.5127 -10.99
      vertex 43.4836 -12.6876 -10.99
      vertex 43.6515 -12.9172 -10.99
    endloop
  endfacet
  facet normal 0 0 1
    outer loop
      vertex 43.2134 -12.5442 -10.99
      vertex 43.6847 -12.276 -10.99
      vertex 43.2951 -12.1465 -10.99
    endloop
  endfacet
  facet normal 0 0 1
    outer loop
      vertex 43.6847 -12.276 -10.99
      vertex 43.2134 -12.5442 -10.99
      vertex 43.4836 -12.6876 -10.99
    endloop
  endfacet
  facet normal 0 0 1
    outer loop
      vertex 44.1404 -13.6875 -10.99
      vertex 43.6508 -13.5173 -10.99
      vertex 43.8769 -14.033 -10.99
    endloop
  endfacet
  facet normal -0 0 1
    outer loop
      vertex 43.4809 -13.7319 -10.99
      vertex 43.8769 -14.033 -10.99
      vertex 43.6508 -13.5173 -10.99
    endloop
  endfacet
  facet normal 0 0 1
    outer loop
      vertex 43.4809 -13.7319 -10.99
      vertex 43.4521 -14.2497 -10.99
      vertex 43.8769 -14.033 -10.99
    endloop
  endfacet
  facet normal -0 0 1
    outer loop
      vertex 43.2046 -13.8632 -10.99
      vertex 43.4521 -14.2497 -10.99
      vertex 43.4809 -13.7319 -10.99
    endloop
  endfacet
  facet normal 0 0 1
    outer loop
      vertex 43.2046 -13.8632 -10.99
      vertex 42.8801 -14.3219 -10.99
      vertex 43.4521 -14.2497 -10.99
    endloop
  endfacet
  facet normal -0 0 1
    outer loop
      vertex 42.8286 -13.9069 -10.99
      vertex 42.8801 -14.3219 -10.99
      vertex 43.2046 -13.8632 -10.99
    endloop
  endfacet
  facet normal -0 0 1
    outer loop
      vertex 41.5998 -13.9069 -10.99
      vertex 42.8801 -14.3219 -10.99
      vertex 42.8286 -13.9069 -10.99
    endloop
  endfacet
  facet normal 0 0 1
    outer loop
      vertex 41.5998 -13.9069 -10.99
      vertex 41.0817 -14.3219 -10.99
      vertex 42.8801 -14.3219 -10.99
    endloop
  endfacet
  facet normal 0 0 1
    outer loop
      vertex 41.5998 -12.4964 -10.99
      vertex 41.0817 -14.3219 -10.99
      vertex 41.5998 -13.9069 -10.99
    endloop
  endfacet
  facet normal 0 0 1
    outer loop
      vertex 47.4491 -10.5 -10.99
      vertex 45.5178 -10.9232 -10.99
      vertex 47.4491 -10.9232 -10.99
    endloop
  endfacet
  facet normal -0 0 1
    outer loop
      vertex 44.9997 -10.5 -10.99
      vertex 45.5178 -10.9232 -10.99
      vertex 47.4491 -10.5 -10.99
    endloop
  endfacet
  facet normal 0 0 1
    outer loop
      vertex 44.9997 -14.3219 -10.99
      vertex 45.5178 -10.9232 -10.99
      vertex 44.9997 -10.5 -10.99
    endloop
  endfacet
  facet normal 0 0 1
    outer loop
      vertex 45.5178 -10.9232 -10.99
      vertex 44.9997 -14.3219 -10.99
      vertex 45.5178 -14.3219 -10.99
    endloop
  endfacet
  facet normal 0 0 -1
    outer loop
      vertex 38.3915 -13.1664 -11.49
      vertex 38.9123 -13.1718 -11.49
      vertex 38.8242 -13.658 -11.49
    endloop
  endfacet
  facet normal 0 0 -1
    outer loop
      vertex 38.1691 -13.7218 -11.49
      vertex 38.8242 -13.658 -11.49
      vertex 38.5597 -14.0208 -11.49
    endloop
  endfacet
  facet normal 0 0 -1
    outer loop
      vertex 38.9123 -13.1718 -11.49
      vertex 38.3915 -13.1664 -11.49
      vertex 38.8238 -12.6849 -11.49
    endloop
  endfacet
  facet normal 0 0 -1
    outer loop
      vertex 38.1745 -12.5907 -11.49
      vertex 38.8238 -12.6849 -11.49
      vertex 38.3915 -13.1664 -11.49
    endloop
  endfacet
  facet normal -0 0 -1
    outer loop
      vertex 38.8242 -13.658 -11.49
      vertex 38.1691 -13.7218 -11.49
      vertex 38.3915 -13.1664 -11.49
    endloop
  endfacet
  facet normal 0 0 -1
    outer loop
      vertex 38.1345 -14.2466 -11.49
      vertex 38.1691 -13.7218 -11.49
      vertex 38.5597 -14.0208 -11.49
    endloop
  endfacet
  facet normal 0 0 -1
    outer loop
      vertex 37.5018 -13.9069 -11.49
      vertex 38.1345 -14.2466 -11.49
      vertex 37.5642 -14.3219 -11.49
    endloop
  endfacet
  facet normal 0 0 -1
    outer loop
      vertex 38.1345 -14.2466 -11.49
      vertex 37.5018 -13.9069 -11.49
      vertex 38.1691 -13.7218 -11.49
    endloop
  endfacet
  facet normal 0 0 -1
    outer loop
      vertex 37.5642 -14.3219 -11.49
      vertex 36.4738 -13.9069 -11.49
      vertex 37.5018 -13.9069 -11.49
    endloop
  endfacet
  facet normal 0 0 -1
    outer loop
      vertex 35.9557 -14.3219 -11.49
      vertex 36.4738 -12.3988 -11.49
      vertex 36.4738 -13.9069 -11.49
    endloop
  endfacet
  facet normal 0 0 -1
    outer loop
      vertex 35.9557 -10.5 -11.49
      vertex 36.4738 -12.3988 -11.49
      vertex 35.9557 -14.3219 -11.49
    endloop
  endfacet
  facet normal 0 0 -1
    outer loop
      vertex 35.9557 -14.3219 -11.49
      vertex 36.4738 -13.9069 -11.49
      vertex 37.5642 -14.3219 -11.49
    endloop
  endfacet
  facet normal 0 0 -1
    outer loop
      vertex 36.4738 -12.3988 -11.49
      vertex 35.9557 -10.5 -11.49
      vertex 36.4738 -11.9892 -11.49
    endloop
  endfacet
  facet normal 0 0 -1
    outer loop
      vertex 36.4738 -11.9892 -11.49
      vertex 35.9557 -10.5 -11.49
      vertex 36.4738 -10.5 -11.49
    endloop
  endfacet
  facet normal 0 0 -1
    outer loop
      vertex 38.8238 -12.6849 -11.49
      vertex 38.1745 -12.5907 -11.49
      vertex 38.5583 -12.3092 -11.49
    endloop
  endfacet
  facet normal 0 0 -1
    outer loop
      vertex 38.1745 -12.5907 -11.49
      vertex 38.1409 -12.0692 -11.49
      vertex 38.5583 -12.3092 -11.49
    endloop
  endfacet
  facet normal 0 0 -1
    outer loop
      vertex 37.5235 -12.3988 -11.49
      vertex 38.1409 -12.0692 -11.49
      vertex 38.1745 -12.5907 -11.49
    endloop
  endfacet
  facet normal -0 0 -1
    outer loop
      vertex 38.1409 -12.0692 -11.49
      vertex 37.5235 -12.3988 -11.49
      vertex 37.5968 -11.9892 -11.49
    endloop
  endfacet
  facet normal 0 0 -1
    outer loop
      vertex 36.4738 -11.9892 -11.49
      vertex 37.5235 -12.3988 -11.49
      vertex 36.4738 -12.3988 -11.49
    endloop
  endfacet
  facet normal 0 0 -1
    outer loop
      vertex 37.5235 -12.3988 -11.49
      vertex 36.4738 -11.9892 -11.49
      vertex 37.5968 -11.9892 -11.49
    endloop
  endfacet
  facet normal 0 0 -1
    outer loop
      vertex 44.1404 -13.6875 -11.49
      vertex 43.6508 -13.5173 -11.49
      vertex 43.7074 -13.2234 -11.49
    endloop
  endfacet
  facet normal 0 0 -1
    outer loop
      vertex 43.8769 -14.033 -11.49
      vertex 43.4809 -13.7319 -11.49
      vertex 43.6508 -13.5173 -11.49
    endloop
  endfacet
  facet normal 0 0 -1
    outer loop
      vertex 43.4521 -14.2497 -11.49
      vertex 43.4809 -13.7319 -11.49
      vertex 43.8769 -14.033 -11.49
    endloop
  endfacet
  facet normal 0 0 -1
    outer loop
      vertex 43.4521 -14.2497 -11.49
      vertex 43.2046 -13.8632 -11.49
      vertex 43.4809 -13.7319 -11.49
    endloop
  endfacet
  facet normal 0 0 -1
    outer loop
      vertex 42.8801 -14.3219 -11.49
      vertex 43.2046 -13.8632 -11.49
      vertex 43.4521 -14.2497 -11.49
    endloop
  endfacet
  facet normal 0 0 -1
    outer loop
      vertex 42.8801 -14.3219 -11.49
      vertex 42.8286 -13.9069 -11.49
      vertex 43.2046 -13.8632 -11.49
    endloop
  endfacet
  facet normal 0 0 -1
    outer loop
      vertex 42.8801 -14.3219 -11.49
      vertex 41.5998 -13.9069 -11.49
      vertex 42.8286 -13.9069 -11.49
    endloop
  endfacet
  facet normal 0 0 -1
    outer loop
      vertex 41.0817 -14.3219 -11.49
      vertex 41.5998 -12.4964 -11.49
      vertex 41.5998 -13.9069 -11.49
    endloop
  endfacet
  facet normal 0 0 -1
    outer loop
      vertex 41.0817 -10.5 -11.49
      vertex 41.5998 -12.4964 -11.49
      vertex 41.0817 -14.3219 -11.49
    endloop
  endfacet
  facet normal 0 0 -1
    outer loop
      vertex 41.0817 -14.3219 -11.49
      vertex 41.5998 -13.9069 -11.49
      vertex 42.8801 -14.3219 -11.49
    endloop
  endfacet
  facet normal 0 0 -1
    outer loop
      vertex 41.5998 -12.4964 -11.49
      vertex 41.0817 -10.5 -11.49
      vertex 41.5998 -12.0868 -11.49
    endloop
  endfacet
  facet normal 0 0 -1
    outer loop
      vertex 41.5998 -12.0868 -11.49
      vertex 41.0817 -10.5 -11.49
      vertex 41.5998 -10.5 -11.49
    endloop
  endfacet
  facet normal 0 0 -1
    outer loop
      vertex 43.7074 -13.2234 -11.49
      vertex 44.2282 -13.2288 -11.49
      vertex 44.1404 -13.6875 -11.49
    endloop
  endfacet
  facet normal 0 0 -1
    outer loop
      vertex 44.2282 -13.2288 -11.49
      vertex 43.7074 -13.2234 -11.49
      vertex 44.1662 -12.8368 -11.49
    endloop
  endfacet
  facet normal 0 0 -1
    outer loop
      vertex 43.6508 -13.5173 -11.49
      vertex 44.1404 -13.6875 -11.49
      vertex 43.8769 -14.033 -11.49
    endloop
  endfacet
  facet normal 0 0 -1
    outer loop
      vertex 43.6515 -12.9172 -11.49
      vertex 44.1662 -12.8368 -11.49
      vertex 43.7074 -13.2234 -11.49
    endloop
  endfacet
  facet normal -0 0 -1
    outer loop
      vertex 44.1662 -12.8368 -11.49
      vertex 43.6515 -12.9172 -11.49
      vertex 43.98 -12.5127 -11.49
    endloop
  endfacet
  facet normal 0 0 -1
    outer loop
      vertex 43.4836 -12.6876 -11.49
      vertex 43.98 -12.5127 -11.49
      vertex 43.6515 -12.9172 -11.49
    endloop
  endfacet
  facet normal -0 0 -1
    outer loop
      vertex 43.98 -12.5127 -11.49
      vertex 43.4836 -12.6876 -11.49
      vertex 43.6847 -12.276 -11.49
    endloop
  endfacet
  facet normal 0 0 -1
    outer loop
      vertex 43.2134 -12.5442 -11.49
      vertex 43.6847 -12.276 -11.49
      vertex 43.4836 -12.6876 -11.49
    endloop
  endfacet
  facet normal -0 0 -1
    outer loop
      vertex 43.6847 -12.276 -11.49
      vertex 43.2134 -12.5442 -11.49
      vertex 43.2951 -12.1465 -11.49
    endloop
  endfacet
  facet normal 0 0 -1
    outer loop
      vertex 43.2951 -12.1465 -11.49
      vertex 43.7834 -10.5 -11.49
      vertex 44.3801 -10.5 -11.49
    endloop
  endfacet
  facet normal 0 0 -1
    outer loop
      vertex 42.8503 -12.4964 -11.49
      vertex 43.2951 -12.1465 -11.49
      vertex 43.2134 -12.5442 -11.49
    endloop
  endfacet
  facet normal 0 0 -1
    outer loop
      vertex 42.7906 -12.0868 -11.49
      vertex 43.2951 -12.1465 -11.49
      vertex 42.8503 -12.4964 -11.49
    endloop
  endfacet
  facet normal 0 0 -1
    outer loop
      vertex 43.2951 -12.1465 -11.49
      vertex 42.7906 -12.0868 -11.49
      vertex 43.7834 -10.5 -11.49
    endloop
  endfacet
  facet normal 0 0 -1
    outer loop
      vertex 41.5998 -12.4964 -11.49
      vertex 42.7906 -12.0868 -11.49
      vertex 42.8503 -12.4964 -11.49
    endloop
  endfacet
  facet normal -0 0 -1
    outer loop
      vertex 42.7906 -12.0868 -11.49
      vertex 41.5998 -12.4964 -11.49
      vertex 41.5998 -12.0868 -11.49
    endloop
  endfacet
  facet normal 0 0 -1
    outer loop
      vertex 39.6313 -14.3219 -11.49
      vertex 40.1494 -10.5 -11.49
      vertex 40.1494 -14.3219 -11.49
    endloop
  endfacet
  facet normal -0 0 -1
    outer loop
      vertex 40.1494 -10.5 -11.49
      vertex 39.6313 -14.3219 -11.49
      vertex 39.6313 -10.5 -11.49
    endloop
  endfacet
  facet normal 0 0 -1
    outer loop
      vertex 45.5178 -14.3219 -11.49
      vertex 44.9997 -14.3219 -11.49
      vertex 45.5178 -10.9232 -11.49
    endloop
  endfacet
  facet normal 0 0 -1
    outer loop
      vertex 45.5178 -10.9232 -11.49
      vertex 47.4491 -10.5 -11.49
      vertex 47.4491 -10.9232 -11.49
    endloop
  endfacet
  facet normal 0 0 -1
    outer loop
      vertex 45.5178 -10.9232 -11.49
      vertex 44.9997 -10.5 -11.49
      vertex 47.4491 -10.5 -11.49
    endloop
  endfacet
  facet normal 0 0 -1
    outer loop
      vertex 44.9997 -10.5 -11.49
      vertex 45.5178 -10.9232 -11.49
      vertex 44.9997 -14.3219 -11.49
    endloop
  endfacet
  facet normal 0 1 -0
    outer loop
      vertex 37.5968 -11.9892 -11.49
      vertex 36.4738 -11.9892 -10.99
      vertex 37.5968 -11.9892 -10.99
    endloop
  endfacet
  facet normal 0 1 0
    outer loop
      vertex 36.4738 -11.9892 -10.99
      vertex 37.5968 -11.9892 -11.49
      vertex 36.4738 -11.9892 -11.49
    endloop
  endfacet
  facet normal 0.145468 0.989363 -0
    outer loop
      vertex 38.1409 -12.0692 -11.49
      vertex 37.5968 -11.9892 -10.99
      vertex 38.1409 -12.0692 -10.99
    endloop
  endfacet
  facet normal 0.145468 0.989363 0
    outer loop
      vertex 37.5968 -11.9892 -10.99
      vertex 38.1409 -12.0692 -11.49
      vertex 37.5968 -11.9892 -11.49
    endloop
  endfacet
  facet normal 0.498463 0.866911 -0
    outer loop
      vertex 38.5583 -12.3092 -11.49
      vertex 38.1409 -12.0692 -10.99
      vertex 38.5583 -12.3092 -10.99
    endloop
  endfacet
  facet normal 0.498463 0.866911 0
    outer loop
      vertex 38.1409 -12.0692 -10.99
      vertex 38.5583 -12.3092 -11.49
      vertex 38.1409 -12.0692 -11.49
    endloop
  endfacet
  facet normal 0.816661 0.577118 0
    outer loop
      vertex 38.8238 -12.6849 -10.99
      vertex 38.5583 -12.3092 -11.49
      vertex 38.5583 -12.3092 -10.99
    endloop
  endfacet
  facet normal 0.816661 0.577118 0
    outer loop
      vertex 38.5583 -12.3092 -11.49
      vertex 38.8238 -12.6849 -10.99
      vertex 38.8238 -12.6849 -11.49
    endloop
  endfacet
  facet normal 0.98388 0.178832 0
    outer loop
      vertex 38.9123 -13.1718 -10.99
      vertex 38.8238 -12.6849 -11.49
      vertex 38.8238 -12.6849 -10.99
    endloop
  endfacet
  facet normal 0.98388 0.178832 0
    outer loop
      vertex 38.8238 -12.6849 -11.49
      vertex 38.9123 -13.1718 -10.99
      vertex 38.9123 -13.1718 -11.49
    endloop
  endfacet
  facet normal 0.983977 -0.178298 0
    outer loop
      vertex 38.8242 -13.658 -10.99
      vertex 38.9123 -13.1718 -11.49
      vertex 38.9123 -13.1718 -10.99
    endloop
  endfacet
  facet normal 0.983977 -0.178298 0
    outer loop
      vertex 38.9123 -13.1718 -11.49
      vertex 38.8242 -13.658 -10.99
      vertex 38.8242 -13.658 -11.49
    endloop
  endfacet
  facet normal 0.808052 -0.589112 0
    outer loop
      vertex 38.5597 -14.0208 -10.99
      vertex 38.8242 -13.658 -11.49
      vertex 38.8242 -13.658 -10.99
    endloop
  endfacet
  facet normal 0.808052 -0.589112 0
    outer loop
      vertex 38.8242 -13.658 -11.49
      vertex 38.5597 -14.0208 -10.99
      vertex 38.5597 -14.0208 -11.49
    endloop
  endfacet
  facet normal 0.469013 -0.883191 0
    outer loop
      vertex 38.1345 -14.2466 -11.49
      vertex 38.5597 -14.0208 -10.99
      vertex 38.1345 -14.2466 -10.99
    endloop
  endfacet
  facet normal 0.469013 -0.883191 0
    outer loop
      vertex 38.5597 -14.0208 -10.99
      vertex 38.1345 -14.2466 -11.49
      vertex 38.5597 -14.0208 -11.49
    endloop
  endfacet
  facet normal 0.1309 -0.991396 0
    outer loop
      vertex 37.5642 -14.3219 -11.49
      vertex 38.1345 -14.2466 -10.99
      vertex 37.5642 -14.3219 -10.99
    endloop
  endfacet
  facet normal 0.1309 -0.991396 0
    outer loop
      vertex 38.1345 -14.2466 -10.99
      vertex 37.5642 -14.3219 -11.49
      vertex 38.1345 -14.2466 -11.49
    endloop
  endfacet
  facet normal 0 -1 0
    outer loop
      vertex 35.9557 -14.3219 -11.49
      vertex 37.5642 -14.3219 -10.99
      vertex 35.9557 -14.3219 -10.99
    endloop
  endfacet
  facet normal 0 -1 -0
    outer loop
      vertex 37.5642 -14.3219 -10.99
      vertex 35.9557 -14.3219 -11.49
      vertex 37.5642 -14.3219 -11.49
    endloop
  endfacet
  facet normal -1 0 0
    outer loop
      vertex 35.9557 -14.3219 -11.49
      vertex 35.9557 -10.5 -10.99
      vertex 35.9557 -10.5 -11.49
    endloop
  endfacet
  facet normal -1 -0 0
    outer loop
      vertex 35.9557 -10.5 -10.99
      vertex 35.9557 -14.3219 -11.49
      vertex 35.9557 -14.3219 -10.99
    endloop
  endfacet
  facet normal 0 1 -0
    outer loop
      vertex 36.4738 -10.5 -11.49
      vertex 35.9557 -10.5 -10.99
      vertex 36.4738 -10.5 -10.99
    endloop
  endfacet
  facet normal 0 1 0
    outer loop
      vertex 35.9557 -10.5 -10.99
      vertex 36.4738 -10.5 -11.49
      vertex 35.9557 -10.5 -11.49
    endloop
  endfacet
  facet normal 1 -0 0
    outer loop
      vertex 36.4738 -11.9892 -10.99
      vertex 36.4738 -10.5 -11.49
      vertex 36.4738 -10.5 -10.99
    endloop
  endfacet
  facet normal 1 0 0
    outer loop
      vertex 36.4738 -10.5 -11.49
      vertex 36.4738 -11.9892 -10.99
      vertex 36.4738 -11.9892 -11.49
    endloop
  endfacet
  facet normal 1 -0 0
    outer loop
      vertex 36.4738 -13.9069 -10.99
      vertex 36.4738 -12.3988 -11.49
      vertex 36.4738 -12.3988 -10.99
    endloop
  endfacet
  facet normal 1 0 0
    outer loop
      vertex 36.4738 -12.3988 -11.49
      vertex 36.4738 -13.9069 -10.99
      vertex 36.4738 -13.9069 -11.49
    endloop
  endfacet
  facet normal 0 1 -0
    outer loop
      vertex 37.5018 -13.9069 -11.49
      vertex 36.4738 -13.9069 -10.99
      vertex 37.5018 -13.9069 -10.99
    endloop
  endfacet
  facet normal 0 1 0
    outer loop
      vertex 36.4738 -13.9069 -10.99
      vertex 37.5018 -13.9069 -11.49
      vertex 36.4738 -13.9069 -11.49
    endloop
  endfacet
  facet normal -0.267294 0.963615 0
    outer loop
      vertex 38.1691 -13.7218 -11.49
      vertex 37.5018 -13.9069 -10.99
      vertex 38.1691 -13.7218 -10.99
    endloop
  endfacet
  facet normal -0.267294 0.963615 0
    outer loop
      vertex 37.5018 -13.9069 -10.99
      vertex 38.1691 -13.7218 -11.49
      vertex 37.5018 -13.9069 -11.49
    endloop
  endfacet
  facet normal -0.928338 0.371736 0
    outer loop
      vertex 38.1691 -13.7218 -11.49
      vertex 38.3915 -13.1664 -10.99
      vertex 38.3915 -13.1664 -11.49
    endloop
  endfacet
  facet normal -0.928338 0.371736 0
    outer loop
      vertex 38.3915 -13.1664 -10.99
      vertex 38.1691 -13.7218 -11.49
      vertex 38.1691 -13.7218 -10.99
    endloop
  endfacet
  facet normal -0.935733 -0.352708 0
    outer loop
      vertex 38.3915 -13.1664 -11.49
      vertex 38.1745 -12.5907 -10.99
      vertex 38.1745 -12.5907 -11.49
    endloop
  endfacet
  facet normal -0.935733 -0.352708 0
    outer loop
      vertex 38.1745 -12.5907 -10.99
      vertex 38.3915 -13.1664 -11.49
      vertex 38.3915 -13.1664 -10.99
    endloop
  endfacet
  facet normal -0.282749 -0.959194 0
    outer loop
      vertex 37.5235 -12.3988 -11.49
      vertex 38.1745 -12.5907 -10.99
      vertex 37.5235 -12.3988 -10.99
    endloop
  endfacet
  facet normal -0.282749 -0.959194 -0
    outer loop
      vertex 38.1745 -12.5907 -10.99
      vertex 37.5235 -12.3988 -11.49
      vertex 38.1745 -12.5907 -11.49
    endloop
  endfacet
  facet normal 0 -1 0
    outer loop
      vertex 36.4738 -12.3988 -11.49
      vertex 37.5235 -12.3988 -10.99
      vertex 36.4738 -12.3988 -10.99
    endloop
  endfacet
  facet normal 0 -1 -0
    outer loop
      vertex 37.5235 -12.3988 -10.99
      vertex 36.4738 -12.3988 -11.49
      vertex 37.5235 -12.3988 -11.49
    endloop
  endfacet
  facet normal 0 -1 0
    outer loop
      vertex 39.6313 -14.3219 -11.49
      vertex 40.1494 -14.3219 -10.99
      vertex 39.6313 -14.3219 -10.99
    endloop
  endfacet
  facet normal 0 -1 -0
    outer loop
      vertex 40.1494 -14.3219 -10.99
      vertex 39.6313 -14.3219 -11.49
      vertex 40.1494 -14.3219 -11.49
    endloop
  endfacet
  facet normal -1 0 0
    outer loop
      vertex 39.6313 -14.3219 -11.49
      vertex 39.6313 -10.5 -10.99
      vertex 39.6313 -10.5 -11.49
    endloop
  endfacet
  facet normal -1 -0 0
    outer loop
      vertex 39.6313 -10.5 -10.99
      vertex 39.6313 -14.3219 -11.49
      vertex 39.6313 -14.3219 -10.99
    endloop
  endfacet
  facet normal 0 1 -0
    outer loop
      vertex 40.1494 -10.5 -11.49
      vertex 39.6313 -10.5 -10.99
      vertex 40.1494 -10.5 -10.99
    endloop
  endfacet
  facet normal 0 1 0
    outer loop
      vertex 39.6313 -10.5 -10.99
      vertex 40.1494 -10.5 -11.49
      vertex 39.6313 -10.5 -11.49
    endloop
  endfacet
  facet normal 1 -0 0
    outer loop
      vertex 40.1494 -14.3219 -10.99
      vertex 40.1494 -10.5 -11.49
      vertex 40.1494 -10.5 -10.99
    endloop
  endfacet
  facet normal 1 0 0
    outer loop
      vertex 40.1494 -10.5 -11.49
      vertex 40.1494 -14.3219 -10.99
      vertex 40.1494 -14.3219 -11.49
    endloop
  endfacet
  facet normal 0 1 -0
    outer loop
      vertex 42.7906 -12.0868 -11.49
      vertex 41.5998 -12.0868 -10.99
      vertex 42.7906 -12.0868 -10.99
    endloop
  endfacet
  facet normal 0 1 0
    outer loop
      vertex 41.5998 -12.0868 -10.99
      vertex 42.7906 -12.0868 -11.49
      vertex 41.5998 -12.0868 -11.49
    endloop
  endfacet
  facet normal -0.847746 0.530402 0
    outer loop
      vertex 42.7906 -12.0868 -11.49
      vertex 43.7834 -10.5 -10.99
      vertex 43.7834 -10.5 -11.49
    endloop
  endfacet
  facet normal -0.847746 0.530402 0
    outer loop
      vertex 43.7834 -10.5 -10.99
      vertex 42.7906 -12.0868 -11.49
      vertex 42.7906 -12.0868 -10.99
    endloop
  endfacet
  facet normal 0 1 -0
    outer loop
      vertex 44.3801 -10.5 -11.49
      vertex 43.7834 -10.5 -10.99
      vertex 44.3801 -10.5 -10.99
    endloop
  endfacet
  facet normal 0 1 0
    outer loop
      vertex 43.7834 -10.5 -10.99
      vertex 44.3801 -10.5 -11.49
      vertex 43.7834 -10.5 -11.49
    endloop
  endfacet
  facet normal 0.835003 -0.550245 0
    outer loop
      vertex 43.2951 -12.1465 -10.99
      vertex 44.3801 -10.5 -11.49
      vertex 44.3801 -10.5 -10.99
    endloop
  endfacet
  facet normal 0.835003 -0.550245 0
    outer loop
      vertex 44.3801 -10.5 -11.49
      vertex 43.2951 -12.1465 -10.99
      vertex 43.2951 -12.1465 -11.49
    endloop
  endfacet
  facet normal 0.315424 0.948951 -0
    outer loop
      vertex 43.6847 -12.276 -11.49
      vertex 43.2951 -12.1465 -10.99
      vertex 43.6847 -12.276 -10.99
    endloop
  endfacet
  facet normal 0.315424 0.948951 0
    outer loop
      vertex 43.2951 -12.1465 -10.99
      vertex 43.6847 -12.276 -11.49
      vertex 43.2951 -12.1465 -11.49
    endloop
  endfacet
  facet normal 0.625436 0.780276 -0
    outer loop
      vertex 43.98 -12.5127 -11.49
      vertex 43.6847 -12.276 -10.99
      vertex 43.98 -12.5127 -10.99
    endloop
  endfacet
  facet normal 0.625436 0.780276 0
    outer loop
      vertex 43.6847 -12.276 -10.99
      vertex 43.98 -12.5127 -11.49
      vertex 43.6847 -12.276 -11.49
    endloop
  endfacet
  facet normal 0.867088 0.498154 0
    outer loop
      vertex 44.1662 -12.8368 -10.99
      vertex 43.98 -12.5127 -11.49
      vertex 43.98 -12.5127 -10.99
    endloop
  endfacet
  facet normal 0.867088 0.498154 0
    outer loop
      vertex 43.98 -12.5127 -11.49
      vertex 44.1662 -12.8368 -10.99
      vertex 44.1662 -12.8368 -11.49
    endloop
  endfacet
  facet normal 0.987722 0.156221 0
    outer loop
      vertex 44.2282 -13.2288 -10.99
      vertex 44.1662 -12.8368 -11.49
      vertex 44.1662 -12.8368 -10.99
    endloop
  endfacet
  facet normal 0.987722 0.156221 0
    outer loop
      vertex 44.1662 -12.8368 -11.49
      vertex 44.2282 -13.2288 -10.99
      vertex 44.2282 -13.2288 -11.49
    endloop
  endfacet
  facet normal 0.982169 -0.187998 0
    outer loop
      vertex 44.1404 -13.6875 -10.99
      vertex 44.2282 -13.2288 -11.49
      vertex 44.2282 -13.2288 -10.99
    endloop
  endfacet
  facet normal 0.982169 -0.187998 0
    outer loop
      vertex 44.2282 -13.2288 -11.49
      vertex 44.1404 -13.6875 -10.99
      vertex 44.1404 -13.6875 -11.49
    endloop
  endfacet
  facet normal 0.795141 -0.606425 0
    outer loop
      vertex 43.8769 -14.033 -10.99
      vertex 44.1404 -13.6875 -11.49
      vertex 44.1404 -13.6875 -10.99
    endloop
  endfacet
  facet normal 0.795141 -0.606425 0
    outer loop
      vertex 44.1404 -13.6875 -11.49
      vertex 43.8769 -14.033 -10.99
      vertex 43.8769 -14.033 -11.49
    endloop
  endfacet
  facet normal 0.454413 -0.890791 0
    outer loop
      vertex 43.4521 -14.2497 -11.49
      vertex 43.8769 -14.033 -10.99
      vertex 43.4521 -14.2497 -10.99
    endloop
  endfacet
  facet normal 0.454413 -0.890791 0
    outer loop
      vertex 43.8769 -14.033 -10.99
      vertex 43.4521 -14.2497 -11.49
      vertex 43.8769 -14.033 -11.49
    endloop
  endfacet
  facet normal 0.12523 -0.992128 0
    outer loop
      vertex 42.8801 -14.3219 -11.49
      vertex 43.4521 -14.2497 -10.99
      vertex 42.8801 -14.3219 -10.99
    endloop
  endfacet
  facet normal 0.12523 -0.992128 0
    outer loop
      vertex 43.4521 -14.2497 -10.99
      vertex 42.8801 -14.3219 -11.49
      vertex 43.4521 -14.2497 -11.49
    endloop
  endfacet
  facet normal 0 -1 0
    outer loop
      vertex 41.0817 -14.3219 -11.49
      vertex 42.8801 -14.3219 -10.99
      vertex 41.0817 -14.3219 -10.99
    endloop
  endfacet
  facet normal 0 -1 -0
    outer loop
      vertex 42.8801 -14.3219 -10.99
      vertex 41.0817 -14.3219 -11.49
      vertex 42.8801 -14.3219 -11.49
    endloop
  endfacet
  facet normal -1 0 0
    outer loop
      vertex 41.0817 -14.3219 -11.49
      vertex 41.0817 -10.5 -10.99
      vertex 41.0817 -10.5 -11.49
    endloop
  endfacet
  facet normal -1 -0 0
    outer loop
      vertex 41.0817 -10.5 -10.99
      vertex 41.0817 -14.3219 -11.49
      vertex 41.0817 -14.3219 -10.99
    endloop
  endfacet
  facet normal 0 1 -0
    outer loop
      vertex 41.5998 -10.5 -11.49
      vertex 41.0817 -10.5 -10.99
      vertex 41.5998 -10.5 -10.99
    endloop
  endfacet
  facet normal 0 1 0
    outer loop
      vertex 41.0817 -10.5 -10.99
      vertex 41.5998 -10.5 -11.49
      vertex 41.0817 -10.5 -11.49
    endloop
  endfacet
  facet normal 1 -0 0
    outer loop
      vertex 41.5998 -12.0868 -10.99
      vertex 41.5998 -10.5 -11.49
      vertex 41.5998 -10.5 -10.99
    endloop
  endfacet
  facet normal 1 0 0
    outer loop
      vertex 41.5998 -10.5 -11.49
      vertex 41.5998 -12.0868 -10.99
      vertex 41.5998 -12.0868 -11.49
    endloop
  endfacet
  facet normal 1 -0 0
    outer loop
      vertex 41.5998 -13.9069 -10.99
      vertex 41.5998 -12.4964 -11.49
      vertex 41.5998 -12.4964 -10.99
    endloop
  endfacet
  facet normal 1 0 0
    outer loop
      vertex 41.5998 -12.4964 -11.49
      vertex 41.5998 -13.9069 -10.99
      vertex 41.5998 -13.9069 -11.49
    endloop
  endfacet
  facet normal 0 1 -0
    outer loop
      vertex 42.8286 -13.9069 -11.49
      vertex 41.5998 -13.9069 -10.99
      vertex 42.8286 -13.9069 -10.99
    endloop
  endfacet
  facet normal 0 1 0
    outer loop
      vertex 41.5998 -13.9069 -10.99
      vertex 42.8286 -13.9069 -11.49
      vertex 41.5998 -13.9069 -11.49
    endloop
  endfacet
  facet normal -0.115446 0.993314 0
    outer loop
      vertex 43.2046 -13.8632 -11.49
      vertex 42.8286 -13.9069 -10.99
      vertex 43.2046 -13.8632 -10.99
    endloop
  endfacet
  facet normal -0.115446 0.993314 0
    outer loop
      vertex 42.8286 -13.9069 -10.99
      vertex 43.2046 -13.8632 -11.49
      vertex 42.8286 -13.9069 -11.49
    endloop
  endfacet
  facet normal -0.42921 0.903205 0
    outer loop
      vertex 43.4809 -13.7319 -11.49
      vertex 43.2046 -13.8632 -10.99
      vertex 43.4809 -13.7319 -10.99
    endloop
  endfacet
  facet normal -0.42921 0.903205 0
    outer loop
      vertex 43.2046 -13.8632 -10.99
      vertex 43.4809 -13.7319 -11.49
      vertex 43.2046 -13.8632 -11.49
    endloop
  endfacet
  facet normal -0.784031 0.620722 0
    outer loop
      vertex 43.4809 -13.7319 -11.49
      vertex 43.6508 -13.5173 -10.99
      vertex 43.6508 -13.5173 -11.49
    endloop
  endfacet
  facet normal -0.784031 0.620722 0
    outer loop
      vertex 43.6508 -13.5173 -10.99
      vertex 43.4809 -13.7319 -11.49
      vertex 43.4809 -13.7319 -10.99
    endloop
  endfacet
  facet normal -0.981956 0.189108 0
    outer loop
      vertex 43.6508 -13.5173 -11.49
      vertex 43.7074 -13.2234 -10.99
      vertex 43.7074 -13.2234 -11.49
    endloop
  endfacet
  facet normal -0.981956 0.189108 0
    outer loop
      vertex 43.7074 -13.2234 -10.99
      vertex 43.6508 -13.5173 -11.49
      vertex 43.6508 -13.5173 -10.99
    endloop
  endfacet
  facet normal -0.983741 -0.179592 0
    outer loop
      vertex 43.7074 -13.2234 -11.49
      vertex 43.6515 -12.9172 -10.99
      vertex 43.6515 -12.9172 -11.49
    endloop
  endfacet
  facet normal -0.983741 -0.179592 0
    outer loop
      vertex 43.6515 -12.9172 -10.99
      vertex 43.7074 -13.2234 -11.49
      vertex 43.7074 -13.2234 -10.99
    endloop
  endfacet
  facet normal -0.807198 -0.590281 0
    outer loop
      vertex 43.6515 -12.9172 -11.49
      vertex 43.4836 -12.6876 -10.99
      vertex 43.4836 -12.6876 -11.49
    endloop
  endfacet
  facet normal -0.807198 -0.590281 0
    outer loop
      vertex 43.4836 -12.6876 -10.99
      vertex 43.6515 -12.9172 -11.49
      vertex 43.6515 -12.9172 -10.99
    endloop
  endfacet
  facet normal -0.468789 -0.88331 0
    outer loop
      vertex 43.2134 -12.5442 -11.49
      vertex 43.4836 -12.6876 -10.99
      vertex 43.2134 -12.5442 -10.99
    endloop
  endfacet
  facet normal -0.468789 -0.88331 -0
    outer loop
      vertex 43.4836 -12.6876 -10.99
      vertex 43.2134 -12.5442 -11.49
      vertex 43.4836 -12.6876 -11.49
    endloop
  endfacet
  facet normal -0.130518 -0.991446 0
    outer loop
      vertex 42.8503 -12.4964 -11.49
      vertex 43.2134 -12.5442 -10.99
      vertex 42.8503 -12.4964 -10.99
    endloop
  endfacet
  facet normal -0.130518 -0.991446 -0
    outer loop
      vertex 43.2134 -12.5442 -10.99
      vertex 42.8503 -12.4964 -11.49
      vertex 43.2134 -12.5442 -11.49
    endloop
  endfacet
  facet normal 0 -1 0
    outer loop
      vertex 41.5998 -12.4964 -11.49
      vertex 42.8503 -12.4964 -10.99
      vertex 41.5998 -12.4964 -10.99
    endloop
  endfacet
  facet normal 0 -1 -0
    outer loop
      vertex 42.8503 -12.4964 -10.99
      vertex 41.5998 -12.4964 -11.49
      vertex 42.8503 -12.4964 -11.49
    endloop
  endfacet
  facet normal 0 -1 0
    outer loop
      vertex 45.5178 -10.9232 -11.49
      vertex 47.4491 -10.9232 -10.99
      vertex 45.5178 -10.9232 -10.99
    endloop
  endfacet
  facet normal 0 -1 -0
    outer loop
      vertex 47.4491 -10.9232 -10.99
      vertex 45.5178 -10.9232 -11.49
      vertex 47.4491 -10.9232 -11.49
    endloop
  endfacet
  facet normal 1 -0 0
    outer loop
      vertex 45.5178 -14.3219 -10.99
      vertex 45.5178 -10.9232 -11.49
      vertex 45.5178 -10.9232 -10.99
    endloop
  endfacet
  facet normal 1 0 0
    outer loop
      vertex 45.5178 -10.9232 -11.49
      vertex 45.5178 -14.3219 -10.99
      vertex 45.5178 -14.3219 -11.49
    endloop
  endfacet
  facet normal 0 -1 0
    outer loop
      vertex 44.9997 -14.3219 -11.49
      vertex 45.5178 -14.3219 -10.99
      vertex 44.9997 -14.3219 -10.99
    endloop
  endfacet
  facet normal 0 -1 -0
    outer loop
      vertex 45.5178 -14.3219 -10.99
      vertex 44.9997 -14.3219 -11.49
      vertex 45.5178 -14.3219 -11.49
    endloop
  endfacet
  facet normal -1 0 0
    outer loop
      vertex 44.9997 -14.3219 -11.49
      vertex 44.9997 -10.5 -10.99
      vertex 44.9997 -10.5 -11.49
    endloop
  endfacet
  facet normal -1 -0 0
    outer loop
      vertex 44.9997 -10.5 -10.99
      vertex 44.9997 -14.3219 -11.49
      vertex 44.9997 -14.3219 -10.99
    endloop
  endfacet
  facet normal 0 1 -0
    outer loop
      vertex 47.4491 -10.5 -11.49
      vertex 44.9997 -10.5 -10.99
      vertex 47.4491 -10.5 -10.99
    endloop
  endfacet
  facet normal 0 1 0
    outer loop
      vertex 44.9997 -10.5 -10.99
      vertex 47.4491 -10.5 -11.49
      vertex 44.9997 -10.5 -11.49
    endloop
  endfacet
  facet normal 1 -0 0
    outer loop
      vertex 47.4491 -10.9232 -10.99
      vertex 47.4491 -10.5 -11.49
      vertex 47.4491 -10.5 -10.99
    endloop
  endfacet
  facet normal 1 0 0
    outer loop
      vertex 47.4491 -10.5 -11.49
      vertex 47.4491 -10.9232 -10.99
      vertex 47.4491 -10.9232 -11.49
    endloop
  endfacet
  facet normal -0 0 1
    outer loop
      vertex 50.9557 -10.5 -10.99
      vertex 51.4738 -12.0488 -10.99
      vertex 51.4738 -10.5 -10.99
    endloop
  endfacet
  facet normal 0 0 1
    outer loop
      vertex 51.4738 -12.0488 -10.99
      vertex 50.9557 -10.5 -10.99
      vertex 51.4738 -12.4774 -10.99
    endloop
  endfacet
  facet normal 0 0 1
    outer loop
      vertex 50.9557 -14.3219 -10.99
      vertex 51.4738 -12.4774 -10.99
      vertex 50.9557 -10.5 -10.99
    endloop
  endfacet
  facet normal -0 0 1
    outer loop
      vertex 51.4738 -12.0488 -10.99
      vertex 53.6058 -12.4774 -10.99
      vertex 53.6058 -12.0488 -10.99
    endloop
  endfacet
  facet normal 0 0 1
    outer loop
      vertex 53.6058 -12.4774 -10.99
      vertex 51.4738 -12.0488 -10.99
      vertex 51.4738 -12.4774 -10.99
    endloop
  endfacet
  facet normal -0 0 1
    outer loop
      vertex 51.4738 -13.8988 -10.99
      vertex 53.6709 -14.3219 -10.99
      vertex 53.6709 -13.8988 -10.99
    endloop
  endfacet
  facet normal 0 0 1
    outer loop
      vertex 51.4738 -13.8988 -10.99
      vertex 50.9557 -14.3219 -10.99
      vertex 53.6709 -14.3219 -10.99
    endloop
  endfacet
  facet normal 0 0 1
    outer loop
      vertex 51.4738 -12.4774 -10.99
      vertex 50.9557 -14.3219 -10.99
      vertex 51.4738 -13.8988 -10.99
    endloop
  endfacet
  facet normal 0 0 1
    outer loop
      vertex 55.767 -10.5 -10.99
      vertex 55.2517 -10.5 -10.99
      vertex 55.767 -13.8988 -10.99
    endloop
  endfacet
  facet normal -0 0 1
    outer loop
      vertex 55.767 -13.8988 -10.99
      vertex 57.0798 -14.3219 -10.99
      vertex 57.0798 -13.8988 -10.99
    endloop
  endfacet
  facet normal 0 0 1
    outer loop
      vertex 55.2517 -13.8988 -10.99
      vertex 55.767 -13.8988 -10.99
      vertex 55.2517 -10.5 -10.99
    endloop
  endfacet
  facet normal -0 0 1
    outer loop
      vertex 55.2517 -13.8988 -10.99
      vertex 57.0798 -14.3219 -10.99
      vertex 55.767 -13.8988 -10.99
    endloop
  endfacet
  facet normal 0 0 1
    outer loop
      vertex 53.9388 -14.3219 -10.99
      vertex 55.2517 -13.8988 -10.99
      vertex 53.9388 -13.8988 -10.99
    endloop
  endfacet
  facet normal 0 0 1
    outer loop
      vertex 55.2517 -13.8988 -10.99
      vertex 53.9388 -14.3219 -10.99
      vertex 57.0798 -14.3219 -10.99
    endloop
  endfacet
  facet normal 0 0 -1
    outer loop
      vertex 53.6709 -14.3219 -11.49
      vertex 51.4738 -13.8988 -11.49
      vertex 53.6709 -13.8988 -11.49
    endloop
  endfacet
  facet normal 0 0 -1
    outer loop
      vertex 50.9557 -14.3219 -11.49
      vertex 51.4738 -12.4774 -11.49
      vertex 51.4738 -13.8988 -11.49
    endloop
  endfacet
  facet normal 0 0 -1
    outer loop
      vertex 50.9557 -10.5 -11.49
      vertex 51.4738 -12.4774 -11.49
      vertex 50.9557 -14.3219 -11.49
    endloop
  endfacet
  facet normal 0 0 -1
    outer loop
      vertex 50.9557 -14.3219 -11.49
      vertex 51.4738 -13.8988 -11.49
      vertex 53.6709 -14.3219 -11.49
    endloop
  endfacet
  facet normal 0 0 -1
    outer loop
      vertex 51.4738 -12.4774 -11.49
      vertex 50.9557 -10.5 -11.49
      vertex 51.4738 -12.0488 -11.49
    endloop
  endfacet
  facet normal 0 0 -1
    outer loop
      vertex 51.4738 -12.0488 -11.49
      vertex 50.9557 -10.5 -11.49
      vertex 51.4738 -10.5 -11.49
    endloop
  endfacet
  facet normal 0 0 -1
    outer loop
      vertex 51.4738 -12.4774 -11.49
      vertex 53.6058 -12.0488 -11.49
      vertex 53.6058 -12.4774 -11.49
    endloop
  endfacet
  facet normal -0 0 -1
    outer loop
      vertex 53.6058 -12.0488 -11.49
      vertex 51.4738 -12.4774 -11.49
      vertex 51.4738 -12.0488 -11.49
    endloop
  endfacet
  facet normal 0 0 -1
    outer loop
      vertex 57.0798 -14.3219 -11.49
      vertex 55.767 -13.8988 -11.49
      vertex 57.0798 -13.8988 -11.49
    endloop
  endfacet
  facet normal 0 0 -1
    outer loop
      vertex 55.767 -13.8988 -11.49
      vertex 55.2517 -13.8988 -11.49
      vertex 55.767 -10.5 -11.49
    endloop
  endfacet
  facet normal 0 0 -1
    outer loop
      vertex 57.0798 -14.3219 -11.49
      vertex 55.2517 -13.8988 -11.49
      vertex 55.767 -13.8988 -11.49
    endloop
  endfacet
  facet normal 0 0 -1
    outer loop
      vertex 53.9388 -14.3219 -11.49
      vertex 55.2517 -13.8988 -11.49
      vertex 57.0798 -14.3219 -11.49
    endloop
  endfacet
  facet normal -0 0 -1
    outer loop
      vertex 55.2517 -13.8988 -11.49
      vertex 53.9388 -14.3219 -11.49
      vertex 53.9388 -13.8988 -11.49
    endloop
  endfacet
  facet normal -0 0 -1
    outer loop
      vertex 55.767 -10.5 -11.49
      vertex 55.2517 -13.8988 -11.49
      vertex 55.2517 -10.5 -11.49
    endloop
  endfacet
  facet normal 0 1 -0
    outer loop
      vertex 53.6058 -12.0488 -11.49
      vertex 51.4738 -12.0488 -10.99
      vertex 53.6058 -12.0488 -10.99
    endloop
  endfacet
  facet normal 0 1 0
    outer loop
      vertex 51.4738 -12.0488 -10.99
      vertex 53.6058 -12.0488 -11.49
      vertex 51.4738 -12.0488 -11.49
    endloop
  endfacet
  facet normal 1 -0 0
    outer loop
      vertex 53.6058 -12.4774 -10.99
      vertex 53.6058 -12.0488 -11.49
      vertex 53.6058 -12.0488 -10.99
    endloop
  endfacet
  facet normal 1 0 0
    outer loop
      vertex 53.6058 -12.0488 -11.49
      vertex 53.6058 -12.4774 -10.99
      vertex 53.6058 -12.4774 -11.49
    endloop
  endfacet
  facet normal 0 -1 0
    outer loop
      vertex 51.4738 -12.4774 -11.49
      vertex 53.6058 -12.4774 -10.99
      vertex 51.4738 -12.4774 -10.99
    endloop
  endfacet
  facet normal 0 -1 -0
    outer loop
      vertex 53.6058 -12.4774 -10.99
      vertex 51.4738 -12.4774 -11.49
      vertex 53.6058 -12.4774 -11.49
    endloop
  endfacet
  facet normal 1 -0 0
    outer loop
      vertex 51.4738 -13.8988 -10.99
      vertex 51.4738 -12.4774 -11.49
      vertex 51.4738 -12.4774 -10.99
    endloop
  endfacet
  facet normal 1 0 0
    outer loop
      vertex 51.4738 -12.4774 -11.49
      vertex 51.4738 -13.8988 -10.99
      vertex 51.4738 -13.8988 -11.49
    endloop
  endfacet
  facet normal 0 1 -0
    outer loop
      vertex 53.6709 -13.8988 -11.49
      vertex 51.4738 -13.8988 -10.99
      vertex 53.6709 -13.8988 -10.99
    endloop
  endfacet
  facet normal 0 1 0
    outer loop
      vertex 51.4738 -13.8988 -10.99
      vertex 53.6709 -13.8988 -11.49
      vertex 51.4738 -13.8988 -11.49
    endloop
  endfacet
  facet normal 1 -0 0
    outer loop
      vertex 53.6709 -14.3219 -10.99
      vertex 53.6709 -13.8988 -11.49
      vertex 53.6709 -13.8988 -10.99
    endloop
  endfacet
  facet normal 1 0 0
    outer loop
      vertex 53.6709 -13.8988 -11.49
      vertex 53.6709 -14.3219 -10.99
      vertex 53.6709 -14.3219 -11.49
    endloop
  endfacet
  facet normal 0 -1 0
    outer loop
      vertex 50.9557 -14.3219 -11.49
      vertex 53.6709 -14.3219 -10.99
      vertex 50.9557 -14.3219 -10.99
    endloop
  endfacet
  facet normal 0 -1 -0
    outer loop
      vertex 53.6709 -14.3219 -10.99
      vertex 50.9557 -14.3219 -11.49
      vertex 53.6709 -14.3219 -11.49
    endloop
  endfacet
  facet normal -1 0 0
    outer loop
      vertex 50.9557 -14.3219 -11.49
      vertex 50.9557 -10.5 -10.99
      vertex 50.9557 -10.5 -11.49
    endloop
  endfacet
  facet normal -1 -0 0
    outer loop
      vertex 50.9557 -10.5 -10.99
      vertex 50.9557 -14.3219 -11.49
      vertex 50.9557 -14.3219 -10.99
    endloop
  endfacet
  facet normal 0 1 -0
    outer loop
      vertex 51.4738 -10.5 -11.49
      vertex 50.9557 -10.5 -10.99
      vertex 51.4738 -10.5 -10.99
    endloop
  endfacet
  facet normal 0 1 0
    outer loop
      vertex 50.9557 -10.5 -10.99
      vertex 51.4738 -10.5 -11.49
      vertex 50.9557 -10.5 -11.49
    endloop
  endfacet
  facet normal 1 -0 0
    outer loop
      vertex 51.4738 -12.0488 -10.99
      vertex 51.4738 -10.5 -11.49
      vertex 51.4738 -10.5 -10.99
    endloop
  endfacet
  facet normal 1 0 0
    outer loop
      vertex 51.4738 -10.5 -11.49
      vertex 51.4738 -12.0488 -10.99
      vertex 51.4738 -12.0488 -11.49
    endloop
  endfacet
  facet normal 0 1 -0
    outer loop
      vertex 57.0798 -13.8988 -11.49
      vertex 55.767 -13.8988 -10.99
      vertex 57.0798 -13.8988 -10.99
    endloop
  endfacet
  facet normal 0 1 0
    outer loop
      vertex 55.767 -13.8988 -10.99
      vertex 57.0798 -13.8988 -11.49
      vertex 55.767 -13.8988 -11.49
    endloop
  endfacet
  facet normal 1 -0 0
    outer loop
      vertex 57.0798 -14.3219 -10.99
      vertex 57.0798 -13.8988 -11.49
      vertex 57.0798 -13.8988 -10.99
    endloop
  endfacet
  facet normal 1 0 0
    outer loop
      vertex 57.0798 -13.8988 -11.49
      vertex 57.0798 -14.3219 -10.99
      vertex 57.0798 -14.3219 -11.49
    endloop
  endfacet
  facet normal 0 -1 0
    outer loop
      vertex 53.9388 -14.3219 -11.49
      vertex 57.0798 -14.3219 -10.99
      vertex 53.9388 -14.3219 -10.99
    endloop
  endfacet
  facet normal 0 -1 -0
    outer loop
      vertex 57.0798 -14.3219 -10.99
      vertex 53.9388 -14.3219 -11.49
      vertex 57.0798 -14.3219 -11.49
    endloop
  endfacet
  facet normal -1 0 0
    outer loop
      vertex 53.9388 -14.3219 -11.49
      vertex 53.9388 -13.8988 -10.99
      vertex 53.9388 -13.8988 -11.49
    endloop
  endfacet
  facet normal -1 -0 0
    outer loop
      vertex 53.9388 -13.8988 -10.99
      vertex 53.9388 -14.3219 -11.49
      vertex 53.9388 -14.3219 -10.99
    endloop
  endfacet
  facet normal 0 1 -0
    outer loop
      vertex 55.2517 -13.8988 -11.49
      vertex 53.9388 -13.8988 -10.99
      vertex 55.2517 -13.8988 -10.99
    endloop
  endfacet
  facet normal 0 1 0
    outer loop
      vertex 53.9388 -13.8988 -10.99
      vertex 55.2517 -13.8988 -11.49
      vertex 53.9388 -13.8988 -11.49
    endloop
  endfacet
  facet normal -1 0 0
    outer loop
      vertex 55.2517 -13.8988 -11.49
      vertex 55.2517 -10.5 -10.99
      vertex 55.2517 -10.5 -11.49
    endloop
  endfacet
  facet normal -1 -0 0
    outer loop
      vertex 55.2517 -10.5 -10.99
      vertex 55.2517 -13.8988 -11.49
      vertex 55.2517 -13.8988 -10.99
    endloop
  endfacet
  facet normal 0 1 -0
    outer loop
      vertex 55.767 -10.5 -11.49
      vertex 55.2517 -10.5 -10.99
      vertex 55.767 -10.5 -10.99
    endloop
  endfacet
  facet normal 0 1 0
    outer loop
      vertex 55.2517 -10.5 -10.99
      vertex 55.767 -10.5 -11.49
      vertex 55.2517 -10.5 -11.49
    endloop
  endfacet
  facet normal 1 -0 0
    outer loop
      vertex 55.767 -13.8988 -10.99
      vertex 55.767 -10.5 -11.49
      vertex 55.767 -10.5 -10.99
    endloop
  endfacet
  facet normal 1 0 0
    outer loop
      vertex 55.767 -10.5 -11.49
      vertex 55.767 -13.8988 -10.99
      vertex 55.767 -13.8988 -11.49
    endloop
  endfacet
  facet normal 0 0 1
    outer loop
      vertex 63.9123 -11.5769 -10.99
      vertex 63.3345 -11.311 -10.99
      vertex 63.3888 -11.6176 -10.99
    endloop
  endfacet
  facet normal 0 0 1
    outer loop
      vertex 63.5407 -10.7834 -10.99
      vertex 63.1718 -11.0913 -10.99
      vertex 63.3345 -11.311 -10.99
    endloop
  endfacet
  facet normal 0 0 1
    outer loop
      vertex 63.0965 -10.5708 -10.99
      vertex 63.1718 -11.0913 -10.99
      vertex 63.5407 -10.7834 -10.99
    endloop
  endfacet
  facet normal 0 0 1
    outer loop
      vertex 63.0965 -10.5708 -10.99
      vertex 62.8904 -10.9591 -10.99
      vertex 63.1718 -11.0913 -10.99
    endloop
  endfacet
  facet normal 0 0 1
    outer loop
      vertex 62.5072 -10.5 -10.99
      vertex 62.8904 -10.9591 -10.99
      vertex 63.0965 -10.5708 -10.99
    endloop
  endfacet
  facet normal 0 0 1
    outer loop
      vertex 62.5072 -10.5 -10.99
      vertex 62.4801 -10.915 -10.99
      vertex 62.8904 -10.9591 -10.99
    endloop
  endfacet
  facet normal 0 0 1
    outer loop
      vertex 62.5072 -10.5 -10.99
      vertex 61.4738 -10.915 -10.99
      vertex 62.4801 -10.915 -10.99
    endloop
  endfacet
  facet normal 0 0 1
    outer loop
      vertex 60.9557 -10.5 -10.99
      vertex 61.4738 -12.293 -10.99
      vertex 61.4738 -10.915 -10.99
    endloop
  endfacet
  facet normal 0 0 1
    outer loop
      vertex 60.9557 -14.3219 -10.99
      vertex 61.4738 -12.293 -10.99
      vertex 60.9557 -10.5 -10.99
    endloop
  endfacet
  facet normal 0 0 1
    outer loop
      vertex 61.4738 -12.293 -10.99
      vertex 60.9557 -14.3219 -10.99
      vertex 61.4738 -12.6971 -10.99
    endloop
  endfacet
  facet normal -0 0 1
    outer loop
      vertex 60.9557 -10.5 -10.99
      vertex 61.4738 -10.915 -10.99
      vertex 62.5072 -10.5 -10.99
    endloop
  endfacet
  facet normal -0 0 1
    outer loop
      vertex 63.3345 -11.311 -10.99
      vertex 63.9123 -11.5769 -10.99
      vertex 63.8194 -11.1235 -10.99
    endloop
  endfacet
  facet normal 0 0 1
    outer loop
      vertex 63.9123 -11.5769 -10.99
      vertex 63.3888 -11.6176 -10.99
      vertex 63.8506 -11.9264 -10.99
    endloop
  endfacet
  facet normal 0 0 1
    outer loop
      vertex 63.3345 -11.311 -10.99
      vertex 63.8194 -11.1235 -10.99
      vertex 63.5407 -10.7834 -10.99
    endloop
  endfacet
  facet normal 0 0 1
    outer loop
      vertex 63.8506 -11.9264 -10.99
      vertex 63.3888 -11.6176 -10.99
      vertex 63.6655 -12.2102 -10.99
    endloop
  endfacet
  facet normal -0 0 1
    outer loop
      vertex 63.1515 -12.1241 -10.99
      vertex 63.6655 -12.2102 -10.99
      vertex 63.3888 -11.6176 -10.99
    endloop
  endfacet
  facet normal 0 0 1
    outer loop
      vertex 63.6655 -12.2102 -10.99
      vertex 63.1515 -12.1241 -10.99
      vertex 63.3664 -12.412 -10.99
    endloop
  endfacet
  facet normal 0 0 1
    outer loop
      vertex 63.1515 -12.1241 -10.99
      vertex 62.963 -12.5154 -10.99
      vertex 63.3664 -12.412 -10.99
    endloop
  endfacet
  facet normal -0 0 1
    outer loop
      vertex 62.4394 -12.293 -10.99
      vertex 62.963 -12.5154 -10.99
      vertex 63.1515 -12.1241 -10.99
    endloop
  endfacet
  facet normal 0 0 1
    outer loop
      vertex 62.963 -12.5154 -10.99
      vertex 62.4394 -12.293 -10.99
      vertex 62.707 -12.7361 -10.99
    endloop
  endfacet
  facet normal 0 0 1
    outer loop
      vertex 62.4394 -12.293 -10.99
      vertex 62.3445 -12.6971 -10.99
      vertex 62.707 -12.7361 -10.99
    endloop
  endfacet
  facet normal -0 0 1
    outer loop
      vertex 61.4738 -12.293 -10.99
      vertex 62.3445 -12.6971 -10.99
      vertex 62.4394 -12.293 -10.99
    endloop
  endfacet
  facet normal 0 0 1
    outer loop
      vertex 62.3445 -12.6971 -10.99
      vertex 61.4738 -12.293 -10.99
      vertex 61.4738 -12.6971 -10.99
    endloop
  endfacet
  facet normal 0 0 1
    outer loop
      vertex 63.6424 -13.0823 -10.99
      vertex 63.1179 -13.0508 -10.99
      vertex 63.1691 -13.3318 -10.99
    endloop
  endfacet
  facet normal 0 0 1
    outer loop
      vertex 63.2708 -12.632 -10.99
      vertex 62.9643 -12.8531 -10.99
      vertex 63.1179 -13.0508 -10.99
    endloop
  endfacet
  facet normal 0 0 1
    outer loop
      vertex 62.963 -12.5154 -10.99
      vertex 62.9643 -12.8531 -10.99
      vertex 63.2708 -12.632 -10.99
    endloop
  endfacet
  facet normal 0 0 1
    outer loop
      vertex 62.9643 -12.8531 -10.99
      vertex 62.963 -12.5154 -10.99
      vertex 62.707 -12.7361 -10.99
    endloop
  endfacet
  facet normal -0 0 1
    outer loop
      vertex 63.1179 -13.0508 -10.99
      vertex 63.6424 -13.0823 -10.99
      vertex 63.5 -12.8246 -10.99
    endloop
  endfacet
  facet normal 0 0 1
    outer loop
      vertex 63.6424 -13.0823 -10.99
      vertex 63.1691 -13.3318 -10.99
      vertex 63.6899 -13.3942 -10.99
    endloop
  endfacet
  facet normal 0 0 1
    outer loop
      vertex 63.1179 -13.0508 -10.99
      vertex 63.5 -12.8246 -10.99
      vertex 63.2708 -12.632 -10.99
    endloop
  endfacet
  facet normal 0 0 1
    outer loop
      vertex 63.1162 -13.597 -10.99
      vertex 63.6899 -13.3942 -10.99
      vertex 63.1691 -13.3318 -10.99
    endloop
  endfacet
  facet normal 0 0 1
    outer loop
      vertex 63.6899 -13.3942 -10.99
      vertex 63.1162 -13.597 -10.99
      vertex 63.3536 -14.09 -10.99
    endloop
  endfacet
  facet normal -0 0 1
    outer loop
      vertex 62.9575 -13.774 -10.99
      vertex 63.3536 -14.09 -10.99
      vertex 63.1162 -13.597 -10.99
    endloop
  endfacet
  facet normal -0 0 1
    outer loop
      vertex 62.6985 -13.8737 -10.99
      vertex 63.3536 -14.09 -10.99
      vertex 62.9575 -13.774 -10.99
    endloop
  endfacet
  facet normal 0 0 1
    outer loop
      vertex 62.3445 -14.3219 -10.99
      vertex 62.6985 -13.8737 -10.99
      vertex 62.3445 -13.9069 -10.99
    endloop
  endfacet
  facet normal 0 0 1
    outer loop
      vertex 62.6985 -13.8737 -10.99
      vertex 62.3445 -14.3219 -10.99
      vertex 63.3536 -14.09 -10.99
    endloop
  endfacet
  facet normal -0 0 1
    outer loop
      vertex 61.4738 -13.9069 -10.99
      vertex 62.3445 -14.3219 -10.99
      vertex 62.3445 -13.9069 -10.99
    endloop
  endfacet
  facet normal 0 0 1
    outer loop
      vertex 61.4738 -13.9069 -10.99
      vertex 60.9557 -14.3219 -10.99
      vertex 62.3445 -14.3219 -10.99
    endloop
  endfacet
  facet normal 0 0 1
    outer loop
      vertex 61.4738 -12.6971 -10.99
      vertex 60.9557 -14.3219 -10.99
      vertex 61.4738 -13.9069 -10.99
    endloop
  endfacet
  facet normal -0 0 1
    outer loop
      vertex 67.1187 -10.5 -10.99
      vertex 65.9171 -12.6619 -10.99
      vertex 67.7616 -10.5 -10.99
    endloop
  endfacet
  facet normal 0 -0 1
    outer loop
      vertex 65.9171 -12.6619 -10.99
      vertex 67.1187 -10.5 -10.99
      vertex 65.5915 -12.3445 -10.99
    endloop
  endfacet
  facet normal 0 0 1
    outer loop
      vertex 65.9171 -12.6619 -10.99
      vertex 66.9342 -14.3219 -10.99
      vertex 67.5445 -14.3219 -10.99
    endloop
  endfacet
  facet normal -0 0 1
    outer loop
      vertex 65.0925 -12.4069 -10.99
      vertex 65.9171 -12.6619 -10.99
      vertex 65.5915 -12.3445 -10.99
    endloop
  endfacet
  facet normal 0 0 1
    outer loop
      vertex 65.0925 -12.4069 -10.99
      vertex 65.5915 -12.3445 -10.99
      vertex 65.0925 -11.9648 -10.99
    endloop
  endfacet
  facet normal 0 0 1
    outer loop
      vertex 65.9171 -12.6619 -10.99
      vertex 65.0925 -12.4069 -10.99
      vertex 66.9342 -14.3219 -10.99
    endloop
  endfacet
  facet normal -0 0 1
    outer loop
      vertex 64.5744 -10.5 -10.99
      vertex 65.0925 -11.9648 -10.99
      vertex 65.0925 -10.5 -10.99
    endloop
  endfacet
  facet normal 0 0 1
    outer loop
      vertex 65.0925 -11.9648 -10.99
      vertex 64.5744 -10.5 -10.99
      vertex 65.0925 -12.4069 -10.99
    endloop
  endfacet
  facet normal 0 0 1
    outer loop
      vertex 64.5744 -14.3219 -10.99
      vertex 65.0925 -12.4069 -10.99
      vertex 64.5744 -10.5 -10.99
    endloop
  endfacet
  facet normal 0 0 1
    outer loop
      vertex 65.0925 -12.4069 -10.99
      vertex 64.5744 -14.3219 -10.99
      vertex 65.0925 -14.3219 -10.99
    endloop
  endfacet
  facet normal 0 0 -1
    outer loop
      vertex 63.1691 -13.3318 -11.49
      vertex 63.6424 -13.0823 -11.49
      vertex 63.6899 -13.3942 -11.49
    endloop
  endfacet
  facet normal 0 0 -1
    outer loop
      vertex 63.1162 -13.597 -11.49
      vertex 63.6899 -13.3942 -11.49
      vertex 63.3536 -14.09 -11.49
    endloop
  endfacet
  facet normal 0 0 -1
    outer loop
      vertex 63.1179 -13.0508 -11.49
      vertex 63.6424 -13.0823 -11.49
      vertex 63.1691 -13.3318 -11.49
    endloop
  endfacet
  facet normal 0 0 -1
    outer loop
      vertex 63.6424 -13.0823 -11.49
      vertex 63.1179 -13.0508 -11.49
      vertex 63.5 -12.8246 -11.49
    endloop
  endfacet
  facet normal -0 0 -1
    outer loop
      vertex 63.6899 -13.3942 -11.49
      vertex 63.1162 -13.597 -11.49
      vertex 63.1691 -13.3318 -11.49
    endloop
  endfacet
  facet normal 0 0 -1
    outer loop
      vertex 63.3536 -14.09 -11.49
      vertex 62.9575 -13.774 -11.49
      vertex 63.1162 -13.597 -11.49
    endloop
  endfacet
  facet normal 0 0 -1
    outer loop
      vertex 63.3536 -14.09 -11.49
      vertex 62.6985 -13.8737 -11.49
      vertex 62.9575 -13.774 -11.49
    endloop
  endfacet
  facet normal 0 0 -1
    outer loop
      vertex 62.3445 -14.3219 -11.49
      vertex 62.6985 -13.8737 -11.49
      vertex 63.3536 -14.09 -11.49
    endloop
  endfacet
  facet normal 0 0 -1
    outer loop
      vertex 62.3445 -14.3219 -11.49
      vertex 62.3445 -13.9069 -11.49
      vertex 62.6985 -13.8737 -11.49
    endloop
  endfacet
  facet normal 0 0 -1
    outer loop
      vertex 62.3445 -14.3219 -11.49
      vertex 61.4738 -13.9069 -11.49
      vertex 62.3445 -13.9069 -11.49
    endloop
  endfacet
  facet normal 0 0 -1
    outer loop
      vertex 60.9557 -14.3219 -11.49
      vertex 61.4738 -12.6971 -11.49
      vertex 61.4738 -13.9069 -11.49
    endloop
  endfacet
  facet normal -0 0 -1
    outer loop
      vertex 61.4738 -12.6971 -11.49
      vertex 60.9557 -14.3219 -11.49
      vertex 61.4738 -12.293 -11.49
    endloop
  endfacet
  facet normal 0 0 -1
    outer loop
      vertex 60.9557 -10.5 -11.49
      vertex 61.4738 -12.293 -11.49
      vertex 60.9557 -14.3219 -11.49
    endloop
  endfacet
  facet normal 0 0 -1
    outer loop
      vertex 60.9557 -14.3219 -11.49
      vertex 61.4738 -13.9069 -11.49
      vertex 62.3445 -14.3219 -11.49
    endloop
  endfacet
  facet normal -0 0 -1
    outer loop
      vertex 63.5 -12.8246 -11.49
      vertex 63.1179 -13.0508 -11.49
      vertex 63.2708 -12.632 -11.49
    endloop
  endfacet
  facet normal 0 0 -1
    outer loop
      vertex 62.9643 -12.8531 -11.49
      vertex 63.2708 -12.632 -11.49
      vertex 63.1179 -13.0508 -11.49
    endloop
  endfacet
  facet normal 0 0 -1
    outer loop
      vertex 62.9643 -12.8531 -11.49
      vertex 62.963 -12.5154 -11.49
      vertex 63.2708 -12.632 -11.49
    endloop
  endfacet
  facet normal 0 -0 -1
    outer loop
      vertex 62.963 -12.5154 -11.49
      vertex 62.9643 -12.8531 -11.49
      vertex 62.707 -12.7361 -11.49
    endloop
  endfacet
  facet normal 0 0 -1
    outer loop
      vertex 63.3888 -11.6176 -11.49
      vertex 63.9123 -11.5769 -11.49
      vertex 63.8506 -11.9264 -11.49
    endloop
  endfacet
  facet normal 0 0 -1
    outer loop
      vertex 63.3888 -11.6176 -11.49
      vertex 63.8506 -11.9264 -11.49
      vertex 63.6655 -12.2102 -11.49
    endloop
  endfacet
  facet normal 0 0 -1
    outer loop
      vertex 63.3345 -11.311 -11.49
      vertex 63.9123 -11.5769 -11.49
      vertex 63.3888 -11.6176 -11.49
    endloop
  endfacet
  facet normal 0 0 -1
    outer loop
      vertex 63.9123 -11.5769 -11.49
      vertex 63.3345 -11.311 -11.49
      vertex 63.8194 -11.1235 -11.49
    endloop
  endfacet
  facet normal 0 0 -1
    outer loop
      vertex 63.1515 -12.1241 -11.49
      vertex 63.6655 -12.2102 -11.49
      vertex 63.3664 -12.412 -11.49
    endloop
  endfacet
  facet normal 0 0 -1
    outer loop
      vertex 63.6655 -12.2102 -11.49
      vertex 63.1515 -12.1241 -11.49
      vertex 63.3888 -11.6176 -11.49
    endloop
  endfacet
  facet normal 0 0 -1
    outer loop
      vertex 62.963 -12.5154 -11.49
      vertex 63.1515 -12.1241 -11.49
      vertex 63.3664 -12.412 -11.49
    endloop
  endfacet
  facet normal 0 0 -1
    outer loop
      vertex 62.4394 -12.293 -11.49
      vertex 62.963 -12.5154 -11.49
      vertex 62.707 -12.7361 -11.49
    endloop
  endfacet
  facet normal 0 0 -1
    outer loop
      vertex 62.963 -12.5154 -11.49
      vertex 62.4394 -12.293 -11.49
      vertex 63.1515 -12.1241 -11.49
    endloop
  endfacet
  facet normal 0 0 -1
    outer loop
      vertex 62.3445 -12.6971 -11.49
      vertex 62.4394 -12.293 -11.49
      vertex 62.707 -12.7361 -11.49
    endloop
  endfacet
  facet normal 0 0 -1
    outer loop
      vertex 61.4738 -12.293 -11.49
      vertex 62.3445 -12.6971 -11.49
      vertex 61.4738 -12.6971 -11.49
    endloop
  endfacet
  facet normal 0 0 -1
    outer loop
      vertex 62.3445 -12.6971 -11.49
      vertex 61.4738 -12.293 -11.49
      vertex 62.4394 -12.293 -11.49
    endloop
  endfacet
  facet normal -0 0 -1
    outer loop
      vertex 63.8194 -11.1235 -11.49
      vertex 63.3345 -11.311 -11.49
      vertex 63.5407 -10.7834 -11.49
    endloop
  endfacet
  facet normal 0 0 -1
    outer loop
      vertex 63.1718 -11.0913 -11.49
      vertex 63.5407 -10.7834 -11.49
      vertex 63.3345 -11.311 -11.49
    endloop
  endfacet
  facet normal 0 0 -1
    outer loop
      vertex 63.1718 -11.0913 -11.49
      vertex 63.0965 -10.5708 -11.49
      vertex 63.5407 -10.7834 -11.49
    endloop
  endfacet
  facet normal 0 0 -1
    outer loop
      vertex 62.8904 -10.9591 -11.49
      vertex 63.0965 -10.5708 -11.49
      vertex 63.1718 -11.0913 -11.49
    endloop
  endfacet
  facet normal 0 0 -1
    outer loop
      vertex 62.8904 -10.9591 -11.49
      vertex 62.5072 -10.5 -11.49
      vertex 63.0965 -10.5708 -11.49
    endloop
  endfacet
  facet normal 0 0 -1
    outer loop
      vertex 62.4801 -10.915 -11.49
      vertex 62.5072 -10.5 -11.49
      vertex 62.8904 -10.9591 -11.49
    endloop
  endfacet
  facet normal 0 0 -1
    outer loop
      vertex 61.4738 -10.915 -11.49
      vertex 62.5072 -10.5 -11.49
      vertex 62.4801 -10.915 -11.49
    endloop
  endfacet
  facet normal 0 0 -1
    outer loop
      vertex 61.4738 -10.915 -11.49
      vertex 60.9557 -10.5 -11.49
      vertex 62.5072 -10.5 -11.49
    endloop
  endfacet
  facet normal 0 0 -1
    outer loop
      vertex 61.4738 -12.293 -11.49
      vertex 60.9557 -10.5 -11.49
      vertex 61.4738 -10.915 -11.49
    endloop
  endfacet
  facet normal 0 0 -1
    outer loop
      vertex 64.5744 -14.3219 -11.49
      vertex 65.0925 -12.4069 -11.49
      vertex 65.0925 -14.3219 -11.49
    endloop
  endfacet
  facet normal 0 0 -1
    outer loop
      vertex 64.5744 -10.5 -11.49
      vertex 65.0925 -12.4069 -11.49
      vertex 64.5744 -14.3219 -11.49
    endloop
  endfacet
  facet normal 0 0 -1
    outer loop
      vertex 65.0925 -12.4069 -11.49
      vertex 64.5744 -10.5 -11.49
      vertex 65.0925 -11.9648 -11.49
    endloop
  endfacet
  facet normal 0 0 -1
    outer loop
      vertex 65.0925 -11.9648 -11.49
      vertex 64.5744 -10.5 -11.49
      vertex 65.0925 -10.5 -11.49
    endloop
  endfacet
  facet normal 0 0 -1
    outer loop
      vertex 66.9342 -14.3219 -11.49
      vertex 65.9171 -12.6619 -11.49
      vertex 67.5445 -14.3219 -11.49
    endloop
  endfacet
  facet normal 0 0 -1
    outer loop
      vertex 65.0925 -12.4069 -11.49
      vertex 65.9171 -12.6619 -11.49
      vertex 66.9342 -14.3219 -11.49
    endloop
  endfacet
  facet normal 0 0 -1
    outer loop
      vertex 65.9171 -12.6619 -11.49
      vertex 65.0925 -12.4069 -11.49
      vertex 65.5915 -12.3445 -11.49
    endloop
  endfacet
  facet normal -0 0 -1
    outer loop
      vertex 65.5915 -12.3445 -11.49
      vertex 65.0925 -12.4069 -11.49
      vertex 65.0925 -11.9648 -11.49
    endloop
  endfacet
  facet normal 0 0 -1
    outer loop
      vertex 65.9171 -12.6619 -11.49
      vertex 67.1187 -10.5 -11.49
      vertex 67.7616 -10.5 -11.49
    endloop
  endfacet
  facet normal 0 0 -1
    outer loop
      vertex 67.1187 -10.5 -11.49
      vertex 65.9171 -12.6619 -11.49
      vertex 65.5915 -12.3445 -11.49
    endloop
  endfacet
  facet normal 0.431714 0.90201 -0
    outer loop
      vertex 63.5407 -10.7834 -11.49
      vertex 63.0965 -10.5708 -10.99
      vertex 63.5407 -10.7834 -10.99
    endloop
  endfacet
  facet normal 0.431714 0.90201 0
    outer loop
      vertex 63.0965 -10.5708 -10.99
      vertex 63.5407 -10.7834 -11.49
      vertex 63.0965 -10.5708 -11.49
    endloop
  endfacet
  facet normal 0.773471 0.633832 0
    outer loop
      vertex 63.8194 -11.1235 -10.99
      vertex 63.5407 -10.7834 -11.49
      vertex 63.5407 -10.7834 -10.99
    endloop
  endfacet
  facet normal 0.773471 0.633832 0
    outer loop
      vertex 63.5407 -10.7834 -11.49
      vertex 63.8194 -11.1235 -10.99
      vertex 63.8194 -11.1235 -11.49
    endloop
  endfacet
  facet normal 0.979647 0.200726 0
    outer loop
      vertex 63.9123 -11.5769 -10.99
      vertex 63.8194 -11.1235 -11.49
      vertex 63.8194 -11.1235 -10.99
    endloop
  endfacet
  facet normal 0.979647 0.200726 0
    outer loop
      vertex 63.8194 -11.1235 -11.49
      vertex 63.9123 -11.5769 -10.99
      vertex 63.9123 -11.5769 -11.49
    endloop
  endfacet
  facet normal 0.984772 -0.17385 0
    outer loop
      vertex 63.8506 -11.9264 -10.99
      vertex 63.9123 -11.5769 -11.49
      vertex 63.9123 -11.5769 -10.99
    endloop
  endfacet
  facet normal 0.984772 -0.17385 0
    outer loop
      vertex 63.9123 -11.5769 -11.49
      vertex 63.8506 -11.9264 -10.99
      vertex 63.8506 -11.9264 -11.49
    endloop
  endfacet
  facet normal 0.837593 -0.546295 0
    outer loop
      vertex 63.6655 -12.2102 -10.99
      vertex 63.8506 -11.9264 -11.49
      vertex 63.8506 -11.9264 -10.99
    endloop
  endfacet
  facet normal 0.837593 -0.546295 0
    outer loop
      vertex 63.8506 -11.9264 -11.49
      vertex 63.6655 -12.2102 -10.99
      vertex 63.6655 -12.2102 -11.49
    endloop
  endfacet
  facet normal 0.559297 -0.828968 0
    outer loop
      vertex 63.3664 -12.412 -11.49
      vertex 63.6655 -12.2102 -10.99
      vertex 63.3664 -12.412 -10.99
    endloop
  endfacet
  facet normal 0.559297 -0.828968 0
    outer loop
      vertex 63.6655 -12.2102 -10.99
      vertex 63.3664 -12.412 -11.49
      vertex 63.6655 -12.2102 -11.49
    endloop
  endfacet
  facet normal 0.248294 -0.968685 0
    outer loop
      vertex 62.963 -12.5154 -11.49
      vertex 63.3664 -12.412 -10.99
      vertex 62.963 -12.5154 -10.99
    endloop
  endfacet
  facet normal 0.248294 -0.968685 0
    outer loop
      vertex 63.3664 -12.412 -10.99
      vertex 62.963 -12.5154 -11.49
      vertex 63.3664 -12.412 -11.49
    endloop
  endfacet
  facet normal 0.354251 0.93515 -0
    outer loop
      vertex 63.2708 -12.632 -11.49
      vertex 62.963 -12.5154 -10.99
      vertex 63.2708 -12.632 -10.99
    endloop
  endfacet
  facet normal 0.354251 0.93515 0
    outer loop
      vertex 62.963 -12.5154 -10.99
      vertex 63.2708 -12.632 -11.49
      vertex 62.963 -12.5154 -11.49
    endloop
  endfacet
  facet normal 0.643333 0.765586 -0
    outer loop
      vertex 63.5 -12.8246 -11.49
      vertex 63.2708 -12.632 -10.99
      vertex 63.5 -12.8246 -10.99
    endloop
  endfacet
  facet normal 0.643333 0.765586 0
    outer loop
      vertex 63.2708 -12.632 -10.99
      vertex 63.5 -12.8246 -11.49
      vertex 63.2708 -12.632 -11.49
    endloop
  endfacet
  facet normal 0.87526 0.483652 0
    outer loop
      vertex 63.6424 -13.0823 -10.99
      vertex 63.5 -12.8246 -11.49
      vertex 63.5 -12.8246 -10.99
    endloop
  endfacet
  facet normal 0.87526 0.483652 0
    outer loop
      vertex 63.5 -12.8246 -11.49
      vertex 63.6424 -13.0823 -10.99
      vertex 63.6424 -13.0823 -11.49
    endloop
  endfacet
  facet normal 0.988601 0.150556 0
    outer loop
      vertex 63.6899 -13.3942 -10.99
      vertex 63.6424 -13.0823 -11.49
      vertex 63.6424 -13.0823 -10.99
    endloop
  endfacet
  facet normal 0.988601 0.150556 0
    outer loop
      vertex 63.6424 -13.0823 -11.49
      vertex 63.6899 -13.3942 -10.99
      vertex 63.6899 -13.3942 -11.49
    endloop
  endfacet
  facet normal 0.900351 -0.435165 0
    outer loop
      vertex 63.3536 -14.09 -10.99
      vertex 63.6899 -13.3942 -11.49
      vertex 63.6899 -13.3942 -10.99
    endloop
  endfacet
  facet normal 0.900351 -0.435165 0
    outer loop
      vertex 63.6899 -13.3942 -11.49
      vertex 63.3536 -14.09 -10.99
      vertex 63.3536 -14.09 -11.49
    endloop
  endfacet
  facet normal 0.223971 -0.974596 0
    outer loop
      vertex 62.3445 -14.3219 -11.49
      vertex 63.3536 -14.09 -10.99
      vertex 62.3445 -14.3219 -10.99
    endloop
  endfacet
  facet normal 0.223971 -0.974596 0
    outer loop
      vertex 63.3536 -14.09 -10.99
      vertex 62.3445 -14.3219 -11.49
      vertex 63.3536 -14.09 -11.49
    endloop
  endfacet
  facet normal 0 -1 0
    outer loop
      vertex 60.9557 -14.3219 -11.49
      vertex 62.3445 -14.3219 -10.99
      vertex 60.9557 -14.3219 -10.99
    endloop
  endfacet
  facet normal 0 -1 -0
    outer loop
      vertex 62.3445 -14.3219 -10.99
      vertex 60.9557 -14.3219 -11.49
      vertex 62.3445 -14.3219 -11.49
    endloop
  endfacet
  facet normal -1 0 0
    outer loop
      vertex 60.9557 -14.3219 -11.49
      vertex 60.9557 -10.5 -10.99
      vertex 60.9557 -10.5 -11.49
    endloop
  endfacet
  facet normal -1 -0 0
    outer loop
      vertex 60.9557 -10.5 -10.99
      vertex 60.9557 -14.3219 -11.49
      vertex 60.9557 -14.3219 -10.99
    endloop
  endfacet
  facet normal 0 1 -0
    outer loop
      vertex 62.5072 -10.5 -11.49
      vertex 60.9557 -10.5 -10.99
      vertex 62.5072 -10.5 -10.99
    endloop
  endfacet
  facet normal 0 1 0
    outer loop
      vertex 60.9557 -10.5 -10.99
      vertex 62.5072 -10.5 -11.49
      vertex 60.9557 -10.5 -11.49
    endloop
  endfacet
  facet normal 0.119285 0.99286 -0
    outer loop
      vertex 63.0965 -10.5708 -11.49
      vertex 62.5072 -10.5 -10.99
      vertex 63.0965 -10.5708 -10.99
    endloop
  endfacet
  facet normal 0.119285 0.99286 0
    outer loop
      vertex 62.5072 -10.5 -10.99
      vertex 63.0965 -10.5708 -11.49
      vertex 62.5072 -10.5 -11.49
    endloop
  endfacet
  facet normal 1 -0 0
    outer loop
      vertex 61.4738 -13.9069 -10.99
      vertex 61.4738 -12.6971 -11.49
      vertex 61.4738 -12.6971 -10.99
    endloop
  endfacet
  facet normal 1 0 0
    outer loop
      vertex 61.4738 -12.6971 -11.49
      vertex 61.4738 -13.9069 -10.99
      vertex 61.4738 -13.9069 -11.49
    endloop
  endfacet
  facet normal 0 1 -0
    outer loop
      vertex 62.3445 -13.9069 -11.49
      vertex 61.4738 -13.9069 -10.99
      vertex 62.3445 -13.9069 -10.99
    endloop
  endfacet
  facet normal 0 1 0
    outer loop
      vertex 61.4738 -13.9069 -10.99
      vertex 62.3445 -13.9069 -11.49
      vertex 61.4738 -13.9069 -11.49
    endloop
  endfacet
  facet normal -0.0933756 0.995631 0
    outer loop
      vertex 62.6985 -13.8737 -11.49
      vertex 62.3445 -13.9069 -10.99
      vertex 62.6985 -13.8737 -10.99
    endloop
  endfacet
  facet normal -0.0933756 0.995631 0
    outer loop
      vertex 62.3445 -13.9069 -10.99
      vertex 62.6985 -13.8737 -11.49
      vertex 62.3445 -13.9069 -11.49
    endloop
  endfacet
  facet normal -0.359245 0.933243 0
    outer loop
      vertex 62.9575 -13.774 -11.49
      vertex 62.6985 -13.8737 -10.99
      vertex 62.9575 -13.774 -10.99
    endloop
  endfacet
  facet normal -0.359245 0.933243 0
    outer loop
      vertex 62.6985 -13.8737 -10.99
      vertex 62.9575 -13.774 -11.49
      vertex 62.6985 -13.8737 -11.49
    endloop
  endfacet
  facet normal -0.744548 0.667569 0
    outer loop
      vertex 62.9575 -13.774 -11.49
      vertex 63.1162 -13.597 -10.99
      vertex 63.1162 -13.597 -11.49
    endloop
  endfacet
  facet normal -0.744548 0.667569 0
    outer loop
      vertex 63.1162 -13.597 -10.99
      vertex 62.9575 -13.774 -11.49
      vertex 62.9575 -13.774 -10.99
    endloop
  endfacet
  facet normal -0.98068 0.195618 0
    outer loop
      vertex 63.1162 -13.597 -11.49
      vertex 63.1691 -13.3318 -10.99
      vertex 63.1691 -13.3318 -11.49
    endloop
  endfacet
  facet normal -0.98068 0.195618 0
    outer loop
      vertex 63.1691 -13.3318 -10.99
      vertex 63.1162 -13.597 -11.49
      vertex 63.1162 -13.597 -10.99
    endloop
  endfacet
  facet normal -0.983803 -0.179255 0
    outer loop
      vertex 63.1691 -13.3318 -11.49
      vertex 63.1179 -13.0508 -10.99
      vertex 63.1179 -13.0508 -11.49
    endloop
  endfacet
  facet normal -0.983803 -0.179255 0
    outer loop
      vertex 63.1179 -13.0508 -10.99
      vertex 63.1691 -13.3318 -11.49
      vertex 63.1691 -13.3318 -10.99
    endloop
  endfacet
  facet normal -0.789675 -0.613526 0
    outer loop
      vertex 63.1179 -13.0508 -11.49
      vertex 62.9643 -12.8531 -10.99
      vertex 62.9643 -12.8531 -11.49
    endloop
  endfacet
  facet normal -0.789675 -0.613526 0
    outer loop
      vertex 62.9643 -12.8531 -10.99
      vertex 63.1179 -13.0508 -11.49
      vertex 63.1179 -13.0508 -10.99
    endloop
  endfacet
  facet normal -0.413936 -0.910306 0
    outer loop
      vertex 62.707 -12.7361 -11.49
      vertex 62.9643 -12.8531 -10.99
      vertex 62.707 -12.7361 -10.99
    endloop
  endfacet
  facet normal -0.413936 -0.910306 -0
    outer loop
      vertex 62.9643 -12.8531 -10.99
      vertex 62.707 -12.7361 -11.49
      vertex 62.9643 -12.8531 -11.49
    endloop
  endfacet
  facet normal -0.106969 -0.994262 0
    outer loop
      vertex 62.3445 -12.6971 -11.49
      vertex 62.707 -12.7361 -10.99
      vertex 62.3445 -12.6971 -10.99
    endloop
  endfacet
  facet normal -0.106969 -0.994262 -0
    outer loop
      vertex 62.707 -12.7361 -10.99
      vertex 62.3445 -12.6971 -11.49
      vertex 62.707 -12.7361 -11.49
    endloop
  endfacet
  facet normal 0 -1 0
    outer loop
      vertex 61.4738 -12.6971 -11.49
      vertex 62.3445 -12.6971 -10.99
      vertex 61.4738 -12.6971 -10.99
    endloop
  endfacet
  facet normal 0 -1 -0
    outer loop
      vertex 62.3445 -12.6971 -10.99
      vertex 61.4738 -12.6971 -11.49
      vertex 62.3445 -12.6971 -11.49
    endloop
  endfacet
  facet normal 1 -0 0
    outer loop
      vertex 61.4738 -12.293 -10.99
      vertex 61.4738 -10.915 -11.49
      vertex 61.4738 -10.915 -10.99
    endloop
  endfacet
  facet normal 1 0 0
    outer loop
      vertex 61.4738 -10.915 -11.49
      vertex 61.4738 -12.293 -10.99
      vertex 61.4738 -12.293 -11.49
    endloop
  endfacet
  facet normal 0 1 -0
    outer loop
      vertex 62.4394 -12.293 -11.49
      vertex 61.4738 -12.293 -10.99
      vertex 62.4394 -12.293 -10.99
    endloop
  endfacet
  facet normal 0 1 0
    outer loop
      vertex 61.4738 -12.293 -10.99
      vertex 62.4394 -12.293 -11.49
      vertex 61.4738 -12.293 -11.49
    endloop
  endfacet
  facet normal -0.230783 0.973005 0
    outer loop
      vertex 63.1515 -12.1241 -11.49
      vertex 62.4394 -12.293 -10.99
      vertex 63.1515 -12.1241 -10.99
    endloop
  endfacet
  facet normal -0.230783 0.973005 0
    outer loop
      vertex 62.4394 -12.293 -10.99
      vertex 63.1515 -12.1241 -11.49
      vertex 62.4394 -12.293 -11.49
    endloop
  endfacet
  facet normal -0.905543 0.424255 0
    outer loop
      vertex 63.1515 -12.1241 -11.49
      vertex 63.3888 -11.6176 -10.99
      vertex 63.3888 -11.6176 -11.49
    endloop
  endfacet
  facet normal -0.905543 0.424255 0
    outer loop
      vertex 63.3888 -11.6176 -10.99
      vertex 63.1515 -12.1241 -11.49
      vertex 63.1515 -12.1241 -10.99
    endloop
  endfacet
  facet normal -0.984677 -0.17439 0
    outer loop
      vertex 63.3888 -11.6176 -11.49
      vertex 63.3345 -11.311 -10.99
      vertex 63.3345 -11.311 -11.49
    endloop
  endfacet
  facet normal -0.984677 -0.17439 0
    outer loop
      vertex 63.3345 -11.311 -10.99
      vertex 63.3888 -11.6176 -11.49
      vertex 63.3888 -11.6176 -10.99
    endloop
  endfacet
  facet normal -0.803628 -0.595131 0
    outer loop
      vertex 63.3345 -11.311 -11.49
      vertex 63.1718 -11.0913 -10.99
      vertex 63.1718 -11.0913 -11.49
    endloop
  endfacet
  facet normal -0.803628 -0.595131 0
    outer loop
      vertex 63.1718 -11.0913 -10.99
      vertex 63.3345 -11.311 -11.49
      vertex 63.3345 -11.311 -10.99
    endloop
  endfacet
  facet normal -0.425208 -0.905096 0
    outer loop
      vertex 62.8904 -10.9591 -11.49
      vertex 63.1718 -11.0913 -10.99
      vertex 62.8904 -10.9591 -10.99
    endloop
  endfacet
  facet normal -0.425208 -0.905096 -0
    outer loop
      vertex 63.1718 -11.0913 -10.99
      vertex 62.8904 -10.9591 -11.49
      vertex 63.1718 -11.0913 -11.49
    endloop
  endfacet
  facet normal -0.106867 -0.994273 0
    outer loop
      vertex 62.4801 -10.915 -11.49
      vertex 62.8904 -10.9591 -10.99
      vertex 62.4801 -10.915 -10.99
    endloop
  endfacet
  facet normal -0.106867 -0.994273 -0
    outer loop
      vertex 62.8904 -10.9591 -10.99
      vertex 62.4801 -10.915 -11.49
      vertex 62.8904 -10.9591 -11.49
    endloop
  endfacet
  facet normal 0 -1 0
    outer loop
      vertex 61.4738 -10.915 -11.49
      vertex 62.4801 -10.915 -10.99
      vertex 61.4738 -10.915 -10.99
    endloop
  endfacet
  facet normal 0 -1 -0
    outer loop
      vertex 62.4801 -10.915 -10.99
      vertex 61.4738 -10.915 -11.49
      vertex 62.4801 -10.915 -11.49
    endloop
  endfacet
  facet normal 0.605548 0.795809 -0
    outer loop
      vertex 65.5915 -12.3445 -11.49
      vertex 65.0925 -11.9648 -10.99
      vertex 65.5915 -12.3445 -10.99
    endloop
  endfacet
  facet normal 0.605548 0.795809 0
    outer loop
      vertex 65.0925 -11.9648 -10.99
      vertex 65.5915 -12.3445 -11.49
      vertex 65.0925 -11.9648 -11.49
    endloop
  endfacet
  facet normal -0.770247 0.637745 0
    outer loop
      vertex 65.5915 -12.3445 -11.49
      vertex 67.1187 -10.5 -10.99
      vertex 67.1187 -10.5 -11.49
    endloop
  endfacet
  facet normal -0.770247 0.637745 0
    outer loop
      vertex 67.1187 -10.5 -10.99
      vertex 65.5915 -12.3445 -11.49
      vertex 65.5915 -12.3445 -10.99
    endloop
  endfacet
  facet normal 0 1 -0
    outer loop
      vertex 67.7616 -10.5 -11.49
      vertex 67.1187 -10.5 -10.99
      vertex 67.7616 -10.5 -10.99
    endloop
  endfacet
  facet normal 0 1 0
    outer loop
      vertex 67.1187 -10.5 -10.99
      vertex 67.7616 -10.5 -11.49
      vertex 67.1187 -10.5 -11.49
    endloop
  endfacet
  facet normal 0.760742 -0.649054 0
    outer loop
      vertex 65.9171 -12.6619 -10.99
      vertex 67.7616 -10.5 -11.49
      vertex 67.7616 -10.5 -10.99
    endloop
  endfacet
  facet normal 0.760742 -0.649054 0
    outer loop
      vertex 67.7616 -10.5 -11.49
      vertex 65.9171 -12.6619 -10.99
      vertex 65.9171 -12.6619 -11.49
    endloop
  endfacet
  facet normal 0.714084 0.70006 0
    outer loop
      vertex 67.5445 -14.3219 -10.99
      vertex 65.9171 -12.6619 -11.49
      vertex 65.9171 -12.6619 -10.99
    endloop
  endfacet
  facet normal 0.714084 0.70006 0
    outer loop
      vertex 65.9171 -12.6619 -11.49
      vertex 67.5445 -14.3219 -10.99
      vertex 67.5445 -14.3219 -11.49
    endloop
  endfacet
  facet normal 0 -1 0
    outer loop
      vertex 66.9342 -14.3219 -11.49
      vertex 67.5445 -14.3219 -10.99
      vertex 66.9342 -14.3219 -10.99
    endloop
  endfacet
  facet normal 0 -1 -0
    outer loop
      vertex 67.5445 -14.3219 -10.99
      vertex 66.9342 -14.3219 -11.49
      vertex 67.5445 -14.3219 -11.49
    endloop
  endfacet
  facet normal -0.720767 -0.693178 0
    outer loop
      vertex 66.9342 -14.3219 -11.49
      vertex 65.0925 -12.4069 -10.99
      vertex 65.0925 -12.4069 -11.49
    endloop
  endfacet
  facet normal -0.720767 -0.693178 0
    outer loop
      vertex 65.0925 -12.4069 -10.99
      vertex 66.9342 -14.3219 -11.49
      vertex 66.9342 -14.3219 -10.99
    endloop
  endfacet
  facet normal 1 -0 0
    outer loop
      vertex 65.0925 -14.3219 -10.99
      vertex 65.0925 -12.4069 -11.49
      vertex 65.0925 -12.4069 -10.99
    endloop
  endfacet
  facet normal 1 0 0
    outer loop
      vertex 65.0925 -12.4069 -11.49
      vertex 65.0925 -14.3219 -10.99
      vertex 65.0925 -14.3219 -11.49
    endloop
  endfacet
  facet normal 0 -1 0
    outer loop
      vertex 64.5744 -14.3219 -11.49
      vertex 65.0925 -14.3219 -10.99
      vertex 64.5744 -14.3219 -10.99
    endloop
  endfacet
  facet normal 0 -1 -0
    outer loop
      vertex 65.0925 -14.3219 -10.99
      vertex 64.5744 -14.3219 -11.49
      vertex 65.0925 -14.3219 -11.49
    endloop
  endfacet
  facet normal -1 0 0
    outer loop
      vertex 64.5744 -14.3219 -11.49
      vertex 64.5744 -10.5 -10.99
      vertex 64.5744 -10.5 -11.49
    endloop
  endfacet
  facet normal -1 -0 0
    outer loop
      vertex 64.5744 -10.5 -10.99
      vertex 64.5744 -14.3219 -11.49
      vertex 64.5744 -14.3219 -10.99
    endloop
  endfacet
  facet normal 0 1 -0
    outer loop
      vertex 65.0925 -10.5 -11.49
      vertex 64.5744 -10.5 -10.99
      vertex 65.0925 -10.5 -10.99
    endloop
  endfacet
  facet normal 0 1 0
    outer loop
      vertex 64.5744 -10.5 -10.99
      vertex 65.0925 -10.5 -11.49
      vertex 64.5744 -10.5 -11.49
    endloop
  endfacet
  facet normal 1 -0 0
    outer loop
      vertex 65.0925 -11.9648 -10.99
      vertex 65.0925 -10.5 -11.49
      vertex 65.0925 -10.5 -10.99
    endloop
  endfacet
  facet normal 1 0 0
    outer loop
      vertex 65.0925 -10.5 -11.49
      vertex 65.0925 -11.9648 -10.99
      vertex 65.0925 -11.9648 -11.49
    endloop
  endfacet
  facet normal 0 0 1
    outer loop
      vertex 6.52168 -11.2866 -10.99
      vertex 6.08769 -11.2866 -10.99
      vertex 6.52168 -12.4286 -10.99
    endloop
  endfacet
  facet normal 0 0 1
    outer loop
      vertex 7.6338 -11.2053 -10.99
      vertex 8.05423 -11.2053 -10.99
      vertex 7.99458 -10.6472 -10.99
    endloop
  endfacet
  facet normal 0 0 1
    outer loop
      vertex 7.60533 -11.567 -10.99
      vertex 8.05423 -11.2053 -10.99
      vertex 7.6338 -11.2053 -10.99
    endloop
  endfacet
  facet normal -0 0 1
    outer loop
      vertex 7.52904 -10.62 -10.99
      vertex 7.99458 -10.6472 -10.99
      vertex 7.81557 -10.1718 -10.99
    endloop
  endfacet
  facet normal 0 0 1
    outer loop
      vertex 8.05423 -11.2053 -10.99
      vertex 7.60533 -11.567 -10.99
      vertex 8.01186 -11.702 -10.99
    endloop
  endfacet
  facet normal 0 0 1
    outer loop
      vertex 7.51988 -11.9037 -10.99
      vertex 8.01186 -11.702 -10.99
      vertex 7.60533 -11.567 -10.99
    endloop
  endfacet
  facet normal 0 0 1
    outer loop
      vertex 7.99458 -10.6472 -10.99
      vertex 7.52904 -10.62 -10.99
      vertex 7.6338 -11.2053 -10.99
    endloop
  endfacet
  facet normal 0 0 1
    outer loop
      vertex 7.21472 -10.1772 -10.99
      vertex 7.81557 -10.1718 -10.99
      vertex 7.52429 -9.78899 -10.99
    endloop
  endfacet
  facet normal 0 0 1
    outer loop
      vertex 7.81557 -10.1718 -10.99
      vertex 7.21472 -10.1772 -10.99
      vertex 7.52904 -10.62 -10.99
    endloop
  endfacet
  facet normal 0 0 1
    outer loop
      vertex 7.12793 -9.50859 -10.99
      vertex 7.21472 -10.1772 -10.99
      vertex 7.52429 -9.78899 -10.99
    endloop
  endfacet
  facet normal 0 0 1
    outer loop
      vertex 7.12793 -9.50859 -10.99
      vertex 6.71936 -9.8985 -10.99
      vertex 7.21472 -10.1772 -10.99
    endloop
  endfacet
  facet normal 0 0 1
    outer loop
      vertex 6.63934 -9.33669 -10.99
      vertex 6.71936 -9.8985 -10.99
      vertex 7.12793 -9.50859 -10.99
    endloop
  endfacet
  facet normal 0 0 1
    outer loop
      vertex 6.07141 -9.80559 -10.99
      vertex 6.63934 -9.33669 -10.99
      vertex 6.07141 -9.27939 -10.99
    endloop
  endfacet
  facet normal 0 0 1
    outer loop
      vertex 6.63934 -9.33669 -10.99
      vertex 6.07141 -9.80559 -10.99
      vertex 6.71936 -9.8985 -10.99
    endloop
  endfacet
  facet normal 0 0 1
    outer loop
      vertex 6.07141 -9.27939 -10.99
      vertex 5.42619 -9.89307 -10.99
      vertex 6.07141 -9.80559 -10.99
    endloop
  endfacet
  facet normal -0 0 1
    outer loop
      vertex 5.24615 -9.40416 -10.99
      vertex 5.42619 -9.89307 -10.99
      vertex 6.07141 -9.27939 -10.99
    endloop
  endfacet
  facet normal 0 0 1
    outer loop
      vertex 5.24615 -9.40416 -10.99
      vertex 4.94441 -10.1555 -10.99
      vertex 5.42619 -9.89307 -10.99
    endloop
  endfacet
  facet normal -0 0 1
    outer loop
      vertex 4.63109 -9.77847 -10.99
      vertex 4.94441 -10.1555 -10.99
      vertex 5.24615 -9.40416 -10.99
    endloop
  endfacet
  facet normal 0 0 1
    outer loop
      vertex 4.24861 -10.3786 -10.99
      vertex 4.94441 -10.1555 -10.99
      vertex 4.63109 -9.77847 -10.99
    endloop
  endfacet
  facet normal 0 0 1
    outer loop
      vertex 4.94441 -10.1555 -10.99
      vertex 4.24861 -10.3786 -10.99
      vertex 4.64432 -10.5834 -10.99
    endloop
  endfacet
  facet normal 0 0 1
    outer loop
      vertex 4.12112 -11.1808 -10.99
      vertex 4.64432 -10.5834 -10.99
      vertex 4.24861 -10.3786 -10.99
    endloop
  endfacet
  facet normal 0 0 1
    outer loop
      vertex 4.64432 -10.5834 -10.99
      vertex 4.12112 -11.1808 -10.99
      vertex 4.54428 -11.1673 -10.99
    endloop
  endfacet
  facet normal 0 -0 1
    outer loop
      vertex 4.1747 -11.7559 -10.99
      vertex 4.54428 -11.1673 -10.99
      vertex 4.12112 -11.1808 -10.99
    endloop
  endfacet
  facet normal 0 0 1
    outer loop
      vertex 4.54428 -11.1673 -10.99
      vertex 4.1747 -11.7559 -10.99
      vertex 4.3354 -12.2116 -10.99
    endloop
  endfacet
  facet normal 0 0 1
    outer loop
      vertex 8.01186 -11.702 -10.99
      vertex 7.51988 -11.9037 -10.99
      vertex 7.88474 -12.1614 -10.99
    endloop
  endfacet
  facet normal 0 0 1
    outer loop
      vertex 7.38562 -12.197 -10.99
      vertex 7.88474 -12.1614 -10.99
      vertex 7.51988 -11.9037 -10.99
    endloop
  endfacet
  facet normal 0 0 1
    outer loop
      vertex 7.88474 -12.1614 -10.99
      vertex 7.38562 -12.197 -10.99
      vertex 7.68028 -12.5679 -10.99
    endloop
  endfacet
  facet normal -0 0 1
    outer loop
      vertex 7.21069 -12.4286 -10.99
      vertex 7.68028 -12.5679 -10.99
      vertex 7.38562 -12.197 -10.99
    endloop
  endfacet
  facet normal 0 0 1
    outer loop
      vertex 7.68028 -12.5679 -10.99
      vertex 7.21069 -12.4286 -10.99
      vertex 7.40596 -12.906 -10.99
    endloop
  endfacet
  facet normal -0 0 1
    outer loop
      vertex 6.52168 -12.4286 -10.99
      vertex 7.40596 -12.906 -10.99
      vertex 7.21069 -12.4286 -10.99
    endloop
  endfacet
  facet normal 0 0 1
    outer loop
      vertex 6.52168 -12.4286 -10.99
      vertex 6.08769 -12.906 -10.99
      vertex 7.40596 -12.906 -10.99
    endloop
  endfacet
  facet normal 0 0 1
    outer loop
      vertex 6.08769 -12.906 -10.99
      vertex 6.52168 -12.4286 -10.99
      vertex 6.08769 -11.2866 -10.99
    endloop
  endfacet
  facet normal 0 0 1
    outer loop
      vertex 4.61412 -12.5622 -10.99
      vertex 5.16817 -12.3282 -10.99
      vertex 4.88673 -12.1346 -10.99
    endloop
  endfacet
  facet normal 0 0 1
    outer loop
      vertex 4.3354 -12.2116 -10.99
      vertex 4.88673 -12.1346 -10.99
      vertex 4.69348 -11.8793 -10.99
    endloop
  endfacet
  facet normal 0 0 1
    outer loop
      vertex 5.16817 -12.3282 -10.99
      vertex 4.61412 -12.5622 -10.99
      vertex 5.02168 -12.8219 -10.99
    endloop
  endfacet
  facet normal 0 0 1
    outer loop
      vertex 4.3354 -12.2116 -10.99
      vertex 4.69348 -11.8793 -10.99
      vertex 4.58159 -11.5582 -10.99
    endloop
  endfacet
  facet normal 0 0 1
    outer loop
      vertex 4.3354 -12.2116 -10.99
      vertex 4.58159 -11.5582 -10.99
      vertex 4.54428 -11.1673 -10.99
    endloop
  endfacet
  facet normal 0 0 1
    outer loop
      vertex 4.88673 -12.1346 -10.99
      vertex 4.3354 -12.2116 -10.99
      vertex 4.61412 -12.5622 -10.99
    endloop
  endfacet
  facet normal -0 0 1
    outer loop
      vertex 4.6989 -33.5316 -10.99
      vertex 5.1546 -33.8981 -10.99
      vertex 5.11661 -33.4072 -10.99
    endloop
  endfacet
  facet normal 0 0 1
    outer loop
      vertex 5.1546 -33.8981 -10.99
      vertex 4.6989 -33.5316 -10.99
      vertex 4.88741 -33.9724 -10.99
    endloop
  endfacet
  facet normal -0 0 1
    outer loop
      vertex 4.38425 -33.7964 -10.99
      vertex 4.88741 -33.9724 -10.99
      vertex 4.6989 -33.5316 -10.99
    endloop
  endfacet
  facet normal 0 0 1
    outer loop
      vertex 4.88741 -33.9724 -10.99
      vertex 4.38425 -33.7964 -10.99
      vertex 4.68805 -34.1301 -10.99
    endloop
  endfacet
  facet normal 0 0 1
    outer loop
      vertex 4.12112 -34.6576 -10.99
      vertex 4.52257 -34.6522 -10.99
      vertex 4.56393 -34.3603 -10.99
    endloop
  endfacet
  facet normal 0 0 1
    outer loop
      vertex 4.1869 -34.1792 -10.99
      vertex 4.68805 -34.1301 -10.99
      vertex 4.38425 -33.7964 -10.99
    endloop
  endfacet
  facet normal 0 0 1
    outer loop
      vertex 4.68805 -34.1301 -10.99
      vertex 4.1869 -34.1792 -10.99
      vertex 4.56393 -34.3603 -10.99
    endloop
  endfacet
  facet normal 0 0 1
    outer loop
      vertex 4.52257 -34.6522 -10.99
      vertex 4.12112 -34.6576 -10.99
      vertex 4.18793 -35.1686 -10.99
    endloop
  endfacet
  facet normal 0 0 1
    outer loop
      vertex 4.56393 -34.3603 -10.99
      vertex 4.1869 -34.1792 -10.99
      vertex 4.12112 -34.6576 -10.99
    endloop
  endfacet
  facet normal 0 0 1
    outer loop
      vertex 4.52257 -34.6522 -10.99
      vertex 4.18793 -35.1686 -10.99
      vertex 4.38832 -35.5514 -10.99
    endloop
  endfacet
  facet normal -0 0 1
    outer loop
      vertex 5.84357 -34.5247 -10.99
      vertex 6.26672 -34.5356 -10.99
      vertex 6.26672 -34.2589 -10.99
    endloop
  endfacet
  facet normal 0 0 1
    outer loop
      vertex 6.26672 -34.5356 -10.99
      vertex 6.04973 -35.0699 -10.99
      vertex 6.14467 -35.451 -10.99
    endloop
  endfacet
  facet normal 0 0 1
    outer loop
      vertex 5.79984 -34.8811 -10.99
      vertex 6.26672 -34.5356 -10.99
      vertex 5.84357 -34.5247 -10.99
    endloop
  endfacet
  facet normal 0 0 1
    outer loop
      vertex 6.26672 -34.5356 -10.99
      vertex 5.79984 -34.8811 -10.99
      vertex 6.04973 -35.0699 -10.99
    endloop
  endfacet
  facet normal 0 0 1
    outer loop
      vertex 5.84357 -34.5247 -10.99
      vertex 6.26672 -34.2589 -10.99
      vertex 5.84357 -34.2589 -10.99
    endloop
  endfacet
  facet normal 0 0 1
    outer loop
      vertex 6.04973 -35.0699 -10.99
      vertex 5.79984 -34.8811 -10.99
      vertex 6.03889 -35.0699 -10.99
    endloop
  endfacet
  facet normal 0 0 1
    outer loop
      vertex 5.66861 -35.1472 -10.99
      vertex 6.03889 -35.0699 -10.99
      vertex 5.79984 -34.8811 -10.99
    endloop
  endfacet
  facet normal 0 0 1
    outer loop
      vertex 6.03889 -35.0699 -10.99
      vertex 5.66861 -35.1472 -10.99
      vertex 5.92053 -35.4141 -10.99
    endloop
  endfacet
  facet normal -0 0 1
    outer loop
      vertex 5.46008 -35.313 -10.99
      vertex 5.92053 -35.4141 -10.99
      vertex 5.66861 -35.1472 -10.99
    endloop
  endfacet
  facet normal 0 0 1
    outer loop
      vertex 5.92053 -35.4141 -10.99
      vertex 5.46008 -35.313 -10.99
      vertex 5.72829 -35.6653 -10.99
    endloop
  endfacet
  facet normal 0 0 1
    outer loop
      vertex 5.72829 -35.6653 -10.99
      vertex 5.46008 -35.313 -10.99
      vertex 5.46484 -35.8189 -10.99
    endloop
  endfacet
  facet normal -0 0 1
    outer loop
      vertex 5.18445 -35.3683 -10.99
      vertex 5.46484 -35.8189 -10.99
      vertex 5.46008 -35.313 -10.99
    endloop
  endfacet
  facet normal 0 0 1
    outer loop
      vertex 5.18445 -35.3683 -10.99
      vertex 5.13289 -35.8701 -10.99
      vertex 5.46484 -35.8189 -10.99
    endloop
  endfacet
  facet normal 0 0 1
    outer loop
      vertex 4.91014 -35.3232 -10.99
      vertex 5.13289 -35.8701 -10.99
      vertex 5.18445 -35.3683 -10.99
    endloop
  endfacet
  facet normal 0 0 1
    outer loop
      vertex 4.91014 -35.3232 -10.99
      vertex 4.70805 -35.7905 -10.99
      vertex 5.13289 -35.8701 -10.99
    endloop
  endfacet
  facet normal 0 0 1
    outer loop
      vertex 4.38832 -35.5514 -10.99
      vertex 4.91014 -35.3232 -10.99
      vertex 4.70024 -35.1879 -10.99
    endloop
  endfacet
  facet normal 0 0 1
    outer loop
      vertex 4.38832 -35.5514 -10.99
      vertex 4.70024 -35.1879 -10.99
      vertex 4.56699 -34.9638 -10.99
    endloop
  endfacet
  facet normal 0 0 1
    outer loop
      vertex 4.91014 -35.3232 -10.99
      vertex 4.38832 -35.5514 -10.99
      vertex 4.70805 -35.7905 -10.99
    endloop
  endfacet
  facet normal 0 0 1
    outer loop
      vertex 4.38832 -35.5514 -10.99
      vertex 4.56699 -34.9638 -10.99
      vertex 4.52257 -34.6522 -10.99
    endloop
  endfacet
  facet normal 0 0 1
    outer loop
      vertex 7.65009 -34.6793 -10.99
      vertex 8.05423 -34.6793 -10.99
      vertex 7.9888 -34.1575 -10.99
    endloop
  endfacet
  facet normal -0 0 1
    outer loop
      vertex 7.48056 -34.1036 -10.99
      vertex 7.9888 -34.1575 -10.99
      vertex 7.79248 -33.753 -10.99
    endloop
  endfacet
  facet normal 0 0 1
    outer loop
      vertex 7.60466 -35.0085 -10.99
      vertex 8.05423 -34.6793 -10.99
      vertex 7.65009 -34.6793 -10.99
    endloop
  endfacet
  facet normal 0 0 1
    outer loop
      vertex 8.05423 -34.6793 -10.99
      vertex 7.60466 -35.0085 -10.99
      vertex 7.98169 -35.2313 -10.99
    endloop
  endfacet
  facet normal 0 0 1
    outer loop
      vertex 7.9888 -34.1575 -10.99
      vertex 7.48056 -34.1036 -10.99
      vertex 7.65009 -34.6793 -10.99
    endloop
  endfacet
  facet normal 0 0 1
    outer loop
      vertex 7.468 -33.4774 -10.99
      vertex 7.48056 -34.1036 -10.99
      vertex 7.79248 -33.753 -10.99
    endloop
  endfacet
  facet normal 0 0 1
    outer loop
      vertex 6.97197 -33.8466 -10.99
      vertex 7.468 -33.4774 -10.99
      vertex 7.01808 -33.3421 -10.99
    endloop
  endfacet
  facet normal 0 0 1
    outer loop
      vertex 7.468 -33.4774 -10.99
      vertex 6.97197 -33.8466 -10.99
      vertex 7.48056 -34.1036 -10.99
    endloop
  endfacet
  facet normal 0 0 1
    outer loop
      vertex 7.46837 -35.2584 -10.99
      vertex 7.98169 -35.2313 -10.99
      vertex 7.60466 -35.0085 -10.99
    endloop
  endfacet
  facet normal 0 0 1
    outer loop
      vertex 7.98169 -35.2313 -10.99
      vertex 7.46837 -35.2584 -10.99
      vertex 7.76401 -35.6395 -10.99
    endloop
  endfacet
  facet normal -0 0 1
    outer loop
      vertex 7.24254 -35.4161 -10.99
      vertex 7.76401 -35.6395 -10.99
      vertex 7.46837 -35.2584 -10.99
    endloop
  endfacet
  facet normal 0 0 1
    outer loop
      vertex 7.76401 -35.6395 -10.99
      vertex 7.24254 -35.4161 -10.99
      vertex 7.41409 -35.8918 -10.99
    endloop
  endfacet
  facet normal 0 0 1
    outer loop
      vertex 7.24254 -35.4161 -10.99
      vertex 6.94485 -35.9759 -10.99
      vertex 7.41409 -35.8918 -10.99
    endloop
  endfacet
  facet normal -0 0 1
    outer loop
      vertex 6.92857 -35.4687 -10.99
      vertex 6.94485 -35.9759 -10.99
      vertex 7.24254 -35.4161 -10.99
    endloop
  endfacet
  facet normal 0 0 1
    outer loop
      vertex 6.60985 -35.9162 -10.99
      vertex 6.92857 -35.4687 -10.99
      vertex 6.65089 -35.4086 -10.99
    endloop
  endfacet
  facet normal 0 0 1
    outer loop
      vertex 6.92857 -35.4687 -10.99
      vertex 6.60985 -35.9162 -10.99
      vertex 6.94485 -35.9759 -10.99
    endloop
  endfacet
  facet normal 0 0 1
    outer loop
      vertex 6.33725 -35.7372 -10.99
      vertex 6.65089 -35.4086 -10.99
      vertex 6.44168 -35.2286 -10.99
    endloop
  endfacet
  facet normal 0 0 1
    outer loop
      vertex 6.65089 -35.4086 -10.99
      vertex 6.33725 -35.7372 -10.99
      vertex 6.60985 -35.9162 -10.99
    endloop
  endfacet
  facet normal 0 0 1
    outer loop
      vertex 6.14467 -35.451 -10.99
      vertex 6.44168 -35.2286 -10.99
      vertex 6.31047 -34.9353 -10.99
    endloop
  endfacet
  facet normal 0 0 1
    outer loop
      vertex 6.14467 -35.451 -10.99
      vertex 6.31047 -34.9353 -10.99
      vertex 6.26672 -34.5356 -10.99
    endloop
  endfacet
  facet normal 0 0 1
    outer loop
      vertex 6.44168 -35.2286 -10.99
      vertex 6.14467 -35.451 -10.99
      vertex 6.33725 -35.7372 -10.99
    endloop
  endfacet
  facet normal -0 0 1
    outer loop
      vertex 4.6989 -30.5143 -10.99
      vertex 5.1546 -30.8808 -10.99
      vertex 5.11661 -30.3899 -10.99
    endloop
  endfacet
  facet normal 0 0 1
    outer loop
      vertex 5.1546 -30.8808 -10.99
      vertex 4.6989 -30.5143 -10.99
      vertex 4.88741 -30.9551 -10.99
    endloop
  endfacet
  facet normal -0 0 1
    outer loop
      vertex 4.38425 -30.7791 -10.99
      vertex 4.88741 -30.9551 -10.99
      vertex 4.6989 -30.5143 -10.99
    endloop
  endfacet
  facet normal 0 0 1
    outer loop
      vertex 4.88741 -30.9551 -10.99
      vertex 4.38425 -30.7791 -10.99
      vertex 4.68805 -31.1128 -10.99
    endloop
  endfacet
  facet normal 0 0 1
    outer loop
      vertex 4.12112 -31.6403 -10.99
      vertex 4.52257 -31.6349 -10.99
      vertex 4.56393 -31.343 -10.99
    endloop
  endfacet
  facet normal 0 0 1
    outer loop
      vertex 4.1869 -31.1619 -10.99
      vertex 4.68805 -31.1128 -10.99
      vertex 4.38425 -30.7791 -10.99
    endloop
  endfacet
  facet normal 0 0 1
    outer loop
      vertex 4.68805 -31.1128 -10.99
      vertex 4.1869 -31.1619 -10.99
      vertex 4.56393 -31.343 -10.99
    endloop
  endfacet
  facet normal 0 0 1
    outer loop
      vertex 4.52257 -31.6349 -10.99
      vertex 4.12112 -31.6403 -10.99
      vertex 4.18793 -32.1513 -10.99
    endloop
  endfacet
  facet normal 0 0 1
    outer loop
      vertex 4.56393 -31.343 -10.99
      vertex 4.1869 -31.1619 -10.99
      vertex 4.12112 -31.6403 -10.99
    endloop
  endfacet
  facet normal 0 0 1
    outer loop
      vertex 4.52257 -31.6349 -10.99
      vertex 4.18793 -32.1513 -10.99
      vertex 4.38832 -32.5341 -10.99
    endloop
  endfacet
  facet normal -0 0 1
    outer loop
      vertex 5.84357 -31.5074 -10.99
      vertex 6.26672 -31.5183 -10.99
      vertex 6.26672 -31.2416 -10.99
    endloop
  endfacet
  facet normal 0 0 1
    outer loop
      vertex 6.26672 -31.5183 -10.99
      vertex 6.04973 -32.0526 -10.99
      vertex 6.14467 -32.4337 -10.99
    endloop
  endfacet
  facet normal 0 0 1
    outer loop
      vertex 5.79984 -31.8638 -10.99
      vertex 6.26672 -31.5183 -10.99
      vertex 5.84357 -31.5074 -10.99
    endloop
  endfacet
  facet normal 0 0 1
    outer loop
      vertex 6.26672 -31.5183 -10.99
      vertex 5.79984 -31.8638 -10.99
      vertex 6.04973 -32.0526 -10.99
    endloop
  endfacet
  facet normal 0 0 1
    outer loop
      vertex 5.84357 -31.5074 -10.99
      vertex 6.26672 -31.2416 -10.99
      vertex 5.84357 -31.2416 -10.99
    endloop
  endfacet
  facet normal 0 0 1
    outer loop
      vertex 6.04973 -32.0526 -10.99
      vertex 5.79984 -31.8638 -10.99
      vertex 6.03889 -32.0526 -10.99
    endloop
  endfacet
  facet normal 0 0 1
    outer loop
      vertex 5.66861 -32.1299 -10.99
      vertex 6.03889 -32.0526 -10.99
      vertex 5.79984 -31.8638 -10.99
    endloop
  endfacet
  facet normal 0 0 1
    outer loop
      vertex 6.03889 -32.0526 -10.99
      vertex 5.66861 -32.1299 -10.99
      vertex 5.92053 -32.3968 -10.99
    endloop
  endfacet
  facet normal -0 0 1
    outer loop
      vertex 5.46008 -32.2957 -10.99
      vertex 5.92053 -32.3968 -10.99
      vertex 5.66861 -32.1299 -10.99
    endloop
  endfacet
  facet normal 0 0 1
    outer loop
      vertex 5.92053 -32.3968 -10.99
      vertex 5.46008 -32.2957 -10.99
      vertex 5.72829 -32.648 -10.99
    endloop
  endfacet
  facet normal 0 0 1
    outer loop
      vertex 5.72829 -32.648 -10.99
      vertex 5.46008 -32.2957 -10.99
      vertex 5.46484 -32.8016 -10.99
    endloop
  endfacet
  facet normal -0 0 1
    outer loop
      vertex 5.18445 -32.351 -10.99
      vertex 5.46484 -32.8016 -10.99
      vertex 5.46008 -32.2957 -10.99
    endloop
  endfacet
  facet normal 0 0 1
    outer loop
      vertex 5.18445 -32.351 -10.99
      vertex 5.13289 -32.8528 -10.99
      vertex 5.46484 -32.8016 -10.99
    endloop
  endfacet
  facet normal 0 0 1
    outer loop
      vertex 4.91014 -32.3059 -10.99
      vertex 5.13289 -32.8528 -10.99
      vertex 5.18445 -32.351 -10.99
    endloop
  endfacet
  facet normal 0 0 1
    outer loop
      vertex 4.91014 -32.3059 -10.99
      vertex 4.70805 -32.7732 -10.99
      vertex 5.13289 -32.8528 -10.99
    endloop
  endfacet
  facet normal 0 0 1
    outer loop
      vertex 4.38832 -32.5341 -10.99
      vertex 4.91014 -32.3059 -10.99
      vertex 4.70024 -32.1706 -10.99
    endloop
  endfacet
  facet normal 0 0 1
    outer loop
      vertex 4.38832 -32.5341 -10.99
      vertex 4.70024 -32.1706 -10.99
      vertex 4.56699 -31.9465 -10.99
    endloop
  endfacet
  facet normal 0 0 1
    outer loop
      vertex 4.91014 -32.3059 -10.99
      vertex 4.38832 -32.5341 -10.99
      vertex 4.70805 -32.7732 -10.99
    endloop
  endfacet
  facet normal 0 0 1
    outer loop
      vertex 4.38832 -32.5341 -10.99
      vertex 4.56699 -31.9465 -10.99
      vertex 4.52257 -31.6349 -10.99
    endloop
  endfacet
  facet normal 0 0 1
    outer loop
      vertex 7.65009 -31.662 -10.99
      vertex 8.05423 -31.662 -10.99
      vertex 7.9888 -31.1402 -10.99
    endloop
  endfacet
  facet normal -0 0 1
    outer loop
      vertex 7.48056 -31.0863 -10.99
      vertex 7.9888 -31.1402 -10.99
      vertex 7.79248 -30.7357 -10.99
    endloop
  endfacet
  facet normal 0 0 1
    outer loop
      vertex 7.60466 -31.9912 -10.99
      vertex 8.05423 -31.662 -10.99
      vertex 7.65009 -31.662 -10.99
    endloop
  endfacet
  facet normal 0 0 1
    outer loop
      vertex 8.05423 -31.662 -10.99
      vertex 7.60466 -31.9912 -10.99
      vertex 7.98169 -32.214 -10.99
    endloop
  endfacet
  facet normal 0 0 1
    outer loop
      vertex 7.9888 -31.1402 -10.99
      vertex 7.48056 -31.0863 -10.99
      vertex 7.65009 -31.662 -10.99
    endloop
  endfacet
  facet normal 0 0 1
    outer loop
      vertex 7.468 -30.4601 -10.99
      vertex 7.48056 -31.0863 -10.99
      vertex 7.79248 -30.7357 -10.99
    endloop
  endfacet
  facet normal 0 0 1
    outer loop
      vertex 6.97197 -30.8293 -10.99
      vertex 7.468 -30.4601 -10.99
      vertex 7.01808 -30.3248 -10.99
    endloop
  endfacet
  facet normal 0 0 1
    outer loop
      vertex 7.468 -30.4601 -10.99
      vertex 6.97197 -30.8293 -10.99
      vertex 7.48056 -31.0863 -10.99
    endloop
  endfacet
  facet normal 0 0 1
    outer loop
      vertex 7.46837 -32.2411 -10.99
      vertex 7.98169 -32.214 -10.99
      vertex 7.60466 -31.9912 -10.99
    endloop
  endfacet
  facet normal 0 0 1
    outer loop
      vertex 7.98169 -32.214 -10.99
      vertex 7.46837 -32.2411 -10.99
      vertex 7.76401 -32.6222 -10.99
    endloop
  endfacet
  facet normal -0 0 1
    outer loop
      vertex 7.24254 -32.3988 -10.99
      vertex 7.76401 -32.6222 -10.99
      vertex 7.46837 -32.2411 -10.99
    endloop
  endfacet
  facet normal 0 0 1
    outer loop
      vertex 7.76401 -32.6222 -10.99
      vertex 7.24254 -32.3988 -10.99
      vertex 7.41409 -32.8745 -10.99
    endloop
  endfacet
  facet normal 0 0 1
    outer loop
      vertex 7.24254 -32.3988 -10.99
      vertex 6.94485 -32.9586 -10.99
      vertex 7.41409 -32.8745 -10.99
    endloop
  endfacet
  facet normal -0 0 1
    outer loop
      vertex 6.92857 -32.4514 -10.99
      vertex 6.94485 -32.9586 -10.99
      vertex 7.24254 -32.3988 -10.99
    endloop
  endfacet
  facet normal 0 0 1
    outer loop
      vertex 6.60985 -32.8989 -10.99
      vertex 6.92857 -32.4514 -10.99
      vertex 6.65089 -32.3913 -10.99
    endloop
  endfacet
  facet normal 0 0 1
    outer loop
      vertex 6.92857 -32.4514 -10.99
      vertex 6.60985 -32.8989 -10.99
      vertex 6.94485 -32.9586 -10.99
    endloop
  endfacet
  facet normal 0 0 1
    outer loop
      vertex 6.33725 -32.7199 -10.99
      vertex 6.65089 -32.3913 -10.99
      vertex 6.44168 -32.2113 -10.99
    endloop
  endfacet
  facet normal 0 0 1
    outer loop
      vertex 6.65089 -32.3913 -10.99
      vertex 6.33725 -32.7199 -10.99
      vertex 6.60985 -32.8989 -10.99
    endloop
  endfacet
  facet normal 0 0 1
    outer loop
      vertex 6.14467 -32.4337 -10.99
      vertex 6.44168 -32.2113 -10.99
      vertex 6.31047 -31.918 -10.99
    endloop
  endfacet
  facet normal 0 0 1
    outer loop
      vertex 6.14467 -32.4337 -10.99
      vertex 6.31047 -31.918 -10.99
      vertex 6.26672 -31.5183 -10.99
    endloop
  endfacet
  facet normal 0 0 1
    outer loop
      vertex 6.44168 -32.2113 -10.99
      vertex 6.14467 -32.4337 -10.99
      vertex 6.33725 -32.7199 -10.99
    endloop
  endfacet
  facet normal -0 0 1
    outer loop
      vertex 4.79924 -27.6302 -10.99
      vertex 4.64465 -28.4928 -10.99
      vertex 5.26036 -27.6302 -10.99
    endloop
  endfacet
  facet normal 0 -0 1
    outer loop
      vertex 4.64465 -28.4928 -10.99
      vertex 4.79924 -27.6302 -10.99
      vertex 4.17809 -28.5335 -10.99
    endloop
  endfacet
  facet normal -0 0 1
    outer loop
      vertex 4.64465 -28.4928 -10.99
      vertex 7.58501 -28.9838 -10.99
      vertex 7.58501 -28.4928 -10.99
    endloop
  endfacet
  facet normal 0 0 1
    outer loop
      vertex 4.17809 -28.9838 -10.99
      vertex 4.64465 -28.4928 -10.99
      vertex 4.17809 -28.5335 -10.99
    endloop
  endfacet
  facet normal 0 0 1
    outer loop
      vertex 4.64465 -28.4928 -10.99
      vertex 4.17809 -28.9838 -10.99
      vertex 7.58501 -28.9838 -10.99
    endloop
  endfacet
  facet normal 0 0 1
    outer loop
      vertex 7.58501 -28.4928 -10.99
      vertex 8 -27.5191 -10.99
      vertex 7.58501 -27.5191 -10.99
    endloop
  endfacet
  facet normal 0 0 1
    outer loop
      vertex 8 -27.5191 -10.99
      vertex 7.58501 -28.4928 -10.99
      vertex 8 -29.9142 -10.99
    endloop
  endfacet
  facet normal -0 0 1
    outer loop
      vertex 7.58501 -28.9838 -10.99
      vertex 8 -29.9142 -10.99
      vertex 7.58501 -28.4928 -10.99
    endloop
  endfacet
  facet normal 0 0 1
    outer loop
      vertex 8 -29.9142 -10.99
      vertex 7.58501 -28.9838 -10.99
      vertex 7.58501 -29.9142 -10.99
    endloop
  endfacet
  facet normal -0 0 1
    outer loop
      vertex 7.65553 -14.2429 -10.99
      vertex 8.05423 -14.343 -10.99
      vertex 7.99593 -13.9557 -10.99
    endloop
  endfacet
  facet normal 0 0 1
    outer loop
      vertex 8.05423 -14.343 -10.99
      vertex 7.6881 -14.4542 -10.99
      vertex 8.01932 -14.6715 -10.99
    endloop
  endfacet
  facet normal 0 0 1
    outer loop
      vertex 7.55789 -14.0866 -10.99
      vertex 7.99593 -13.9557 -10.99
      vertex 7.82097 -13.6784 -10.99
    endloop
  endfacet
  facet normal 0 0 1
    outer loop
      vertex 7.65756 -14.7078 -10.99
      vertex 8.01932 -14.6715 -10.99
      vertex 7.6881 -14.4542 -10.99
    endloop
  endfacet
  facet normal 0 0 1
    outer loop
      vertex 8.01932 -14.6715 -10.99
      vertex 7.65756 -14.7078 -10.99
      vertex 7.91457 -14.9465 -10.99
    endloop
  endfacet
  facet normal 0 0 1
    outer loop
      vertex 8.05423 -14.343 -10.99
      vertex 7.65553 -14.2429 -10.99
      vertex 7.6881 -14.4542 -10.99
    endloop
  endfacet
  facet normal 0 0 1
    outer loop
      vertex 7.99593 -13.9557 -10.99
      vertex 7.55789 -14.0866 -10.99
      vertex 7.65553 -14.2429 -10.99
    endloop
  endfacet
  facet normal 0 0 1
    outer loop
      vertex 7.40056 -13.99 -10.99
      vertex 7.82097 -13.6784 -10.99
      vertex 7.5443 -13.5116 -10.99
    endloop
  endfacet
  facet normal 0 0 1
    outer loop
      vertex 7.82097 -13.6784 -10.99
      vertex 7.40056 -13.99 -10.99
      vertex 7.55789 -14.0866 -10.99
    endloop
  endfacet
  facet normal 0 0 1
    outer loop
      vertex 7.5443 -13.5116 -10.99
      vertex 7.18896 -13.9578 -10.99
      vertex 7.40056 -13.99 -10.99
    endloop
  endfacet
  facet normal 0 0 1
    outer loop
      vertex 7.18085 -13.456 -10.99
      vertex 7.18896 -13.9578 -10.99
      vertex 7.5443 -13.5116 -10.99
    endloop
  endfacet
  facet normal 0 0 1
    outer loop
      vertex 7.18085 -13.456 -10.99
      vertex 6.99028 -13.9815 -10.99
      vertex 7.18896 -13.9578 -10.99
    endloop
  endfacet
  facet normal -0 0 1
    outer loop
      vertex 6.77803 -13.5309 -10.99
      vertex 6.99028 -13.9815 -10.99
      vertex 7.18085 -13.456 -10.99
    endloop
  endfacet
  facet normal 0 0 1
    outer loop
      vertex 6.99028 -13.9815 -10.99
      vertex 6.77803 -13.5309 -10.99
      vertex 6.83365 -14.0527 -10.99
    endloop
  endfacet
  facet normal -0 0 1
    outer loop
      vertex 6.481 -13.7557 -10.99
      vertex 6.83365 -14.0527 -10.99
      vertex 6.77803 -13.5309 -10.99
    endloop
  endfacet
  facet normal 0 0 1
    outer loop
      vertex 6.83365 -14.0527 -10.99
      vertex 6.481 -13.7557 -10.99
      vertex 6.71565 -14.1683 -10.99
    endloop
  endfacet
  facet normal -0 0 1
    outer loop
      vertex 6.29385 -14.1473 -10.99
      vertex 6.71565 -14.1683 -10.99
      vertex 6.481 -13.7557 -10.99
    endloop
  endfacet
  facet normal 0 0 1
    outer loop
      vertex 6.22061 -14.7227 -10.99
      vertex 6.58273 -14.5447 -10.99
      vertex 6.29385 -14.1473 -10.99
    endloop
  endfacet
  facet normal 0 0 1
    outer loop
      vertex 6.63293 -14.3253 -10.99
      vertex 6.29385 -14.1473 -10.99
      vertex 6.58273 -14.5447 -10.99
    endloop
  endfacet
  facet normal 0 0 1
    outer loop
      vertex 6.71565 -14.1683 -10.99
      vertex 6.29385 -14.1473 -10.99
      vertex 6.63293 -14.3253 -10.99
    endloop
  endfacet
  facet normal -0 0 1
    outer loop
      vertex 7.56601 -14.9315 -10.99
      vertex 7.91457 -14.9465 -10.99
      vertex 7.65756 -14.7078 -10.99
    endloop
  endfacet
  facet normal 0 0 1
    outer loop
      vertex 7.91457 -14.9465 -10.99
      vertex 7.56601 -14.9315 -10.99
      vertex 7.72572 -15.1795 -10.99
    endloop
  endfacet
  facet normal -0 0 1
    outer loop
      vertex 7.42122 -15.1184 -10.99
      vertex 7.72572 -15.1795 -10.99
      vertex 7.56601 -14.9315 -10.99
    endloop
  endfacet
  facet normal -0 0 1
    outer loop
      vertex 7.231 -15.2612 -10.99
      vertex 7.43852 -15.3819 -10.99
      vertex 7.42122 -15.1184 -10.99
    endloop
  endfacet
  facet normal 0 0 1
    outer loop
      vertex 7.72572 -15.1795 -10.99
      vertex 7.42122 -15.1184 -10.99
      vertex 7.43852 -15.3819 -10.99
    endloop
  endfacet
  facet normal 0 0 1
    outer loop
      vertex 8.01627 -16.123 -10.99
      vertex 7.67146 -16.0152 -10.99
      vertex 7.69893 -16.1495 -10.99
    endloop
  endfacet
  facet normal 0 0 1
    outer loop
      vertex 7.88474 -15.5378 -10.99
      vertex 7.58908 -15.9325 -10.99
      vertex 7.67146 -16.0152 -10.99
    endloop
  endfacet
  facet normal 0 0 1
    outer loop
      vertex 7.70198 -15.4412 -10.99
      vertex 7.45242 -15.8898 -10.99
      vertex 7.58908 -15.9325 -10.99
    endloop
  endfacet
  facet normal 0 0 1
    outer loop
      vertex 7.43852 -15.3981 -10.99
      vertex 7.45242 -15.8898 -10.99
      vertex 7.70198 -15.4412 -10.99
    endloop
  endfacet
  facet normal 0 0 1
    outer loop
      vertex 7.43852 -15.3819 -10.99
      vertex 7.231 -15.2612 -10.99
      vertex 7.43852 -15.3981 -10.99
    endloop
  endfacet
  facet normal -0 0 1
    outer loop
      vertex 7.01503 -15.3517 -10.99
      vertex 7.43852 -15.3981 -10.99
      vertex 7.231 -15.2612 -10.99
    endloop
  endfacet
  facet normal 0 0 1
    outer loop
      vertex 7.43852 -15.3981 -10.99
      vertex 7.26221 -15.8755 -10.99
      vertex 7.45242 -15.8898 -10.99
    endloop
  endfacet
  facet normal 0 0 1
    outer loop
      vertex 7.43852 -15.3981 -10.99
      vertex 7.01503 -15.3517 -10.99
      vertex 7.26221 -15.8755 -10.99
    endloop
  endfacet
  facet normal -0 0 1
    outer loop
      vertex 6.79292 -15.3819 -10.99
      vertex 7.26221 -15.8755 -10.99
      vertex 7.01503 -15.3517 -10.99
    endloop
  endfacet
  facet normal -0 0 1
    outer loop
      vertex 6.55153 -15.3819 -10.99
      vertex 7.26221 -15.8755 -10.99
      vertex 6.79292 -15.3819 -10.99
    endloop
  endfacet
  facet normal 0 0 1
    outer loop
      vertex 6.58273 -14.5447 -10.99
      vertex 6.22061 -14.7227 -10.99
      vertex 6.56236 -14.8475 -10.99
    endloop
  endfacet
  facet normal 0 0 1
    outer loop
      vertex 6.20976 -15.3819 -10.99
      vertex 6.56236 -14.8475 -10.99
      vertex 6.22061 -14.7227 -10.99
    endloop
  endfacet
  facet normal 0 0 1
    outer loop
      vertex 6.56236 -14.8475 -10.99
      vertex 6.20976 -15.3819 -10.99
      vertex 6.55153 -15.3819 -10.99
    endloop
  endfacet
  facet normal 0 0 1
    outer loop
      vertex 5.99817 -15.8755 -10.99
      vertex 6.55153 -15.3819 -10.99
      vertex 6.20976 -15.3819 -10.99
    endloop
  endfacet
  facet normal 0 0 1
    outer loop
      vertex 5.99817 -15.8755 -10.99
      vertex 6.20976 -15.3819 -10.99
      vertex 6.04973 -15.3819 -10.99
    endloop
  endfacet
  facet normal 0 0 1
    outer loop
      vertex 6.55153 -15.3819 -10.99
      vertex 5.99817 -15.8755 -10.99
      vertex 7.26221 -15.8755 -10.99
    endloop
  endfacet
  facet normal 0 0 1
    outer loop
      vertex 5.74255 -15.3439 -10.99
      vertex 5.99817 -15.8755 -10.99
      vertex 6.04973 -15.3819 -10.99
    endloop
  endfacet
  facet normal 0 0 1
    outer loop
      vertex 5.74255 -15.3439 -10.99
      vertex 5.57471 -15.8057 -10.99
      vertex 5.99817 -15.8755 -10.99
    endloop
  endfacet
  facet normal 0 0 1
    outer loop
      vertex 5.26448 -15.5961 -10.99
      vertex 5.74255 -15.3439 -10.99
      vertex 5.53709 -15.2299 -10.99
    endloop
  endfacet
  facet normal 0 0 1
    outer loop
      vertex 5.07426 -15.2482 -10.99
      vertex 5.53709 -15.2299 -10.99
      vertex 5.42111 -15.0347 -10.99
    endloop
  endfacet
  facet normal 0 0 1
    outer loop
      vertex 5.74255 -15.3439 -10.99
      vertex 5.26448 -15.5961 -10.99
      vertex 5.57471 -15.8057 -10.99
    endloop
  endfacet
  facet normal -0 0 1
    outer loop
      vertex 5.01085 -14.7634 -10.99
      vertex 5.42111 -15.0347 -10.99
      vertex 5.38245 -14.7525 -10.99
    endloop
  endfacet
  facet normal 0 0 1
    outer loop
      vertex 7.67146 -16.0152 -10.99
      vertex 8.02711 -15.9325 -10.99
      vertex 7.99153 -15.6982 -10.99
    endloop
  endfacet
  facet normal -0 0 1
    outer loop
      vertex 7.67146 -16.0152 -10.99
      vertex 8.01627 -16.123 -10.99
      vertex 8.02711 -15.9325 -10.99
    endloop
  endfacet
  facet normal 0 0 1
    outer loop
      vertex 7.67146 -16.0152 -10.99
      vertex 7.99153 -15.6982 -10.99
      vertex 7.88474 -15.5378 -10.99
    endloop
  endfacet
  facet normal 0 0 1
    outer loop
      vertex 7.58908 -15.9325 -10.99
      vertex 7.88474 -15.5378 -10.99
      vertex 7.70198 -15.4412 -10.99
    endloop
  endfacet
  facet normal 0 0 1
    outer loop
      vertex 8.01627 -16.123 -10.99
      vertex 7.69893 -16.1495 -10.99
      vertex 7.98373 -16.3095 -10.99
    endloop
  endfacet
  facet normal -0 0 1
    outer loop
      vertex 7.69418 -16.2248 -10.99
      vertex 7.98373 -16.3095 -10.99
      vertex 7.69893 -16.1495 -10.99
    endloop
  endfacet
  facet normal 0 0 1
    outer loop
      vertex 7.98373 -16.3095 -10.99
      vertex 7.69418 -16.2248 -10.99
      vertex 7.67993 -16.3095 -10.99
    endloop
  endfacet
  facet normal 0 0 1
    outer loop
      vertex 5.80289 -13.5862 -10.99
      vertex 5.63812 -14.1558 -10.99
      vertex 5.84901 -14.0961 -10.99
    endloop
  endfacet
  facet normal -0 0 1
    outer loop
      vertex 5.20886 -13.9429 -10.99
      vertex 5.63812 -14.1558 -10.99
      vertex 5.80289 -13.5862 -10.99
    endloop
  endfacet
  facet normal 0 0 1
    outer loop
      vertex 5.01085 -14.7634 -10.99
      vertex 5.38245 -14.7525 -10.99
      vertex 5.41026 -14.4691 -10.99
    endloop
  endfacet
  facet normal 0 0 1
    outer loop
      vertex 5.63812 -14.1558 -10.99
      vertex 5.20886 -13.9429 -10.99
      vertex 5.49368 -14.2751 -10.99
    endloop
  endfacet
  facet normal 0 0 1
    outer loop
      vertex 5.20886 -13.9429 -10.99
      vertex 5.41026 -14.4691 -10.99
      vertex 5.49368 -14.2751 -10.99
    endloop
  endfacet
  facet normal 0 0 1
    outer loop
      vertex 5.01085 -14.7634 -10.99
      vertex 5.41026 -14.4691 -10.99
      vertex 5.20886 -13.9429 -10.99
    endloop
  endfacet
  facet normal 0 0 1
    outer loop
      vertex 5.42111 -15.0347 -10.99
      vertex 5.01085 -14.7634 -10.99
      vertex 5.07426 -15.2482 -10.99
    endloop
  endfacet
  facet normal 0 0 1
    outer loop
      vertex 5.53709 -15.2299 -10.99
      vertex 5.07426 -15.2482 -10.99
      vertex 5.26448 -15.5961 -10.99
    endloop
  endfacet
  facet normal 0 0 1
    outer loop
      vertex 8 -16.6225 -10.99
      vertex 6.47017 -17.1107 -10.99
      vertex 8 -17.1107 -10.99
    endloop
  endfacet
  facet normal -0 0 1
    outer loop
      vertex 5.74864 -16.6225 -10.99
      vertex 6.47017 -17.1107 -10.99
      vertex 8 -16.6225 -10.99
    endloop
  endfacet
  facet normal 0 0 1
    outer loop
      vertex 6.47017 -17.1107 -10.99
      vertex 5.74864 -16.6225 -10.99
      vertex 6.03853 -17.1507 -10.99
    endloop
  endfacet
  facet normal -0 0 1
    outer loop
      vertex 5.66452 -17.089 -10.99
      vertex 6.03853 -17.1507 -10.99
      vertex 5.74864 -16.6225 -10.99
    endloop
  endfacet
  facet normal -0 0 1
    outer loop
      vertex 5.66452 -17.0999 -10.99
      vertex 6.03853 -17.1507 -10.99
      vertex 5.66452 -17.089 -10.99
    endloop
  endfacet
  facet normal 0 0 1
    outer loop
      vertex 5.42314 -16.6184 -10.99
      vertex 5.66452 -17.089 -10.99
      vertex 5.74864 -16.6225 -10.99
    endloop
  endfacet
  facet normal 0 0 1
    outer loop
      vertex 5.66452 -17.089 -10.99
      vertex 5.42314 -16.6184 -10.99
      vertex 5.46449 -17.0836 -10.99
    endloop
  endfacet
  facet normal 0 0 1
    outer loop
      vertex 5.06509 -17.0673 -10.99
      vertex 5.42314 -16.6184 -10.99
      vertex 5.06509 -16.6062 -10.99
    endloop
  endfacet
  facet normal 0 0 1
    outer loop
      vertex 5.42314 -16.6184 -10.99
      vertex 5.06509 -17.0673 -10.99
      vertex 5.46449 -17.0836 -10.99
    endloop
  endfacet
  facet normal 0 0 1
    outer loop
      vertex 6.03853 -17.1507 -10.99
      vertex 5.66452 -17.0999 -10.99
      vertex 5.72017 -17.2708 -10.99
    endloop
  endfacet
  facet normal -0 0 1
    outer loop
      vertex 5.34717 -17.2253 -10.99
      vertex 5.72017 -17.2708 -10.99
      vertex 5.66452 -17.0999 -10.99
    endloop
  endfacet
  facet normal -0 0 1
    outer loop
      vertex 5.14917 -17.3684 -10.99
      vertex 5.52385 -17.4668 -10.99
      vertex 5.34717 -17.2253 -10.99
    endloop
  endfacet
  facet normal 0 0 1
    outer loop
      vertex 5.72017 -17.2708 -10.99
      vertex 5.34717 -17.2253 -10.99
      vertex 5.52385 -17.4668 -10.99
    endloop
  endfacet
  facet normal 0 0 1
    outer loop
      vertex 5.52385 -17.4668 -10.99
      vertex 5.14917 -17.3684 -10.99
      vertex 5.4584 -17.7346 -10.99
    endloop
  endfacet
  facet normal -0 0 1
    outer loop
      vertex 5.04543 -17.5515 -10.99
      vertex 5.4584 -17.7346 -10.99
      vertex 5.14917 -17.3684 -10.99
    endloop
  endfacet
  facet normal 0 0 1
    outer loop
      vertex 5.01085 -17.797 -10.99
      vertex 5.4584 -17.7346 -10.99
      vertex 5.04543 -17.5515 -10.99
    endloop
  endfacet
  facet normal 0 0 1
    outer loop
      vertex 5.4584 -17.7346 -10.99
      vertex 5.01085 -17.797 -10.99
      vertex 5.46519 -17.8811 -10.99
    endloop
  endfacet
  facet normal 0 -0 1
    outer loop
      vertex 5.01762 -17.8953 -10.99
      vertex 5.46519 -17.8811 -10.99
      vertex 5.01085 -17.797 -10.99
    endloop
  endfacet
  facet normal 0 0 1
    outer loop
      vertex 5.46519 -17.8811 -10.99
      vertex 5.03796 -17.995 -10.99
      vertex 5.48553 -17.995 -10.99
    endloop
  endfacet
  facet normal 0 -0 1
    outer loop
      vertex 5.03796 -17.995 -10.99
      vertex 5.46519 -17.8811 -10.99
      vertex 5.01762 -17.8953 -10.99
    endloop
  endfacet
  facet normal -0 0 1
    outer loop
      vertex 5.87138 -24.3997 -10.99
      vertex 6.26129 -24.8327 -10.99
      vertex 6.51357 -24.3146 -10.99
    endloop
  endfacet
  facet normal 0 0 1
    outer loop
      vertex 6.26129 -24.8327 -10.99
      vertex 5.87138 -24.3997 -10.99
      vertex 5.8907 -24.8967 -10.99
    endloop
  endfacet
  facet normal -0 0 1
    outer loop
      vertex 5.39873 -24.655 -10.99
      vertex 5.8907 -24.8967 -10.99
      vertex 5.87138 -24.3997 -10.99
    endloop
  endfacet
  facet normal 0 0 1
    outer loop
      vertex 5.8907 -24.8967 -10.99
      vertex 5.39873 -24.655 -10.99
      vertex 5.60896 -25.0564 -10.99
    endloop
  endfacet
  facet normal 0 0 1
    outer loop
      vertex 5.10782 -25.0683 -10.99
      vertex 5.60896 -25.0564 -10.99
      vertex 5.39873 -24.655 -10.99
    endloop
  endfacet
  facet normal 0 0 1
    outer loop
      vertex 5.60896 -25.0564 -10.99
      vertex 5.10782 -25.0683 -10.99
      vertex 5.43095 -25.3009 -10.99
    endloop
  endfacet
  facet normal 0 0 1
    outer loop
      vertex 5.01085 -25.6274 -10.99
      vertex 5.43095 -25.3009 -10.99
      vertex 5.10782 -25.0683 -10.99
    endloop
  endfacet
  facet normal -0 0 1
    outer loop
      vertex 7.6196 -25.2931 -10.99
      vertex 8.05423 -25.6464 -10.99
      vertex 7.95728 -25.0731 -10.99
    endloop
  endfacet
  facet normal 0 0 1
    outer loop
      vertex 7.65622 -25.9323 -10.99
      vertex 8.05423 -25.6464 -10.99
      vertex 7.6881 -25.6464 -10.99
    endloop
  endfacet
  facet normal -0 0 1
    outer loop
      vertex 7.41412 -25.0361 -10.99
      vertex 7.95728 -25.0731 -10.99
      vertex 7.66637 -24.655 -10.99
    endloop
  endfacet
  facet normal 0 0 1
    outer loop
      vertex 8.05423 -25.6464 -10.99
      vertex 7.6196 -25.2931 -10.99
      vertex 7.6881 -25.6464 -10.99
    endloop
  endfacet
  facet normal 0 0 1
    outer loop
      vertex 7.95728 -25.0731 -10.99
      vertex 7.41412 -25.0361 -10.99
      vertex 7.6196 -25.2931 -10.99
    endloop
  endfacet
  facet normal 0 0 1
    outer loop
      vertex 7.0825 -24.8794 -10.99
      vertex 7.66637 -24.655 -10.99
      vertex 7.18423 -24.3997 -10.99
    endloop
  endfacet
  facet normal 0 0 1
    outer loop
      vertex 7.66637 -24.655 -10.99
      vertex 7.0825 -24.8794 -10.99
      vertex 7.41412 -25.0361 -10.99
    endloop
  endfacet
  facet normal 0 0 1
    outer loop
      vertex 7.18423 -24.3997 -10.99
      vertex 6.6356 -24.8272 -10.99
      vertex 7.0825 -24.8794 -10.99
    endloop
  endfacet
  facet normal -0 0 1
    outer loop
      vertex 6.26129 -26.4167 -10.99
      vertex 6.6356 -26.9213 -10.99
      vertex 6.6356 -24.8272 -10.99
    endloop
  endfacet
  facet normal 0 0 1
    outer loop
      vertex 6.51357 -24.3146 -10.99
      vertex 6.6356 -24.8272 -10.99
      vertex 7.18423 -24.3997 -10.99
    endloop
  endfacet
  facet normal 0 0 1
    outer loop
      vertex 6.26129 -24.8327 -10.99
      vertex 6.6356 -24.8272 -10.99
      vertex 6.51357 -24.3146 -10.99
    endloop
  endfacet
  facet normal 0 0 1
    outer loop
      vertex 6.26129 -26.4167 -10.99
      vertex 6.6356 -24.8272 -10.99
      vertex 6.26129 -24.8327 -10.99
    endloop
  endfacet
  facet normal 0 0 1
    outer loop
      vertex 6.6356 -26.9213 -10.99
      vertex 6.26129 -26.4167 -10.99
      vertex 6.57053 -26.9213 -10.99
    endloop
  endfacet
  facet normal 0 0 1
    outer loop
      vertex 5.86018 -26.3374 -10.99
      vertex 6.57053 -26.9213 -10.99
      vertex 6.26129 -26.4167 -10.99
    endloop
  endfacet
  facet normal 0 0 1
    outer loop
      vertex 5.40077 -26.5978 -10.99
      vertex 5.86018 -26.3374 -10.99
      vertex 5.58453 -26.1807 -10.99
    endloop
  endfacet
  facet normal 0 0 1
    outer loop
      vertex 5.86018 -26.3374 -10.99
      vertex 5.40077 -26.5978 -10.99
      vertex 6.57053 -26.9213 -10.99
    endloop
  endfacet
  facet normal 0 0 1
    outer loop
      vertex 5.42484 -25.9427 -10.99
      vertex 5.40077 -26.5978 -10.99
      vertex 5.58453 -26.1807 -10.99
    endloop
  endfacet
  facet normal -0 0 1
    outer loop
      vertex 5.01085 -25.6274 -10.99
      vertex 5.42484 -25.9427 -10.99
      vertex 5.37161 -25.6193 -10.99
    endloop
  endfacet
  facet normal 0 0 1
    outer loop
      vertex 5.43095 -25.3009 -10.99
      vertex 5.01085 -25.6274 -10.99
      vertex 5.37161 -25.6193 -10.99
    endloop
  endfacet
  facet normal 0 0 1
    outer loop
      vertex 5.42484 -25.9427 -10.99
      vertex 5.01085 -25.6274 -10.99
      vertex 5.40077 -26.5978 -10.99
    endloop
  endfacet
  facet normal 0 0 1
    outer loop
      vertex 8.05423 -25.6464 -10.99
      vertex 7.65622 -25.9323 -10.99
      vertex 7.88065 -26.412 -10.99
    endloop
  endfacet
  facet normal -0 0 1
    outer loop
      vertex 7.56061 -26.155 -10.99
      vertex 7.88065 -26.412 -10.99
      vertex 7.65622 -25.9323 -10.99
    endloop
  endfacet
  facet normal -0 0 1
    outer loop
      vertex 7.41615 -26.3154 -10.99
      vertex 7.88065 -26.412 -10.99
      vertex 7.56061 -26.155 -10.99
    endloop
  endfacet
  facet normal 0 0 1
    outer loop
      vertex 7.41615 -26.3154 -10.99
      vertex 7.35985 -26.8426 -10.99
      vertex 7.88065 -26.412 -10.99
    endloop
  endfacet
  facet normal 0 -0 1
    outer loop
      vertex 7.35985 -26.8426 -10.99
      vertex 7.41615 -26.3154 -10.99
      vertex 7.23781 -26.4141 -10.99
    endloop
  endfacet
  facet normal -0 0 1
    outer loop
      vertex 7.65553 -19.0669 -10.99
      vertex 8.05423 -19.1669 -10.99
      vertex 7.99593 -18.7797 -10.99
    endloop
  endfacet
  facet normal 0 0 1
    outer loop
      vertex 8.05423 -19.1669 -10.99
      vertex 7.6881 -19.2782 -10.99
      vertex 8.01932 -19.4955 -10.99
    endloop
  endfacet
  facet normal 0 0 1
    outer loop
      vertex 7.55789 -18.9106 -10.99
      vertex 7.99593 -18.7797 -10.99
      vertex 7.82097 -18.5024 -10.99
    endloop
  endfacet
  facet normal 0 0 1
    outer loop
      vertex 7.65756 -19.5318 -10.99
      vertex 8.01932 -19.4955 -10.99
      vertex 7.6881 -19.2782 -10.99
    endloop
  endfacet
  facet normal 0 0 1
    outer loop
      vertex 8.01932 -19.4955 -10.99
      vertex 7.65756 -19.5318 -10.99
      vertex 7.91457 -19.7705 -10.99
    endloop
  endfacet
  facet normal 0 0 1
    outer loop
      vertex 8.05423 -19.1669 -10.99
      vertex 7.65553 -19.0669 -10.99
      vertex 7.6881 -19.2782 -10.99
    endloop
  endfacet
  facet normal 0 0 1
    outer loop
      vertex 7.99593 -18.7797 -10.99
      vertex 7.55789 -18.9106 -10.99
      vertex 7.65553 -19.0669 -10.99
    endloop
  endfacet
  facet normal 0 0 1
    outer loop
      vertex 7.40056 -18.814 -10.99
      vertex 7.82097 -18.5024 -10.99
      vertex 7.5443 -18.3356 -10.99
    endloop
  endfacet
  facet normal 0 0 1
    outer loop
      vertex 7.82097 -18.5024 -10.99
      vertex 7.40056 -18.814 -10.99
      vertex 7.55789 -18.9106 -10.99
    endloop
  endfacet
  facet normal 0 0 1
    outer loop
      vertex 7.5443 -18.3356 -10.99
      vertex 7.18896 -18.7818 -10.99
      vertex 7.40056 -18.814 -10.99
    endloop
  endfacet
  facet normal 0 0 1
    outer loop
      vertex 7.18085 -18.28 -10.99
      vertex 7.18896 -18.7818 -10.99
      vertex 7.5443 -18.3356 -10.99
    endloop
  endfacet
  facet normal 0 0 1
    outer loop
      vertex 7.18085 -18.28 -10.99
      vertex 6.99028 -18.8055 -10.99
      vertex 7.18896 -18.7818 -10.99
    endloop
  endfacet
  facet normal -0 0 1
    outer loop
      vertex 6.77803 -18.3549 -10.99
      vertex 6.99028 -18.8055 -10.99
      vertex 7.18085 -18.28 -10.99
    endloop
  endfacet
  facet normal 0 0 1
    outer loop
      vertex 6.99028 -18.8055 -10.99
      vertex 6.77803 -18.3549 -10.99
      vertex 6.83365 -18.8767 -10.99
    endloop
  endfacet
  facet normal -0 0 1
    outer loop
      vertex 6.481 -18.5797 -10.99
      vertex 6.83365 -18.8767 -10.99
      vertex 6.77803 -18.3549 -10.99
    endloop
  endfacet
  facet normal 0 0 1
    outer loop
      vertex 6.83365 -18.8767 -10.99
      vertex 6.481 -18.5797 -10.99
      vertex 6.71565 -18.9923 -10.99
    endloop
  endfacet
  facet normal -0 0 1
    outer loop
      vertex 6.29385 -18.9713 -10.99
      vertex 6.71565 -18.9923 -10.99
      vertex 6.481 -18.5797 -10.99
    endloop
  endfacet
  facet normal 0 0 1
    outer loop
      vertex 6.22061 -19.5467 -10.99
      vertex 6.58273 -19.3687 -10.99
      vertex 6.29385 -18.9713 -10.99
    endloop
  endfacet
  facet normal 0 0 1
    outer loop
      vertex 6.63293 -19.1493 -10.99
      vertex 6.29385 -18.9713 -10.99
      vertex 6.58273 -19.3687 -10.99
    endloop
  endfacet
  facet normal 0 0 1
    outer loop
      vertex 6.71565 -18.9923 -10.99
      vertex 6.29385 -18.9713 -10.99
      vertex 6.63293 -19.1493 -10.99
    endloop
  endfacet
  facet normal -0 0 1
    outer loop
      vertex 7.56601 -19.7555 -10.99
      vertex 7.91457 -19.7705 -10.99
      vertex 7.65756 -19.5318 -10.99
    endloop
  endfacet
  facet normal 0 0 1
    outer loop
      vertex 7.91457 -19.7705 -10.99
      vertex 7.56601 -19.7555 -10.99
      vertex 7.72572 -20.0034 -10.99
    endloop
  endfacet
  facet normal -0 0 1
    outer loop
      vertex 7.42122 -19.9424 -10.99
      vertex 7.72572 -20.0034 -10.99
      vertex 7.56601 -19.7555 -10.99
    endloop
  endfacet
  facet normal -0 0 1
    outer loop
      vertex 7.231 -20.0851 -10.99
      vertex 7.43852 -20.2059 -10.99
      vertex 7.42122 -19.9424 -10.99
    endloop
  endfacet
  facet normal 0 0 1
    outer loop
      vertex 7.72572 -20.0034 -10.99
      vertex 7.42122 -19.9424 -10.99
      vertex 7.43852 -20.2059 -10.99
    endloop
  endfacet
  facet normal 0 0 1
    outer loop
      vertex 8.01627 -20.947 -10.99
      vertex 7.67146 -20.8392 -10.99
      vertex 7.69893 -20.9735 -10.99
    endloop
  endfacet
  facet normal 0 0 1
    outer loop
      vertex 7.88474 -20.3618 -10.99
      vertex 7.58908 -20.7565 -10.99
      vertex 7.67146 -20.8392 -10.99
    endloop
  endfacet
  facet normal 0 0 1
    outer loop
      vertex 7.70198 -20.2652 -10.99
      vertex 7.45242 -20.7137 -10.99
      vertex 7.58908 -20.7565 -10.99
    endloop
  endfacet
  facet normal 0 0 1
    outer loop
      vertex 7.43852 -20.2221 -10.99
      vertex 7.45242 -20.7137 -10.99
      vertex 7.70198 -20.2652 -10.99
    endloop
  endfacet
  facet normal 0 0 1
    outer loop
      vertex 7.43852 -20.2059 -10.99
      vertex 7.231 -20.0851 -10.99
      vertex 7.43852 -20.2221 -10.99
    endloop
  endfacet
  facet normal -0 0 1
    outer loop
      vertex 7.01503 -20.1757 -10.99
      vertex 7.43852 -20.2221 -10.99
      vertex 7.231 -20.0851 -10.99
    endloop
  endfacet
  facet normal 0 0 1
    outer loop
      vertex 7.43852 -20.2221 -10.99
      vertex 7.26221 -20.6995 -10.99
      vertex 7.45242 -20.7137 -10.99
    endloop
  endfacet
  facet normal 0 0 1
    outer loop
      vertex 7.43852 -20.2221 -10.99
      vertex 7.01503 -20.1757 -10.99
      vertex 7.26221 -20.6995 -10.99
    endloop
  endfacet
  facet normal -0 0 1
    outer loop
      vertex 6.79292 -20.2059 -10.99
      vertex 7.26221 -20.6995 -10.99
      vertex 7.01503 -20.1757 -10.99
    endloop
  endfacet
  facet normal -0 0 1
    outer loop
      vertex 6.55153 -20.2059 -10.99
      vertex 7.26221 -20.6995 -10.99
      vertex 6.79292 -20.2059 -10.99
    endloop
  endfacet
  facet normal 0 0 1
    outer loop
      vertex 6.58273 -19.3687 -10.99
      vertex 6.22061 -19.5467 -10.99
      vertex 6.56236 -19.6715 -10.99
    endloop
  endfacet
  facet normal 0 0 1
    outer loop
      vertex 6.20976 -20.2059 -10.99
      vertex 6.56236 -19.6715 -10.99
      vertex 6.22061 -19.5467 -10.99
    endloop
  endfacet
  facet normal 0 0 1
    outer loop
      vertex 6.56236 -19.6715 -10.99
      vertex 6.20976 -20.2059 -10.99
      vertex 6.55153 -20.2059 -10.99
    endloop
  endfacet
  facet normal 0 0 1
    outer loop
      vertex 5.99817 -20.6995 -10.99
      vertex 6.55153 -20.2059 -10.99
      vertex 6.20976 -20.2059 -10.99
    endloop
  endfacet
  facet normal 0 0 1
    outer loop
      vertex 5.99817 -20.6995 -10.99
      vertex 6.20976 -20.2059 -10.99
      vertex 6.04973 -20.2059 -10.99
    endloop
  endfacet
  facet normal 0 0 1
    outer loop
      vertex 6.55153 -20.2059 -10.99
      vertex 5.99817 -20.6995 -10.99
      vertex 7.26221 -20.6995 -10.99
    endloop
  endfacet
  facet normal 0 0 1
    outer loop
      vertex 5.74255 -20.1679 -10.99
      vertex 5.99817 -20.6995 -10.99
      vertex 6.04973 -20.2059 -10.99
    endloop
  endfacet
  facet normal 0 0 1
    outer loop
      vertex 5.74255 -20.1679 -10.99
      vertex 5.57471 -20.6297 -10.99
      vertex 5.99817 -20.6995 -10.99
    endloop
  endfacet
  facet normal 0 0 1
    outer loop
      vertex 5.26448 -20.4201 -10.99
      vertex 5.74255 -20.1679 -10.99
      vertex 5.53709 -20.0539 -10.99
    endloop
  endfacet
  facet normal 0 0 1
    outer loop
      vertex 5.07426 -20.0722 -10.99
      vertex 5.53709 -20.0539 -10.99
      vertex 5.42111 -19.8586 -10.99
    endloop
  endfacet
  facet normal 0 0 1
    outer loop
      vertex 5.74255 -20.1679 -10.99
      vertex 5.26448 -20.4201 -10.99
      vertex 5.57471 -20.6297 -10.99
    endloop
  endfacet
  facet normal -0 0 1
    outer loop
      vertex 5.01085 -19.5874 -10.99
      vertex 5.42111 -19.8586 -10.99
      vertex 5.38245 -19.5765 -10.99
    endloop
  endfacet
  facet normal 0 0 1
    outer loop
      vertex 7.67146 -20.8392 -10.99
      vertex 8.02711 -20.7565 -10.99
      vertex 7.99153 -20.5222 -10.99
    endloop
  endfacet
  facet normal -0 0 1
    outer loop
      vertex 7.67146 -20.8392 -10.99
      vertex 8.01627 -20.947 -10.99
      vertex 8.02711 -20.7565 -10.99
    endloop
  endfacet
  facet normal 0 0 1
    outer loop
      vertex 7.67146 -20.8392 -10.99
      vertex 7.99153 -20.5222 -10.99
      vertex 7.88474 -20.3618 -10.99
    endloop
  endfacet
  facet normal 0 0 1
    outer loop
      vertex 7.58908 -20.7565 -10.99
      vertex 7.88474 -20.3618 -10.99
      vertex 7.70198 -20.2652 -10.99
    endloop
  endfacet
  facet normal 0 0 1
    outer loop
      vertex 8.01627 -20.947 -10.99
      vertex 7.69893 -20.9735 -10.99
      vertex 7.98373 -21.1335 -10.99
    endloop
  endfacet
  facet normal -0 0 1
    outer loop
      vertex 7.69418 -21.0488 -10.99
      vertex 7.98373 -21.1335 -10.99
      vertex 7.69893 -20.9735 -10.99
    endloop
  endfacet
  facet normal 0 0 1
    outer loop
      vertex 7.98373 -21.1335 -10.99
      vertex 7.69418 -21.0488 -10.99
      vertex 7.67993 -21.1335 -10.99
    endloop
  endfacet
  facet normal 0 0 1
    outer loop
      vertex 5.80289 -18.4102 -10.99
      vertex 5.63812 -18.9798 -10.99
      vertex 5.84901 -18.9201 -10.99
    endloop
  endfacet
  facet normal -0 0 1
    outer loop
      vertex 5.20886 -18.7669 -10.99
      vertex 5.63812 -18.9798 -10.99
      vertex 5.80289 -18.4102 -10.99
    endloop
  endfacet
  facet normal 0 0 1
    outer loop
      vertex 5.01085 -19.5874 -10.99
      vertex 5.38245 -19.5765 -10.99
      vertex 5.41026 -19.2931 -10.99
    endloop
  endfacet
  facet normal 0 0 1
    outer loop
      vertex 5.63812 -18.9798 -10.99
      vertex 5.20886 -18.7669 -10.99
      vertex 5.49368 -19.0991 -10.99
    endloop
  endfacet
  facet normal 0 0 1
    outer loop
      vertex 5.20886 -18.7669 -10.99
      vertex 5.41026 -19.2931 -10.99
      vertex 5.49368 -19.0991 -10.99
    endloop
  endfacet
  facet normal 0 0 1
    outer loop
      vertex 5.01085 -19.5874 -10.99
      vertex 5.41026 -19.2931 -10.99
      vertex 5.20886 -18.7669 -10.99
    endloop
  endfacet
  facet normal 0 0 1
    outer loop
      vertex 5.42111 -19.8586 -10.99
      vertex 5.01085 -19.5874 -10.99
      vertex 5.07426 -20.0722 -10.99
    endloop
  endfacet
  facet normal 0 0 1
    outer loop
      vertex 5.53709 -20.0539 -10.99
      vertex 5.07426 -20.0722 -10.99
      vertex 5.26448 -20.4201 -10.99
    endloop
  endfacet
  facet normal 0 0 1
    outer loop
      vertex 8.02171 -22.3416 -10.99
      vertex 7.59515 -22.1761 -10.99
      vertex 7.66093 -22.507 -10.99
    endloop
  endfacet
  facet normal 0 0 1
    outer loop
      vertex 7.93222 -21.8733 -10.99
      vertex 7.39784 -21.9591 -10.99
      vertex 7.59515 -22.1761 -10.99
    endloop
  endfacet
  facet normal 0 0 1
    outer loop
      vertex 7.20322 -21.358 -10.99
      vertex 7.39784 -21.9591 -10.99
      vertex 7.66368 -21.5482 -10.99
    endloop
  endfacet
  facet normal 0 0 1
    outer loop
      vertex 7.20322 -21.358 -10.99
      vertex 7.04996 -21.8391 -10.99
      vertex 7.39784 -21.9591 -10.99
    endloop
  endfacet
  facet normal 0 0 1
    outer loop
      vertex 6.53796 -21.2946 -10.99
      vertex 7.04996 -21.8391 -10.99
      vertex 7.20322 -21.358 -10.99
    endloop
  endfacet
  facet normal 0 0 1
    outer loop
      vertex 6.53796 -21.2946 -10.99
      vertex 6.53253 -21.7991 -10.99
      vertex 7.04996 -21.8391 -10.99
    endloop
  endfacet
  facet normal 0 0 1
    outer loop
      vertex 6.53796 -21.2946 -10.99
      vertex 6.00902 -21.8418 -10.99
      vertex 6.53253 -21.7991 -10.99
    endloop
  endfacet
  facet normal -0 0 1
    outer loop
      vertex 5.86154 -21.3627 -10.99
      vertex 6.00902 -21.8418 -10.99
      vertex 6.53796 -21.2946 -10.99
    endloop
  endfacet
  facet normal 0 0 1
    outer loop
      vertex 5.86154 -21.3627 -10.99
      vertex 5.65369 -21.97 -10.99
      vertex 6.00902 -21.8418 -10.99
    endloop
  endfacet
  facet normal -0 0 1
    outer loop
      vertex 5.38925 -21.5672 -10.99
      vertex 5.65369 -21.97 -10.99
      vertex 5.86154 -21.3627 -10.99
    endloop
  endfacet
  facet normal -0 0 1
    outer loop
      vertex 5.11154 -21.9106 -10.99
      vertex 5.65369 -21.97 -10.99
      vertex 5.38925 -21.5672 -10.99
    endloop
  endfacet
  facet normal 0 0 1
    outer loop
      vertex 5.65369 -21.97 -10.99
      vertex 5.11154 -21.9106 -10.99
      vertex 5.45026 -22.1917 -10.99
    endloop
  endfacet
  facet normal 0 0 1
    outer loop
      vertex 5.01897 -22.3958 -10.99
      vertex 5.45026 -22.1917 -10.99
      vertex 5.11154 -21.9106 -10.99
    endloop
  endfacet
  facet normal 0 -0 1
    outer loop
      vertex 5.05457 -22.6871 -10.99
      vertex 5.38245 -22.5152 -10.99
      vertex 5.01897 -22.3958 -10.99
    endloop
  endfacet
  facet normal 0 0 1
    outer loop
      vertex 5.45026 -22.1917 -10.99
      vertex 5.01897 -22.3958 -10.99
      vertex 5.38245 -22.5152 -10.99
    endloop
  endfacet
  facet normal 0 -0 1
    outer loop
      vertex 5.16136 -22.937 -10.99
      vertex 5.38245 -22.5152 -10.99
      vertex 5.05457 -22.6871 -10.99
    endloop
  endfacet
  facet normal 0 0 1
    outer loop
      vertex 5.38245 -22.5152 -10.99
      vertex 5.16136 -22.937 -10.99
      vertex 5.33395 -23.1401 -10.99
    endloop
  endfacet
  facet normal -0 0 1
    outer loop
      vertex 7.59515 -22.1761 -10.99
      vertex 8.02171 -22.3416 -10.99
      vertex 7.93222 -21.8733 -10.99
    endloop
  endfacet
  facet normal 0 0 1
    outer loop
      vertex 8.02171 -22.3416 -10.99
      vertex 7.66093 -22.507 -10.99
      vertex 7.98613 -22.644 -10.99
    endloop
  endfacet
  facet normal 0 0 1
    outer loop
      vertex 7.62703 -22.7247 -10.99
      vertex 7.98613 -22.644 -10.99
      vertex 7.66093 -22.507 -10.99
    endloop
  endfacet
  facet normal 0 0 1
    outer loop
      vertex 7.39784 -21.9591 -10.99
      vertex 7.93222 -21.8733 -10.99
      vertex 7.66368 -21.5482 -10.99
    endloop
  endfacet
  facet normal 0 0 1
    outer loop
      vertex 7.98613 -22.644 -10.99
      vertex 7.62703 -22.7247 -10.99
      vertex 7.87933 -22.9058 -10.99
    endloop
  endfacet
  facet normal 0 0 1
    outer loop
      vertex 7.52533 -22.9166 -10.99
      vertex 7.87933 -22.9058 -10.99
      vertex 7.62703 -22.7247 -10.99
    endloop
  endfacet
  facet normal 0 0 1
    outer loop
      vertex 7.87933 -22.9058 -10.99
      vertex 7.52533 -22.9166 -10.99
      vertex 7.70198 -23.1214 -10.99
    endloop
  endfacet
  facet normal -0 0 1
    outer loop
      vertex 7.3602 -23.0753 -10.99
      vertex 7.70198 -23.1214 -10.99
      vertex 7.52533 -22.9166 -10.99
    endloop
  endfacet
  facet normal -0 0 1
    outer loop
      vertex 7.13609 -23.1933 -10.99
      vertex 7.4548 -23.2855 -10.99
      vertex 7.3602 -23.0753 -10.99
    endloop
  endfacet
  facet normal 0 0 1
    outer loop
      vertex 7.70198 -23.1214 -10.99
      vertex 7.3602 -23.0753 -10.99
      vertex 7.4548 -23.2855 -10.99
    endloop
  endfacet
  facet normal 0 0 1
    outer loop
      vertex 8.67131 -22.1232 -10.99
      vertex 9.10567 -22.1164 -10.99
      vertex 8.96428 -21.7828 -10.99
    endloop
  endfacet
  facet normal 0 0 1
    outer loop
      vertex 9.10567 -22.1164 -10.99
      vertex 8.75372 -22.3161 -10.99
      vertex 9.15279 -22.5477 -10.99
    endloop
  endfacet
  facet normal 0 0 1
    outer loop
      vertex 8.56758 -23.1085 -10.99
      vertex 9.15279 -22.5477 -10.99
      vertex 8.78119 -22.5613 -10.99
    endloop
  endfacet
  facet normal 0 0 1
    outer loop
      vertex 9.15279 -22.5477 -10.99
      vertex 8.75372 -22.3161 -10.99
      vertex 8.78119 -22.5613 -10.99
    endloop
  endfacet
  facet normal 0 0 1
    outer loop
      vertex 8.53807 -21.9859 -10.99
      vertex 8.96428 -21.7828 -10.99
      vertex 8.73608 -21.5489 -10.99
    endloop
  endfacet
  facet normal 0 0 1
    outer loop
      vertex 9.10567 -22.1164 -10.99
      vertex 8.67131 -22.1232 -10.99
      vertex 8.75372 -22.3161 -10.99
    endloop
  endfacet
  facet normal 0 0 1
    outer loop
      vertex 8.96428 -21.7828 -10.99
      vertex 8.53807 -21.9859 -10.99
      vertex 8.67131 -22.1232 -10.99
    endloop
  endfacet
  facet normal 0 0 1
    outer loop
      vertex 8.35803 -21.9076 -10.99
      vertex 8.73608 -21.5489 -10.99
      vertex 8.42856 -21.4166 -10.99
    endloop
  endfacet
  facet normal 0 0 1
    outer loop
      vertex 8.73608 -21.5489 -10.99
      vertex 8.35803 -21.9076 -10.99
      vertex 8.53807 -21.9859 -10.99
    endloop
  endfacet
  facet normal 0 0 1
    outer loop
      vertex 9.15279 -22.5477 -10.99
      vertex 8.56758 -23.1085 -10.99
      vertex 8.84357 -23.4693 -10.99
    endloop
  endfacet
  facet normal 0 0 1
    outer loop
      vertex 7.91592 -23.7765 -10.99
      vertex 8.56758 -23.1085 -10.99
      vertex 7.92677 -23.291 -10.99
    endloop
  endfacet
  facet normal 0 0 1
    outer loop
      vertex 8.56758 -23.1085 -10.99
      vertex 7.91592 -23.7765 -10.99
      vertex 8.84357 -23.4693 -10.99
    endloop
  endfacet
  facet normal -0 0 1
    outer loop
      vertex 7.4548 -23.291 -10.99
      vertex 7.91592 -23.7765 -10.99
      vertex 7.92677 -23.291 -10.99
    endloop
  endfacet
  facet normal 0 0 1
    outer loop
      vertex 7.4548 -23.2855 -10.99
      vertex 7.13609 -23.1933 -10.99
      vertex 7.4548 -23.291 -10.99
    endloop
  endfacet
  facet normal -0 0 1
    outer loop
      vertex 6.85838 -23.2665 -10.99
      vertex 7.4548 -23.291 -10.99
      vertex 7.13609 -23.1933 -10.99
    endloop
  endfacet
  facet normal 0 0 1
    outer loop
      vertex 7.4548 -23.291 -10.99
      vertex 6.85838 -23.2665 -10.99
      vertex 7.91592 -23.7765 -10.99
    endloop
  endfacet
  facet normal -0 0 1
    outer loop
      vertex 6.53253 -23.291 -10.99
      vertex 7.91592 -23.7765 -10.99
      vertex 6.85838 -23.2665 -10.99
    endloop
  endfacet
  facet normal 0 0 1
    outer loop
      vertex 5.67268 -23.7765 -10.99
      vertex 6.53253 -23.291 -10.99
      vertex 6.19923 -23.2665 -10.99
    endloop
  endfacet
  facet normal 0 0 1
    outer loop
      vertex 5.67268 -23.7765 -10.99
      vertex 6.19923 -23.2665 -10.99
      vertex 5.91545 -23.1933 -10.99
    endloop
  endfacet
  facet normal 0 0 1
    outer loop
      vertex 6.53253 -23.291 -10.99
      vertex 5.67268 -23.7765 -10.99
      vertex 7.91592 -23.7765 -10.99
    endloop
  endfacet
  facet normal 0 0 1
    outer loop
      vertex 5.56689 -23.291 -10.99
      vertex 5.91545 -23.1933 -10.99
      vertex 5.68692 -23.0756 -10.99
    endloop
  endfacet
  facet normal 0 0 1
    outer loop
      vertex 5.91545 -23.1933 -10.99
      vertex 5.56689 -23.291 -10.99
      vertex 5.56689 -23.2964 -10.99
    endloop
  endfacet
  facet normal 0 0 1
    outer loop
      vertex 5.33395 -23.1401 -10.99
      vertex 5.68692 -23.0756 -10.99
      vertex 5.51945 -22.918 -10.99
    endloop
  endfacet
  facet normal 0 0 1
    outer loop
      vertex 5.33395 -23.1401 -10.99
      vertex 5.51945 -22.918 -10.99
      vertex 5.4167 -22.7285 -10.99
    endloop
  endfacet
  facet normal 0 0 1
    outer loop
      vertex 5.68692 -23.0756 -10.99
      vertex 5.33395 -23.1401 -10.99
      vertex 5.56689 -23.291 -10.99
    endloop
  endfacet
  facet normal 0 0 1
    outer loop
      vertex 5.33395 -23.1401 -10.99
      vertex 5.4167 -22.7285 -10.99
      vertex 5.38245 -22.5152 -10.99
    endloop
  endfacet
  facet normal 0 0 1
    outer loop
      vertex 5.91545 -23.1933 -10.99
      vertex 5.56689 -23.2964 -10.99
      vertex 5.67268 -23.7765 -10.99
    endloop
  endfacet
  facet normal -0 0 1
    outer loop
      vertex 5.45569 -23.2991 -10.99
      vertex 5.67268 -23.7765 -10.99
      vertex 5.56689 -23.2964 -10.99
    endloop
  endfacet
  facet normal 0 0 1
    outer loop
      vertex 5.45569 -23.2991 -10.99
      vertex 5.29022 -23.7805 -10.99
      vertex 5.67268 -23.7765 -10.99
    endloop
  endfacet
  facet normal -0 0 1
    outer loop
      vertex 5.28481 -23.3072 -10.99
      vertex 5.29022 -23.7805 -10.99
      vertex 5.45569 -23.2991 -10.99
    endloop
  endfacet
  facet normal -0 0 1
    outer loop
      vertex 5.12952 -23.3181 -10.99
      vertex 5.29022 -23.7805 -10.99
      vertex 5.28481 -23.3072 -10.99
    endloop
  endfacet
  facet normal 0 0 1
    outer loop
      vertex 5.06509 -23.7928 -10.99
      vertex 5.12952 -23.3181 -10.99
      vertex 5.06509 -23.3289 -10.99
    endloop
  endfacet
  facet normal 0 0 1
    outer loop
      vertex 5.12952 -23.3181 -10.99
      vertex 5.06509 -23.7928 -10.99
      vertex 5.29022 -23.7805 -10.99
    endloop
  endfacet
  facet normal 0 0 -1
    outer loop
      vertex 4.61412 -12.5622 -11.49
      vertex 5.16817 -12.3282 -11.49
      vertex 5.02168 -12.8219 -11.49
    endloop
  endfacet
  facet normal -0 0 -1
    outer loop
      vertex 5.16817 -12.3282 -11.49
      vertex 4.61412 -12.5622 -11.49
      vertex 4.88673 -12.1346 -11.49
    endloop
  endfacet
  facet normal 0 0 -1
    outer loop
      vertex 4.3354 -12.2116 -11.49
      vertex 4.88673 -12.1346 -11.49
      vertex 4.61412 -12.5622 -11.49
    endloop
  endfacet
  facet normal -0 0 -1
    outer loop
      vertex 4.88673 -12.1346 -11.49
      vertex 4.3354 -12.2116 -11.49
      vertex 4.69348 -11.8793 -11.49
    endloop
  endfacet
  facet normal 0 0 -1
    outer loop
      vertex 4.1747 -11.7559 -11.49
      vertex 4.69348 -11.8793 -11.49
      vertex 4.3354 -12.2116 -11.49
    endloop
  endfacet
  facet normal 0 0 -1
    outer loop
      vertex 4.69348 -11.8793 -11.49
      vertex 4.1747 -11.7559 -11.49
      vertex 4.58159 -11.5582 -11.49
    endloop
  endfacet
  facet normal -0 0 -1
    outer loop
      vertex 8.05423 -11.2053 -11.49
      vertex 7.60533 -11.567 -11.49
      vertex 7.6338 -11.2053 -11.49
    endloop
  endfacet
  facet normal 0 0 -1
    outer loop
      vertex 7.88474 -12.1614 -11.49
      vertex 7.51988 -11.9037 -11.49
      vertex 7.60533 -11.567 -11.49
    endloop
  endfacet
  facet normal 0 0 -1
    outer loop
      vertex 7.21069 -12.4286 -11.49
      vertex 7.68028 -12.5679 -11.49
      vertex 7.40596 -12.906 -11.49
    endloop
  endfacet
  facet normal -0 0 -1
    outer loop
      vertex 7.88474 -12.1614 -11.49
      vertex 7.38562 -12.197 -11.49
      vertex 7.51988 -11.9037 -11.49
    endloop
  endfacet
  facet normal 0 0 -1
    outer loop
      vertex 7.68028 -12.5679 -11.49
      vertex 7.21069 -12.4286 -11.49
      vertex 7.38562 -12.197 -11.49
    endloop
  endfacet
  facet normal 0 0 -1
    outer loop
      vertex 7.40596 -12.906 -11.49
      vertex 6.52168 -12.4286 -11.49
      vertex 7.21069 -12.4286 -11.49
    endloop
  endfacet
  facet normal 0 0 -1
    outer loop
      vertex 6.08769 -12.906 -11.49
      vertex 6.52168 -12.4286 -11.49
      vertex 7.40596 -12.906 -11.49
    endloop
  endfacet
  facet normal 0 0 -1
    outer loop
      vertex 6.08769 -11.2866 -11.49
      vertex 6.52168 -12.4286 -11.49
      vertex 6.08769 -12.906 -11.49
    endloop
  endfacet
  facet normal 0 0 -1
    outer loop
      vertex 6.52168 -12.4286 -11.49
      vertex 6.08769 -11.2866 -11.49
      vertex 6.52168 -11.2866 -11.49
    endloop
  endfacet
  facet normal 0 0 -1
    outer loop
      vertex 7.60533 -11.567 -11.49
      vertex 8.05423 -11.2053 -11.49
      vertex 8.01186 -11.702 -11.49
    endloop
  endfacet
  facet normal 0 0 -1
    outer loop
      vertex 7.60533 -11.567 -11.49
      vertex 8.01186 -11.702 -11.49
      vertex 7.88474 -12.1614 -11.49
    endloop
  endfacet
  facet normal 0 0 -1
    outer loop
      vertex 8.05423 -11.2053 -11.49
      vertex 7.6338 -11.2053 -11.49
      vertex 7.99458 -10.6472 -11.49
    endloop
  endfacet
  facet normal 0 0 -1
    outer loop
      vertex 7.38562 -12.197 -11.49
      vertex 7.88474 -12.1614 -11.49
      vertex 7.68028 -12.5679 -11.49
    endloop
  endfacet
  facet normal 0 0 -1
    outer loop
      vertex 7.52904 -10.62 -11.49
      vertex 7.99458 -10.6472 -11.49
      vertex 7.6338 -11.2053 -11.49
    endloop
  endfacet
  facet normal 0 0 -1
    outer loop
      vertex 7.99458 -10.6472 -11.49
      vertex 7.52904 -10.62 -11.49
      vertex 7.81557 -10.1718 -11.49
    endloop
  endfacet
  facet normal 0 0 -1
    outer loop
      vertex 7.21472 -10.1772 -11.49
      vertex 7.81557 -10.1718 -11.49
      vertex 7.52904 -10.62 -11.49
    endloop
  endfacet
  facet normal -0 0 -1
    outer loop
      vertex 7.81557 -10.1718 -11.49
      vertex 7.21472 -10.1772 -11.49
      vertex 7.52429 -9.78899 -11.49
    endloop
  endfacet
  facet normal 0 0 -1
    outer loop
      vertex 7.21472 -10.1772 -11.49
      vertex 7.12793 -9.50859 -11.49
      vertex 7.52429 -9.78899 -11.49
    endloop
  endfacet
  facet normal 0 0 -1
    outer loop
      vertex 6.71936 -9.8985 -11.49
      vertex 7.12793 -9.50859 -11.49
      vertex 7.21472 -10.1772 -11.49
    endloop
  endfacet
  facet normal 0 0 -1
    outer loop
      vertex 6.71936 -9.8985 -11.49
      vertex 6.63934 -9.33669 -11.49
      vertex 7.12793 -9.50859 -11.49
    endloop
  endfacet
  facet normal 0 0 -1
    outer loop
      vertex 6.07141 -9.80559 -11.49
      vertex 6.63934 -9.33669 -11.49
      vertex 6.71936 -9.8985 -11.49
    endloop
  endfacet
  facet normal 0 0 -1
    outer loop
      vertex 6.07141 -9.80559 -11.49
      vertex 6.07141 -9.27939 -11.49
      vertex 6.63934 -9.33669 -11.49
    endloop
  endfacet
  facet normal 0 0 -1
    outer loop
      vertex 5.42619 -9.89307 -11.49
      vertex 6.07141 -9.27939 -11.49
      vertex 6.07141 -9.80559 -11.49
    endloop
  endfacet
  facet normal 0 0 -1
    outer loop
      vertex 5.42619 -9.89307 -11.49
      vertex 5.24615 -9.40416 -11.49
      vertex 6.07141 -9.27939 -11.49
    endloop
  endfacet
  facet normal 0 0 -1
    outer loop
      vertex 4.94441 -10.1555 -11.49
      vertex 5.24615 -9.40416 -11.49
      vertex 5.42619 -9.89307 -11.49
    endloop
  endfacet
  facet normal 0 0 -1
    outer loop
      vertex 4.24861 -10.3786 -11.49
      vertex 4.94441 -10.1555 -11.49
      vertex 4.64432 -10.5834 -11.49
    endloop
  endfacet
  facet normal 0 0 -1
    outer loop
      vertex 4.94441 -10.1555 -11.49
      vertex 4.63109 -9.77847 -11.49
      vertex 5.24615 -9.40416 -11.49
    endloop
  endfacet
  facet normal 0 0 -1
    outer loop
      vertex 4.12112 -11.1808 -11.49
      vertex 4.64432 -10.5834 -11.49
      vertex 4.54428 -11.1673 -11.49
    endloop
  endfacet
  facet normal 0 0 -1
    outer loop
      vertex 4.12112 -11.1808 -11.49
      vertex 4.58159 -11.5582 -11.49
      vertex 4.1747 -11.7559 -11.49
    endloop
  endfacet
  facet normal -0 0 -1
    outer loop
      vertex 4.64432 -10.5834 -11.49
      vertex 4.12112 -11.1808 -11.49
      vertex 4.24861 -10.3786 -11.49
    endloop
  endfacet
  facet normal 0 0 -1
    outer loop
      vertex 4.58159 -11.5582 -11.49
      vertex 4.12112 -11.1808 -11.49
      vertex 4.54428 -11.1673 -11.49
    endloop
  endfacet
  facet normal -0 0 -1
    outer loop
      vertex 4.94441 -10.1555 -11.49
      vertex 4.24861 -10.3786 -11.49
      vertex 4.63109 -9.77847 -11.49
    endloop
  endfacet
  facet normal -0 0 -1
    outer loop
      vertex 6.26672 -34.5356 -11.49
      vertex 5.79984 -34.8811 -11.49
      vertex 5.84357 -34.5247 -11.49
    endloop
  endfacet
  facet normal 0 0 -1
    outer loop
      vertex 5.46008 -35.313 -11.49
      vertex 5.92053 -35.4141 -11.49
      vertex 5.72829 -35.6653 -11.49
    endloop
  endfacet
  facet normal -0 0 -1
    outer loop
      vertex 6.03889 -35.0699 -11.49
      vertex 5.66861 -35.1472 -11.49
      vertex 5.79984 -34.8811 -11.49
    endloop
  endfacet
  facet normal 0 0 -1
    outer loop
      vertex 5.46008 -35.313 -11.49
      vertex 5.72829 -35.6653 -11.49
      vertex 5.46484 -35.8189 -11.49
    endloop
  endfacet
  facet normal 0 0 -1
    outer loop
      vertex 5.92053 -35.4141 -11.49
      vertex 5.46008 -35.313 -11.49
      vertex 5.66861 -35.1472 -11.49
    endloop
  endfacet
  facet normal 0 0 -1
    outer loop
      vertex 5.46484 -35.8189 -11.49
      vertex 5.18445 -35.3683 -11.49
      vertex 5.46008 -35.313 -11.49
    endloop
  endfacet
  facet normal 0 0 -1
    outer loop
      vertex 5.13289 -35.8701 -11.49
      vertex 5.18445 -35.3683 -11.49
      vertex 5.46484 -35.8189 -11.49
    endloop
  endfacet
  facet normal 0 0 -1
    outer loop
      vertex 5.13289 -35.8701 -11.49
      vertex 4.91014 -35.3232 -11.49
      vertex 5.18445 -35.3683 -11.49
    endloop
  endfacet
  facet normal 0 0 -1
    outer loop
      vertex 4.70805 -35.7905 -11.49
      vertex 4.91014 -35.3232 -11.49
      vertex 5.13289 -35.8701 -11.49
    endloop
  endfacet
  facet normal 0 0 -1
    outer loop
      vertex 4.38832 -35.5514 -11.49
      vertex 4.91014 -35.3232 -11.49
      vertex 4.70805 -35.7905 -11.49
    endloop
  endfacet
  facet normal -0 0 -1
    outer loop
      vertex 4.91014 -35.3232 -11.49
      vertex 4.38832 -35.5514 -11.49
      vertex 4.70024 -35.1879 -11.49
    endloop
  endfacet
  facet normal 0 0 -1
    outer loop
      vertex 4.70024 -35.1879 -11.49
      vertex 4.18793 -35.1686 -11.49
      vertex 4.56699 -34.9638 -11.49
    endloop
  endfacet
  facet normal 0 0 -1
    outer loop
      vertex 4.18793 -35.1686 -11.49
      vertex 4.70024 -35.1879 -11.49
      vertex 4.38832 -35.5514 -11.49
    endloop
  endfacet
  facet normal -0 0 -1
    outer loop
      vertex 8.05423 -34.6793 -11.49
      vertex 7.60466 -35.0085 -11.49
      vertex 7.65009 -34.6793 -11.49
    endloop
  endfacet
  facet normal -0 0 -1
    outer loop
      vertex 7.98169 -35.2313 -11.49
      vertex 7.46837 -35.2584 -11.49
      vertex 7.60466 -35.0085 -11.49
    endloop
  endfacet
  facet normal 0 0 -1
    outer loop
      vertex 7.24254 -35.4161 -11.49
      vertex 7.76401 -35.6395 -11.49
      vertex 7.41409 -35.8918 -11.49
    endloop
  endfacet
  facet normal 0 0 -1
    outer loop
      vertex 7.76401 -35.6395 -11.49
      vertex 7.24254 -35.4161 -11.49
      vertex 7.46837 -35.2584 -11.49
    endloop
  endfacet
  facet normal 0 0 -1
    outer loop
      vertex 6.94485 -35.9759 -11.49
      vertex 7.24254 -35.4161 -11.49
      vertex 7.41409 -35.8918 -11.49
    endloop
  endfacet
  facet normal 0 0 -1
    outer loop
      vertex 6.94485 -35.9759 -11.49
      vertex 6.92857 -35.4687 -11.49
      vertex 7.24254 -35.4161 -11.49
    endloop
  endfacet
  facet normal 0 0 -1
    outer loop
      vertex 6.60985 -35.9162 -11.49
      vertex 6.92857 -35.4687 -11.49
      vertex 6.94485 -35.9759 -11.49
    endloop
  endfacet
  facet normal -0 0 -1
    outer loop
      vertex 6.92857 -35.4687 -11.49
      vertex 6.60985 -35.9162 -11.49
      vertex 6.65089 -35.4086 -11.49
    endloop
  endfacet
  facet normal 0 0 -1
    outer loop
      vertex 6.33725 -35.7372 -11.49
      vertex 6.65089 -35.4086 -11.49
      vertex 6.60985 -35.9162 -11.49
    endloop
  endfacet
  facet normal -0 0 -1
    outer loop
      vertex 6.65089 -35.4086 -11.49
      vertex 6.33725 -35.7372 -11.49
      vertex 6.44168 -35.2286 -11.49
    endloop
  endfacet
  facet normal 0 0 -1
    outer loop
      vertex 6.14467 -35.451 -11.49
      vertex 6.44168 -35.2286 -11.49
      vertex 6.33725 -35.7372 -11.49
    endloop
  endfacet
  facet normal 0 0 -1
    outer loop
      vertex 6.04973 -35.0699 -11.49
      vertex 6.44168 -35.2286 -11.49
      vertex 6.14467 -35.451 -11.49
    endloop
  endfacet
  facet normal 0 0 -1
    outer loop
      vertex 6.44168 -35.2286 -11.49
      vertex 6.04973 -35.0699 -11.49
      vertex 6.31047 -34.9353 -11.49
    endloop
  endfacet
  facet normal 0 0 -1
    outer loop
      vertex 5.79984 -34.8811 -11.49
      vertex 6.31047 -34.9353 -11.49
      vertex 6.04973 -35.0699 -11.49
    endloop
  endfacet
  facet normal 0 0 -1
    outer loop
      vertex 6.31047 -34.9353 -11.49
      vertex 5.79984 -34.8811 -11.49
      vertex 6.26672 -34.5356 -11.49
    endloop
  endfacet
  facet normal 0 0 -1
    outer loop
      vertex 5.79984 -34.8811 -11.49
      vertex 6.04973 -35.0699 -11.49
      vertex 6.03889 -35.0699 -11.49
    endloop
  endfacet
  facet normal 0 0 -1
    outer loop
      vertex 5.66861 -35.1472 -11.49
      vertex 6.03889 -35.0699 -11.49
      vertex 5.92053 -35.4141 -11.49
    endloop
  endfacet
  facet normal 0 0 -1
    outer loop
      vertex 6.26672 -34.5356 -11.49
      vertex 5.84357 -34.5247 -11.49
      vertex 6.26672 -34.2589 -11.49
    endloop
  endfacet
  facet normal -0 0 -1
    outer loop
      vertex 6.26672 -34.2589 -11.49
      vertex 5.84357 -34.5247 -11.49
      vertex 5.84357 -34.2589 -11.49
    endloop
  endfacet
  facet normal 0 0 -1
    outer loop
      vertex 7.60466 -35.0085 -11.49
      vertex 8.05423 -34.6793 -11.49
      vertex 7.98169 -35.2313 -11.49
    endloop
  endfacet
  facet normal 0 0 -1
    outer loop
      vertex 8.05423 -34.6793 -11.49
      vertex 7.65009 -34.6793 -11.49
      vertex 7.9888 -34.1575 -11.49
    endloop
  endfacet
  facet normal 0 0 -1
    outer loop
      vertex 7.46837 -35.2584 -11.49
      vertex 7.98169 -35.2313 -11.49
      vertex 7.76401 -35.6395 -11.49
    endloop
  endfacet
  facet normal 0 0 -1
    outer loop
      vertex 7.48056 -34.1036 -11.49
      vertex 7.9888 -34.1575 -11.49
      vertex 7.65009 -34.6793 -11.49
    endloop
  endfacet
  facet normal 0 0 -1
    outer loop
      vertex 7.9888 -34.1575 -11.49
      vertex 7.48056 -34.1036 -11.49
      vertex 7.79248 -33.753 -11.49
    endloop
  endfacet
  facet normal 0 0 -1
    outer loop
      vertex 7.48056 -34.1036 -11.49
      vertex 7.468 -33.4774 -11.49
      vertex 7.79248 -33.753 -11.49
    endloop
  endfacet
  facet normal 0 0 -1
    outer loop
      vertex 6.97197 -33.8466 -11.49
      vertex 7.468 -33.4774 -11.49
      vertex 7.48056 -34.1036 -11.49
    endloop
  endfacet
  facet normal -0 0 -1
    outer loop
      vertex 7.468 -33.4774 -11.49
      vertex 6.97197 -33.8466 -11.49
      vertex 7.01808 -33.3421 -11.49
    endloop
  endfacet
  facet normal 0 0 -1
    outer loop
      vertex 4.6989 -33.5316 -11.49
      vertex 5.1546 -33.8981 -11.49
      vertex 4.88741 -33.9724 -11.49
    endloop
  endfacet
  facet normal 0 0 -1
    outer loop
      vertex 5.1546 -33.8981 -11.49
      vertex 4.6989 -33.5316 -11.49
      vertex 5.11661 -33.4072 -11.49
    endloop
  endfacet
  facet normal 0 0 -1
    outer loop
      vertex 4.38425 -33.7964 -11.49
      vertex 4.88741 -33.9724 -11.49
      vertex 4.68805 -34.1301 -11.49
    endloop
  endfacet
  facet normal 0 0 -1
    outer loop
      vertex 4.1869 -34.1792 -11.49
      vertex 4.68805 -34.1301 -11.49
      vertex 4.56393 -34.3603 -11.49
    endloop
  endfacet
  facet normal 0 0 -1
    outer loop
      vertex 4.12112 -34.6576 -11.49
      vertex 4.56699 -34.9638 -11.49
      vertex 4.18793 -35.1686 -11.49
    endloop
  endfacet
  facet normal 0 0 -1
    outer loop
      vertex 4.88741 -33.9724 -11.49
      vertex 4.38425 -33.7964 -11.49
      vertex 4.6989 -33.5316 -11.49
    endloop
  endfacet
  facet normal 0 0 -1
    outer loop
      vertex 4.56699 -34.9638 -11.49
      vertex 4.12112 -34.6576 -11.49
      vertex 4.52257 -34.6522 -11.49
    endloop
  endfacet
  facet normal -0 0 -1
    outer loop
      vertex 4.52257 -34.6522 -11.49
      vertex 4.12112 -34.6576 -11.49
      vertex 4.56393 -34.3603 -11.49
    endloop
  endfacet
  facet normal 0 -0 -1
    outer loop
      vertex 4.1869 -34.1792 -11.49
      vertex 4.56393 -34.3603 -11.49
      vertex 4.12112 -34.6576 -11.49
    endloop
  endfacet
  facet normal -0 0 -1
    outer loop
      vertex 4.68805 -34.1301 -11.49
      vertex 4.1869 -34.1792 -11.49
      vertex 4.38425 -33.7964 -11.49
    endloop
  endfacet
  facet normal -0 0 -1
    outer loop
      vertex 6.26672 -31.5183 -11.49
      vertex 5.79984 -31.8638 -11.49
      vertex 5.84357 -31.5074 -11.49
    endloop
  endfacet
  facet normal 0 0 -1
    outer loop
      vertex 5.46008 -32.2957 -11.49
      vertex 5.92053 -32.3968 -11.49
      vertex 5.72829 -32.648 -11.49
    endloop
  endfacet
  facet normal -0 0 -1
    outer loop
      vertex 6.03889 -32.0526 -11.49
      vertex 5.66861 -32.1299 -11.49
      vertex 5.79984 -31.8638 -11.49
    endloop
  endfacet
  facet normal 0 0 -1
    outer loop
      vertex 5.46008 -32.2957 -11.49
      vertex 5.72829 -32.648 -11.49
      vertex 5.46484 -32.8016 -11.49
    endloop
  endfacet
  facet normal 0 0 -1
    outer loop
      vertex 5.92053 -32.3968 -11.49
      vertex 5.46008 -32.2957 -11.49
      vertex 5.66861 -32.1299 -11.49
    endloop
  endfacet
  facet normal 0 0 -1
    outer loop
      vertex 5.46484 -32.8016 -11.49
      vertex 5.18445 -32.351 -11.49
      vertex 5.46008 -32.2957 -11.49
    endloop
  endfacet
  facet normal 0 0 -1
    outer loop
      vertex 5.13289 -32.8528 -11.49
      vertex 5.18445 -32.351 -11.49
      vertex 5.46484 -32.8016 -11.49
    endloop
  endfacet
  facet normal 0 0 -1
    outer loop
      vertex 5.13289 -32.8528 -11.49
      vertex 4.91014 -32.3059 -11.49
      vertex 5.18445 -32.351 -11.49
    endloop
  endfacet
  facet normal 0 0 -1
    outer loop
      vertex 4.70805 -32.7732 -11.49
      vertex 4.91014 -32.3059 -11.49
      vertex 5.13289 -32.8528 -11.49
    endloop
  endfacet
  facet normal 0 0 -1
    outer loop
      vertex 4.38832 -32.5341 -11.49
      vertex 4.91014 -32.3059 -11.49
      vertex 4.70805 -32.7732 -11.49
    endloop
  endfacet
  facet normal -0 0 -1
    outer loop
      vertex 4.91014 -32.3059 -11.49
      vertex 4.38832 -32.5341 -11.49
      vertex 4.70024 -32.1706 -11.49
    endloop
  endfacet
  facet normal 0 0 -1
    outer loop
      vertex 4.70024 -32.1706 -11.49
      vertex 4.18793 -32.1513 -11.49
      vertex 4.56699 -31.9465 -11.49
    endloop
  endfacet
  facet normal 0 0 -1
    outer loop
      vertex 4.18793 -32.1513 -11.49
      vertex 4.70024 -32.1706 -11.49
      vertex 4.38832 -32.5341 -11.49
    endloop
  endfacet
  facet normal -0 0 -1
    outer loop
      vertex 8.05423 -31.662 -11.49
      vertex 7.60466 -31.9912 -11.49
      vertex 7.65009 -31.662 -11.49
    endloop
  endfacet
  facet normal -0 0 -1
    outer loop
      vertex 7.98169 -32.214 -11.49
      vertex 7.46837 -32.2411 -11.49
      vertex 7.60466 -31.9912 -11.49
    endloop
  endfacet
  facet normal 0 0 -1
    outer loop
      vertex 7.24254 -32.3988 -11.49
      vertex 7.76401 -32.6222 -11.49
      vertex 7.41409 -32.8745 -11.49
    endloop
  endfacet
  facet normal 0 0 -1
    outer loop
      vertex 7.76401 -32.6222 -11.49
      vertex 7.24254 -32.3988 -11.49
      vertex 7.46837 -32.2411 -11.49
    endloop
  endfacet
  facet normal 0 0 -1
    outer loop
      vertex 6.94485 -32.9586 -11.49
      vertex 7.24254 -32.3988 -11.49
      vertex 7.41409 -32.8745 -11.49
    endloop
  endfacet
  facet normal 0 0 -1
    outer loop
      vertex 6.94485 -32.9586 -11.49
      vertex 6.92857 -32.4514 -11.49
      vertex 7.24254 -32.3988 -11.49
    endloop
  endfacet
  facet normal 0 0 -1
    outer loop
      vertex 6.60985 -32.8989 -11.49
      vertex 6.92857 -32.4514 -11.49
      vertex 6.94485 -32.9586 -11.49
    endloop
  endfacet
  facet normal -0 0 -1
    outer loop
      vertex 6.92857 -32.4514 -11.49
      vertex 6.60985 -32.8989 -11.49
      vertex 6.65089 -32.3913 -11.49
    endloop
  endfacet
  facet normal 0 0 -1
    outer loop
      vertex 6.33725 -32.7199 -11.49
      vertex 6.65089 -32.3913 -11.49
      vertex 6.60985 -32.8989 -11.49
    endloop
  endfacet
  facet normal -0 0 -1
    outer loop
      vertex 6.65089 -32.3913 -11.49
      vertex 6.33725 -32.7199 -11.49
      vertex 6.44168 -32.2113 -11.49
    endloop
  endfacet
  facet normal 0 0 -1
    outer loop
      vertex 6.14467 -32.4337 -11.49
      vertex 6.44168 -32.2113 -11.49
      vertex 6.33725 -32.7199 -11.49
    endloop
  endfacet
  facet normal 0 0 -1
    outer loop
      vertex 6.04973 -32.0526 -11.49
      vertex 6.44168 -32.2113 -11.49
      vertex 6.14467 -32.4337 -11.49
    endloop
  endfacet
  facet normal 0 0 -1
    outer loop
      vertex 6.44168 -32.2113 -11.49
      vertex 6.04973 -32.0526 -11.49
      vertex 6.31047 -31.918 -11.49
    endloop
  endfacet
  facet normal 0 0 -1
    outer loop
      vertex 5.79984 -31.8638 -11.49
      vertex 6.31047 -31.918 -11.49
      vertex 6.04973 -32.0526 -11.49
    endloop
  endfacet
  facet normal 0 0 -1
    outer loop
      vertex 6.31047 -31.918 -11.49
      vertex 5.79984 -31.8638 -11.49
      vertex 6.26672 -31.5183 -11.49
    endloop
  endfacet
  facet normal 0 0 -1
    outer loop
      vertex 5.79984 -31.8638 -11.49
      vertex 6.04973 -32.0526 -11.49
      vertex 6.03889 -32.0526 -11.49
    endloop
  endfacet
  facet normal 0 0 -1
    outer loop
      vertex 5.66861 -32.1299 -11.49
      vertex 6.03889 -32.0526 -11.49
      vertex 5.92053 -32.3968 -11.49
    endloop
  endfacet
  facet normal 0 0 -1
    outer loop
      vertex 6.26672 -31.5183 -11.49
      vertex 5.84357 -31.5074 -11.49
      vertex 6.26672 -31.2416 -11.49
    endloop
  endfacet
  facet normal -0 0 -1
    outer loop
      vertex 6.26672 -31.2416 -11.49
      vertex 5.84357 -31.5074 -11.49
      vertex 5.84357 -31.2416 -11.49
    endloop
  endfacet
  facet normal 0 0 -1
    outer loop
      vertex 7.60466 -31.9912 -11.49
      vertex 8.05423 -31.662 -11.49
      vertex 7.98169 -32.214 -11.49
    endloop
  endfacet
  facet normal 0 0 -1
    outer loop
      vertex 8.05423 -31.662 -11.49
      vertex 7.65009 -31.662 -11.49
      vertex 7.9888 -31.1402 -11.49
    endloop
  endfacet
  facet normal 0 0 -1
    outer loop
      vertex 7.46837 -32.2411 -11.49
      vertex 7.98169 -32.214 -11.49
      vertex 7.76401 -32.6222 -11.49
    endloop
  endfacet
  facet normal 0 0 -1
    outer loop
      vertex 7.48056 -31.0863 -11.49
      vertex 7.9888 -31.1402 -11.49
      vertex 7.65009 -31.662 -11.49
    endloop
  endfacet
  facet normal 0 0 -1
    outer loop
      vertex 7.9888 -31.1402 -11.49
      vertex 7.48056 -31.0863 -11.49
      vertex 7.79248 -30.7357 -11.49
    endloop
  endfacet
  facet normal 0 0 -1
    outer loop
      vertex 7.48056 -31.0863 -11.49
      vertex 7.468 -30.4601 -11.49
      vertex 7.79248 -30.7357 -11.49
    endloop
  endfacet
  facet normal 0 0 -1
    outer loop
      vertex 6.97197 -30.8293 -11.49
      vertex 7.468 -30.4601 -11.49
      vertex 7.48056 -31.0863 -11.49
    endloop
  endfacet
  facet normal -0 0 -1
    outer loop
      vertex 7.468 -30.4601 -11.49
      vertex 6.97197 -30.8293 -11.49
      vertex 7.01808 -30.3248 -11.49
    endloop
  endfacet
  facet normal 0 0 -1
    outer loop
      vertex 4.6989 -30.5143 -11.49
      vertex 5.1546 -30.8808 -11.49
      vertex 4.88741 -30.9551 -11.49
    endloop
  endfacet
  facet normal 0 0 -1
    outer loop
      vertex 5.1546 -30.8808 -11.49
      vertex 4.6989 -30.5143 -11.49
      vertex 5.11661 -30.3899 -11.49
    endloop
  endfacet
  facet normal 0 0 -1
    outer loop
      vertex 4.38425 -30.7791 -11.49
      vertex 4.88741 -30.9551 -11.49
      vertex 4.68805 -31.1128 -11.49
    endloop
  endfacet
  facet normal 0 0 -1
    outer loop
      vertex 4.1869 -31.1619 -11.49
      vertex 4.68805 -31.1128 -11.49
      vertex 4.56393 -31.343 -11.49
    endloop
  endfacet
  facet normal 0 0 -1
    outer loop
      vertex 4.12112 -31.6403 -11.49
      vertex 4.56699 -31.9465 -11.49
      vertex 4.18793 -32.1513 -11.49
    endloop
  endfacet
  facet normal 0 0 -1
    outer loop
      vertex 4.88741 -30.9551 -11.49
      vertex 4.38425 -30.7791 -11.49
      vertex 4.6989 -30.5143 -11.49
    endloop
  endfacet
  facet normal 0 0 -1
    outer loop
      vertex 4.56699 -31.9465 -11.49
      vertex 4.12112 -31.6403 -11.49
      vertex 4.52257 -31.6349 -11.49
    endloop
  endfacet
  facet normal -0 0 -1
    outer loop
      vertex 4.52257 -31.6349 -11.49
      vertex 4.12112 -31.6403 -11.49
      vertex 4.56393 -31.343 -11.49
    endloop
  endfacet
  facet normal 0 -0 -1
    outer loop
      vertex 4.1869 -31.1619 -11.49
      vertex 4.56393 -31.343 -11.49
      vertex 4.12112 -31.6403 -11.49
    endloop
  endfacet
  facet normal -0 0 -1
    outer loop
      vertex 4.68805 -31.1128 -11.49
      vertex 4.1869 -31.1619 -11.49
      vertex 4.38425 -30.7791 -11.49
    endloop
  endfacet
  facet normal 0 0 -1
    outer loop
      vertex 7.58501 -28.9838 -11.49
      vertex 4.64465 -28.4928 -11.49
      vertex 7.58501 -28.4928 -11.49
    endloop
  endfacet
  facet normal 0 -0 -1
    outer loop
      vertex 4.64465 -28.4928 -11.49
      vertex 7.58501 -28.9838 -11.49
      vertex 4.17809 -28.9838 -11.49
    endloop
  endfacet
  facet normal 0 0 -1
    outer loop
      vertex 7.58501 -28.9838 -11.49
      vertex 8 -29.9142 -11.49
      vertex 7.58501 -29.9142 -11.49
    endloop
  endfacet
  facet normal 0 0 -1
    outer loop
      vertex 7.58501 -28.4928 -11.49
      vertex 8 -29.9142 -11.49
      vertex 7.58501 -28.9838 -11.49
    endloop
  endfacet
  facet normal 0 0 -1
    outer loop
      vertex 8 -29.9142 -11.49
      vertex 7.58501 -28.4928 -11.49
      vertex 8 -27.5191 -11.49
    endloop
  endfacet
  facet normal -0 0 -1
    outer loop
      vertex 8 -27.5191 -11.49
      vertex 7.58501 -28.4928 -11.49
      vertex 7.58501 -27.5191 -11.49
    endloop
  endfacet
  facet normal 0 0 -1
    outer loop
      vertex 4.64465 -28.4928 -11.49
      vertex 4.79924 -27.6302 -11.49
      vertex 5.26036 -27.6302 -11.49
    endloop
  endfacet
  facet normal 0 0 -1
    outer loop
      vertex 4.17809 -28.5335 -11.49
      vertex 4.64465 -28.4928 -11.49
      vertex 4.17809 -28.9838 -11.49
    endloop
  endfacet
  facet normal -0 0 -1
    outer loop
      vertex 4.64465 -28.4928 -11.49
      vertex 4.17809 -28.5335 -11.49
      vertex 4.79924 -27.6302 -11.49
    endloop
  endfacet
  facet normal 0 0 -1
    outer loop
      vertex 7.67146 -16.0152 -11.49
      vertex 8.02711 -15.9325 -11.49
      vertex 8.01627 -16.123 -11.49
    endloop
  endfacet
  facet normal 0 0 -1
    outer loop
      vertex 7.69893 -16.1495 -11.49
      vertex 8.01627 -16.123 -11.49
      vertex 7.98373 -16.3095 -11.49
    endloop
  endfacet
  facet normal -0 0 -1
    outer loop
      vertex 8.02711 -15.9325 -11.49
      vertex 7.67146 -16.0152 -11.49
      vertex 7.99153 -15.6982 -11.49
    endloop
  endfacet
  facet normal 0 0 -1
    outer loop
      vertex 7.58908 -15.9325 -11.49
      vertex 7.99153 -15.6982 -11.49
      vertex 7.67146 -16.0152 -11.49
    endloop
  endfacet
  facet normal -0 0 -1
    outer loop
      vertex 8.01627 -16.123 -11.49
      vertex 7.69893 -16.1495 -11.49
      vertex 7.67146 -16.0152 -11.49
    endloop
  endfacet
  facet normal 0 0 -1
    outer loop
      vertex 7.98373 -16.3095 -11.49
      vertex 7.69418 -16.2248 -11.49
      vertex 7.69893 -16.1495 -11.49
    endloop
  endfacet
  facet normal 0 -0 -1
    outer loop
      vertex 7.69418 -16.2248 -11.49
      vertex 7.98373 -16.3095 -11.49
      vertex 7.67993 -16.3095 -11.49
    endloop
  endfacet
  facet normal -0 0 -1
    outer loop
      vertex 7.99153 -15.6982 -11.49
      vertex 7.58908 -15.9325 -11.49
      vertex 7.88474 -15.5378 -11.49
    endloop
  endfacet
  facet normal -0 0 -1
    outer loop
      vertex 7.88474 -15.5378 -11.49
      vertex 7.58908 -15.9325 -11.49
      vertex 7.70198 -15.4412 -11.49
    endloop
  endfacet
  facet normal 0 0 -1
    outer loop
      vertex 7.45242 -15.8898 -11.49
      vertex 7.70198 -15.4412 -11.49
      vertex 7.58908 -15.9325 -11.49
    endloop
  endfacet
  facet normal 0 0 -1
    outer loop
      vertex 7.45242 -15.8898 -11.49
      vertex 7.43852 -15.3981 -11.49
      vertex 7.70198 -15.4412 -11.49
    endloop
  endfacet
  facet normal 0 0 -1
    outer loop
      vertex 7.231 -15.2612 -11.49
      vertex 7.43852 -15.3819 -11.49
      vertex 7.43852 -15.3981 -11.49
    endloop
  endfacet
  facet normal 0 0 -1
    outer loop
      vertex 7.26221 -15.8755 -11.49
      vertex 7.43852 -15.3981 -11.49
      vertex 7.45242 -15.8898 -11.49
    endloop
  endfacet
  facet normal 0 0 -1
    outer loop
      vertex 7.01503 -15.3517 -11.49
      vertex 7.43852 -15.3981 -11.49
      vertex 7.26221 -15.8755 -11.49
    endloop
  endfacet
  facet normal 0 0 -1
    outer loop
      vertex 7.43852 -15.3819 -11.49
      vertex 7.231 -15.2612 -11.49
      vertex 7.42122 -15.1184 -11.49
    endloop
  endfacet
  facet normal 0 0 -1
    outer loop
      vertex 7.43852 -15.3981 -11.49
      vertex 7.01503 -15.3517 -11.49
      vertex 7.231 -15.2612 -11.49
    endloop
  endfacet
  facet normal 0 0 -1
    outer loop
      vertex 7.26221 -15.8755 -11.49
      vertex 6.79292 -15.3819 -11.49
      vertex 7.01503 -15.3517 -11.49
    endloop
  endfacet
  facet normal 0 0 -1
    outer loop
      vertex 7.26221 -15.8755 -11.49
      vertex 6.55153 -15.3819 -11.49
      vertex 6.79292 -15.3819 -11.49
    endloop
  endfacet
  facet normal 0 0 -1
    outer loop
      vertex 6.71565 -14.1683 -11.49
      vertex 6.29385 -14.1473 -11.49
      vertex 6.481 -13.7557 -11.49
    endloop
  endfacet
  facet normal 0 0 -1
    outer loop
      vertex 6.56236 -14.8475 -11.49
      vertex 6.22061 -14.7227 -11.49
      vertex 6.29385 -14.1473 -11.49
    endloop
  endfacet
  facet normal -0 0 -1
    outer loop
      vertex 6.56236 -14.8475 -11.49
      vertex 6.20976 -15.3819 -11.49
      vertex 6.22061 -14.7227 -11.49
    endloop
  endfacet
  facet normal 0 0 -1
    outer loop
      vertex 5.99817 -15.8755 -11.49
      vertex 6.55153 -15.3819 -11.49
      vertex 7.26221 -15.8755 -11.49
    endloop
  endfacet
  facet normal -0 0 -1
    outer loop
      vertex 6.55153 -15.3819 -11.49
      vertex 5.99817 -15.8755 -11.49
      vertex 6.20976 -15.3819 -11.49
    endloop
  endfacet
  facet normal -0 0 -1
    outer loop
      vertex 6.20976 -15.3819 -11.49
      vertex 5.99817 -15.8755 -11.49
      vertex 6.04973 -15.3819 -11.49
    endloop
  endfacet
  facet normal 0 0 -1
    outer loop
      vertex 5.99817 -15.8755 -11.49
      vertex 5.74255 -15.3439 -11.49
      vertex 6.04973 -15.3819 -11.49
    endloop
  endfacet
  facet normal 0 0 -1
    outer loop
      vertex 5.57471 -15.8057 -11.49
      vertex 5.74255 -15.3439 -11.49
      vertex 5.99817 -15.8755 -11.49
    endloop
  endfacet
  facet normal 0 0 -1
    outer loop
      vertex 5.26448 -15.5961 -11.49
      vertex 5.74255 -15.3439 -11.49
      vertex 5.57471 -15.8057 -11.49
    endloop
  endfacet
  facet normal -0 0 -1
    outer loop
      vertex 5.74255 -15.3439 -11.49
      vertex 5.26448 -15.5961 -11.49
      vertex 5.53709 -15.2299 -11.49
    endloop
  endfacet
  facet normal -0 0 -1
    outer loop
      vertex 5.53709 -15.2299 -11.49
      vertex 5.07426 -15.2482 -11.49
      vertex 5.42111 -15.0347 -11.49
    endloop
  endfacet
  facet normal 0 0 -1
    outer loop
      vertex 5.07426 -15.2482 -11.49
      vertex 5.53709 -15.2299 -11.49
      vertex 5.26448 -15.5961 -11.49
    endloop
  endfacet
  facet normal -0 0 -1
    outer loop
      vertex 8.01932 -14.6715 -11.49
      vertex 7.65756 -14.7078 -11.49
      vertex 7.6881 -14.4542 -11.49
    endloop
  endfacet
  facet normal 0 0 -1
    outer loop
      vertex 7.91457 -14.9465 -11.49
      vertex 7.56601 -14.9315 -11.49
      vertex 7.65756 -14.7078 -11.49
    endloop
  endfacet
  facet normal 0 0 -1
    outer loop
      vertex 7.42122 -15.1184 -11.49
      vertex 7.72572 -15.1795 -11.49
      vertex 7.43852 -15.3819 -11.49
    endloop
  endfacet
  facet normal 0 0 -1
    outer loop
      vertex 7.72572 -15.1795 -11.49
      vertex 7.42122 -15.1184 -11.49
      vertex 7.56601 -14.9315 -11.49
    endloop
  endfacet
  facet normal 0 0 -1
    outer loop
      vertex 7.6881 -14.4542 -11.49
      vertex 8.05423 -14.343 -11.49
      vertex 8.01932 -14.6715 -11.49
    endloop
  endfacet
  facet normal 0 0 -1
    outer loop
      vertex 7.65756 -14.7078 -11.49
      vertex 8.01932 -14.6715 -11.49
      vertex 7.91457 -14.9465 -11.49
    endloop
  endfacet
  facet normal 0 0 -1
    outer loop
      vertex 7.65553 -14.2429 -11.49
      vertex 8.05423 -14.343 -11.49
      vertex 7.6881 -14.4542 -11.49
    endloop
  endfacet
  facet normal 0 0 -1
    outer loop
      vertex 7.56601 -14.9315 -11.49
      vertex 7.91457 -14.9465 -11.49
      vertex 7.72572 -15.1795 -11.49
    endloop
  endfacet
  facet normal 0 0 -1
    outer loop
      vertex 8.05423 -14.343 -11.49
      vertex 7.65553 -14.2429 -11.49
      vertex 7.99593 -13.9557 -11.49
    endloop
  endfacet
  facet normal 0 0 -1
    outer loop
      vertex 7.55789 -14.0866 -11.49
      vertex 7.99593 -13.9557 -11.49
      vertex 7.65553 -14.2429 -11.49
    endloop
  endfacet
  facet normal -0 0 -1
    outer loop
      vertex 7.99593 -13.9557 -11.49
      vertex 7.55789 -14.0866 -11.49
      vertex 7.82097 -13.6784 -11.49
    endloop
  endfacet
  facet normal 0 0 -1
    outer loop
      vertex 7.40056 -13.99 -11.49
      vertex 7.82097 -13.6784 -11.49
      vertex 7.55789 -14.0866 -11.49
    endloop
  endfacet
  facet normal -0 0 -1
    outer loop
      vertex 7.82097 -13.6784 -11.49
      vertex 7.40056 -13.99 -11.49
      vertex 7.5443 -13.5116 -11.49
    endloop
  endfacet
  facet normal 0 0 -1
    outer loop
      vertex 7.18896 -13.9578 -11.49
      vertex 7.5443 -13.5116 -11.49
      vertex 7.40056 -13.99 -11.49
    endloop
  endfacet
  facet normal 0 0 -1
    outer loop
      vertex 7.18896 -13.9578 -11.49
      vertex 7.18085 -13.456 -11.49
      vertex 7.5443 -13.5116 -11.49
    endloop
  endfacet
  facet normal 0 0 -1
    outer loop
      vertex 6.99028 -13.9815 -11.49
      vertex 7.18085 -13.456 -11.49
      vertex 7.18896 -13.9578 -11.49
    endloop
  endfacet
  facet normal 0 0 -1
    outer loop
      vertex 6.77803 -13.5309 -11.49
      vertex 6.99028 -13.9815 -11.49
      vertex 6.83365 -14.0527 -11.49
    endloop
  endfacet
  facet normal 0 0 -1
    outer loop
      vertex 6.99028 -13.9815 -11.49
      vertex 6.77803 -13.5309 -11.49
      vertex 7.18085 -13.456 -11.49
    endloop
  endfacet
  facet normal 0 0 -1
    outer loop
      vertex 6.481 -13.7557 -11.49
      vertex 6.83365 -14.0527 -11.49
      vertex 6.71565 -14.1683 -11.49
    endloop
  endfacet
  facet normal 0 0 -1
    outer loop
      vertex 6.29385 -14.1473 -11.49
      vertex 6.71565 -14.1683 -11.49
      vertex 6.63293 -14.3253 -11.49
    endloop
  endfacet
  facet normal 0 0 -1
    outer loop
      vertex 6.29385 -14.1473 -11.49
      vertex 6.63293 -14.3253 -11.49
      vertex 6.58273 -14.5447 -11.49
    endloop
  endfacet
  facet normal 0 0 -1
    outer loop
      vertex 6.83365 -14.0527 -11.49
      vertex 6.481 -13.7557 -11.49
      vertex 6.77803 -13.5309 -11.49
    endloop
  endfacet
  facet normal 0 0 -1
    outer loop
      vertex 6.29385 -14.1473 -11.49
      vertex 6.58273 -14.5447 -11.49
      vertex 6.56236 -14.8475 -11.49
    endloop
  endfacet
  facet normal 0 0 -1
    outer loop
      vertex 6.20976 -15.3819 -11.49
      vertex 6.56236 -14.8475 -11.49
      vertex 6.55153 -15.3819 -11.49
    endloop
  endfacet
  facet normal 0 0 -1
    outer loop
      vertex 5.63812 -14.1558 -11.49
      vertex 5.80289 -13.5862 -11.49
      vertex 5.84901 -14.0961 -11.49
    endloop
  endfacet
  facet normal 0 0 -1
    outer loop
      vertex 5.20886 -13.9429 -11.49
      vertex 5.63812 -14.1558 -11.49
      vertex 5.49368 -14.2751 -11.49
    endloop
  endfacet
  facet normal 0 0 -1
    outer loop
      vertex 5.01085 -14.7634 -11.49
      vertex 5.42111 -15.0347 -11.49
      vertex 5.07426 -15.2482 -11.49
    endloop
  endfacet
  facet normal 0 0 -1
    outer loop
      vertex 5.63812 -14.1558 -11.49
      vertex 5.20886 -13.9429 -11.49
      vertex 5.80289 -13.5862 -11.49
    endloop
  endfacet
  facet normal 0 0 -1
    outer loop
      vertex 5.41026 -14.4691 -11.49
      vertex 5.20886 -13.9429 -11.49
      vertex 5.49368 -14.2751 -11.49
    endloop
  endfacet
  facet normal 0 0 -1
    outer loop
      vertex 5.42111 -15.0347 -11.49
      vertex 5.01085 -14.7634 -11.49
      vertex 5.38245 -14.7525 -11.49
    endloop
  endfacet
  facet normal -0 0 -1
    outer loop
      vertex 5.38245 -14.7525 -11.49
      vertex 5.01085 -14.7634 -11.49
      vertex 5.41026 -14.4691 -11.49
    endloop
  endfacet
  facet normal -0 0 -1
    outer loop
      vertex 5.41026 -14.4691 -11.49
      vertex 5.01085 -14.7634 -11.49
      vertex 5.20886 -13.9429 -11.49
    endloop
  endfacet
  facet normal 0 0 -1
    outer loop
      vertex 5.01085 -17.797 -11.49
      vertex 5.4584 -17.7346 -11.49
      vertex 5.46519 -17.8811 -11.49
    endloop
  endfacet
  facet normal 0 0 -1
    outer loop
      vertex 5.03796 -17.995 -11.49
      vertex 5.46519 -17.8811 -11.49
      vertex 5.48553 -17.995 -11.49
    endloop
  endfacet
  facet normal 0 0 -1
    outer loop
      vertex 5.4584 -17.7346 -11.49
      vertex 5.14917 -17.3684 -11.49
      vertex 5.34717 -17.2253 -11.49
    endloop
  endfacet
  facet normal 0 0 -1
    outer loop
      vertex 5.4584 -17.7346 -11.49
      vertex 5.04543 -17.5515 -11.49
      vertex 5.14917 -17.3684 -11.49
    endloop
  endfacet
  facet normal 0 0 -1
    outer loop
      vertex 5.46519 -17.8811 -11.49
      vertex 5.03796 -17.995 -11.49
      vertex 5.01762 -17.8953 -11.49
    endloop
  endfacet
  facet normal -0 0 -1
    outer loop
      vertex 5.46519 -17.8811 -11.49
      vertex 5.01762 -17.8953 -11.49
      vertex 5.01085 -17.797 -11.49
    endloop
  endfacet
  facet normal -0 0 -1
    outer loop
      vertex 5.4584 -17.7346 -11.49
      vertex 5.01085 -17.797 -11.49
      vertex 5.04543 -17.5515 -11.49
    endloop
  endfacet
  facet normal 0 0 -1
    outer loop
      vertex 5.34717 -17.2253 -11.49
      vertex 5.72017 -17.2708 -11.49
      vertex 5.52385 -17.4668 -11.49
    endloop
  endfacet
  facet normal 0 0 -1
    outer loop
      vertex 5.72017 -17.2708 -11.49
      vertex 5.34717 -17.2253 -11.49
      vertex 5.66452 -17.0999 -11.49
    endloop
  endfacet
  facet normal 0 0 -1
    outer loop
      vertex 5.34717 -17.2253 -11.49
      vertex 5.52385 -17.4668 -11.49
      vertex 5.4584 -17.7346 -11.49
    endloop
  endfacet
  facet normal 0 0 -1
    outer loop
      vertex 6.47017 -17.1107 -11.49
      vertex 8 -16.6225 -11.49
      vertex 8 -17.1107 -11.49
    endloop
  endfacet
  facet normal 0 0 -1
    outer loop
      vertex 5.74864 -16.6225 -11.49
      vertex 6.47017 -17.1107 -11.49
      vertex 6.03853 -17.1507 -11.49
    endloop
  endfacet
  facet normal 0 0 -1
    outer loop
      vertex 6.47017 -17.1107 -11.49
      vertex 5.74864 -16.6225 -11.49
      vertex 8 -16.6225 -11.49
    endloop
  endfacet
  facet normal 0 0 -1
    outer loop
      vertex 5.66452 -17.0999 -11.49
      vertex 6.03853 -17.1507 -11.49
      vertex 5.72017 -17.2708 -11.49
    endloop
  endfacet
  facet normal 0 0 -1
    outer loop
      vertex 6.03853 -17.1507 -11.49
      vertex 5.66452 -17.0999 -11.49
      vertex 5.66452 -17.089 -11.49
    endloop
  endfacet
  facet normal 0 0 -1
    outer loop
      vertex 6.03853 -17.1507 -11.49
      vertex 5.66452 -17.089 -11.49
      vertex 5.74864 -16.6225 -11.49
    endloop
  endfacet
  facet normal 0 0 -1
    outer loop
      vertex 5.42314 -16.6184 -11.49
      vertex 5.66452 -17.089 -11.49
      vertex 5.46449 -17.0836 -11.49
    endloop
  endfacet
  facet normal 0 0 -1
    outer loop
      vertex 5.66452 -17.089 -11.49
      vertex 5.42314 -16.6184 -11.49
      vertex 5.74864 -16.6225 -11.49
    endloop
  endfacet
  facet normal 0 0 -1
    outer loop
      vertex 5.06509 -17.0673 -11.49
      vertex 5.42314 -16.6184 -11.49
      vertex 5.46449 -17.0836 -11.49
    endloop
  endfacet
  facet normal -0 0 -1
    outer loop
      vertex 5.42314 -16.6184 -11.49
      vertex 5.06509 -17.0673 -11.49
      vertex 5.06509 -16.6062 -11.49
    endloop
  endfacet
  facet normal 0 0 -1
    outer loop
      vertex 6.26129 -26.4167 -11.49
      vertex 6.6356 -26.9213 -11.49
      vertex 6.57053 -26.9213 -11.49
    endloop
  endfacet
  facet normal -0 0 -1
    outer loop
      vertex 8.05423 -25.6464 -11.49
      vertex 7.65622 -25.9323 -11.49
      vertex 7.6881 -25.6464 -11.49
    endloop
  endfacet
  facet normal 0 0 -1
    outer loop
      vertex 7.88065 -26.412 -11.49
      vertex 7.56061 -26.155 -11.49
      vertex 7.65622 -25.9323 -11.49
    endloop
  endfacet
  facet normal 0 0 -1
    outer loop
      vertex 7.88065 -26.412 -11.49
      vertex 7.41615 -26.3154 -11.49
      vertex 7.56061 -26.155 -11.49
    endloop
  endfacet
  facet normal 0 0 -1
    outer loop
      vertex 7.35985 -26.8426 -11.49
      vertex 7.41615 -26.3154 -11.49
      vertex 7.88065 -26.412 -11.49
    endloop
  endfacet
  facet normal 0 0 -1
    outer loop
      vertex 7.41615 -26.3154 -11.49
      vertex 7.35985 -26.8426 -11.49
      vertex 7.23781 -26.4141 -11.49
    endloop
  endfacet
  facet normal 0 0 -1
    outer loop
      vertex 7.65622 -25.9323 -11.49
      vertex 8.05423 -25.6464 -11.49
      vertex 7.88065 -26.412 -11.49
    endloop
  endfacet
  facet normal 0 0 -1
    outer loop
      vertex 7.6196 -25.2931 -11.49
      vertex 8.05423 -25.6464 -11.49
      vertex 7.6881 -25.6464 -11.49
    endloop
  endfacet
  facet normal 0 0 -1
    outer loop
      vertex 8.05423 -25.6464 -11.49
      vertex 7.6196 -25.2931 -11.49
      vertex 7.95728 -25.0731 -11.49
    endloop
  endfacet
  facet normal 0 0 -1
    outer loop
      vertex 7.41412 -25.0361 -11.49
      vertex 7.95728 -25.0731 -11.49
      vertex 7.6196 -25.2931 -11.49
    endloop
  endfacet
  facet normal 0 0 -1
    outer loop
      vertex 7.95728 -25.0731 -11.49
      vertex 7.41412 -25.0361 -11.49
      vertex 7.66637 -24.655 -11.49
    endloop
  endfacet
  facet normal 0 0 -1
    outer loop
      vertex 7.0825 -24.8794 -11.49
      vertex 7.66637 -24.655 -11.49
      vertex 7.41412 -25.0361 -11.49
    endloop
  endfacet
  facet normal -0 0 -1
    outer loop
      vertex 7.66637 -24.655 -11.49
      vertex 7.0825 -24.8794 -11.49
      vertex 7.18423 -24.3997 -11.49
    endloop
  endfacet
  facet normal 0 0 -1
    outer loop
      vertex 6.6356 -24.8272 -11.49
      vertex 7.18423 -24.3997 -11.49
      vertex 7.0825 -24.8794 -11.49
    endloop
  endfacet
  facet normal 0 0 -1
    outer loop
      vertex 6.6356 -24.8272 -11.49
      vertex 6.51357 -24.3146 -11.49
      vertex 7.18423 -24.3997 -11.49
    endloop
  endfacet
  facet normal 0 0 -1
    outer loop
      vertex 6.6356 -26.9213 -11.49
      vertex 6.26129 -26.4167 -11.49
      vertex 6.6356 -24.8272 -11.49
    endloop
  endfacet
  facet normal 0 0 -1
    outer loop
      vertex 6.6356 -24.8272 -11.49
      vertex 6.26129 -26.4167 -11.49
      vertex 6.26129 -24.8327 -11.49
    endloop
  endfacet
  facet normal 0 0 -1
    outer loop
      vertex 6.57053 -26.9213 -11.49
      vertex 5.86018 -26.3374 -11.49
      vertex 6.26129 -26.4167 -11.49
    endloop
  endfacet
  facet normal 0 0 -1
    outer loop
      vertex 5.40077 -26.5978 -11.49
      vertex 5.86018 -26.3374 -11.49
      vertex 6.57053 -26.9213 -11.49
    endloop
  endfacet
  facet normal -0 0 -1
    outer loop
      vertex 5.86018 -26.3374 -11.49
      vertex 5.40077 -26.5978 -11.49
      vertex 5.58453 -26.1807 -11.49
    endloop
  endfacet
  facet normal 0 0 -1
    outer loop
      vertex 5.40077 -26.5978 -11.49
      vertex 5.42484 -25.9427 -11.49
      vertex 5.58453 -26.1807 -11.49
    endloop
  endfacet
  facet normal 0 0 -1
    outer loop
      vertex 5.01085 -25.6274 -11.49
      vertex 5.42484 -25.9427 -11.49
      vertex 5.40077 -26.5978 -11.49
    endloop
  endfacet
  facet normal 0 0 -1
    outer loop
      vertex 5.42484 -25.9427 -11.49
      vertex 5.01085 -25.6274 -11.49
      vertex 5.37161 -25.6193 -11.49
    endloop
  endfacet
  facet normal -0 0 -1
    outer loop
      vertex 5.37161 -25.6193 -11.49
      vertex 5.01085 -25.6274 -11.49
      vertex 5.10782 -25.0683 -11.49
    endloop
  endfacet
  facet normal -0 0 -1
    outer loop
      vertex 6.6356 -24.8272 -11.49
      vertex 6.26129 -24.8327 -11.49
      vertex 6.51357 -24.3146 -11.49
    endloop
  endfacet
  facet normal 0 0 -1
    outer loop
      vertex 5.87138 -24.3997 -11.49
      vertex 6.26129 -24.8327 -11.49
      vertex 5.8907 -24.8967 -11.49
    endloop
  endfacet
  facet normal 0 0 -1
    outer loop
      vertex 6.26129 -24.8327 -11.49
      vertex 5.87138 -24.3997 -11.49
      vertex 6.51357 -24.3146 -11.49
    endloop
  endfacet
  facet normal 0 0 -1
    outer loop
      vertex 5.39873 -24.655 -11.49
      vertex 5.8907 -24.8967 -11.49
      vertex 5.60896 -25.0564 -11.49
    endloop
  endfacet
  facet normal 0 0 -1
    outer loop
      vertex 5.10782 -25.0683 -11.49
      vertex 5.60896 -25.0564 -11.49
      vertex 5.43095 -25.3009 -11.49
    endloop
  endfacet
  facet normal 0 0 -1
    outer loop
      vertex 5.8907 -24.8967 -11.49
      vertex 5.39873 -24.655 -11.49
      vertex 5.87138 -24.3997 -11.49
    endloop
  endfacet
  facet normal 0 0 -1
    outer loop
      vertex 5.10782 -25.0683 -11.49
      vertex 5.43095 -25.3009 -11.49
      vertex 5.37161 -25.6193 -11.49
    endloop
  endfacet
  facet normal -0 0 -1
    outer loop
      vertex 5.60896 -25.0564 -11.49
      vertex 5.10782 -25.0683 -11.49
      vertex 5.39873 -24.655 -11.49
    endloop
  endfacet
  facet normal 0 0 -1
    outer loop
      vertex 7.67146 -20.8392 -11.49
      vertex 8.02711 -20.7565 -11.49
      vertex 8.01627 -20.947 -11.49
    endloop
  endfacet
  facet normal 0 0 -1
    outer loop
      vertex 7.69893 -20.9735 -11.49
      vertex 8.01627 -20.947 -11.49
      vertex 7.98373 -21.1335 -11.49
    endloop
  endfacet
  facet normal -0 0 -1
    outer loop
      vertex 8.02711 -20.7565 -11.49
      vertex 7.67146 -20.8392 -11.49
      vertex 7.99153 -20.5222 -11.49
    endloop
  endfacet
  facet normal 0 0 -1
    outer loop
      vertex 7.58908 -20.7565 -11.49
      vertex 7.99153 -20.5222 -11.49
      vertex 7.67146 -20.8392 -11.49
    endloop
  endfacet
  facet normal -0 0 -1
    outer loop
      vertex 8.01627 -20.947 -11.49
      vertex 7.69893 -20.9735 -11.49
      vertex 7.67146 -20.8392 -11.49
    endloop
  endfacet
  facet normal 0 0 -1
    outer loop
      vertex 7.98373 -21.1335 -11.49
      vertex 7.69418 -21.0488 -11.49
      vertex 7.69893 -20.9735 -11.49
    endloop
  endfacet
  facet normal 0 -0 -1
    outer loop
      vertex 7.69418 -21.0488 -11.49
      vertex 7.98373 -21.1335 -11.49
      vertex 7.67993 -21.1335 -11.49
    endloop
  endfacet
  facet normal -0 0 -1
    outer loop
      vertex 7.99153 -20.5222 -11.49
      vertex 7.58908 -20.7565 -11.49
      vertex 7.88474 -20.3618 -11.49
    endloop
  endfacet
  facet normal -0 0 -1
    outer loop
      vertex 7.88474 -20.3618 -11.49
      vertex 7.58908 -20.7565 -11.49
      vertex 7.70198 -20.2652 -11.49
    endloop
  endfacet
  facet normal 0 0 -1
    outer loop
      vertex 7.45242 -20.7137 -11.49
      vertex 7.70198 -20.2652 -11.49
      vertex 7.58908 -20.7565 -11.49
    endloop
  endfacet
  facet normal 0 0 -1
    outer loop
      vertex 7.45242 -20.7137 -11.49
      vertex 7.43852 -20.2221 -11.49
      vertex 7.70198 -20.2652 -11.49
    endloop
  endfacet
  facet normal 0 0 -1
    outer loop
      vertex 7.231 -20.0851 -11.49
      vertex 7.43852 -20.2059 -11.49
      vertex 7.43852 -20.2221 -11.49
    endloop
  endfacet
  facet normal 0 0 -1
    outer loop
      vertex 7.26221 -20.6995 -11.49
      vertex 7.43852 -20.2221 -11.49
      vertex 7.45242 -20.7137 -11.49
    endloop
  endfacet
  facet normal 0 0 -1
    outer loop
      vertex 7.01503 -20.1757 -11.49
      vertex 7.43852 -20.2221 -11.49
      vertex 7.26221 -20.6995 -11.49
    endloop
  endfacet
  facet normal 0 0 -1
    outer loop
      vertex 7.43852 -20.2059 -11.49
      vertex 7.231 -20.0851 -11.49
      vertex 7.42122 -19.9424 -11.49
    endloop
  endfacet
  facet normal 0 0 -1
    outer loop
      vertex 7.43852 -20.2221 -11.49
      vertex 7.01503 -20.1757 -11.49
      vertex 7.231 -20.0851 -11.49
    endloop
  endfacet
  facet normal 0 0 -1
    outer loop
      vertex 7.26221 -20.6995 -11.49
      vertex 6.79292 -20.2059 -11.49
      vertex 7.01503 -20.1757 -11.49
    endloop
  endfacet
  facet normal 0 0 -1
    outer loop
      vertex 7.26221 -20.6995 -11.49
      vertex 6.55153 -20.2059 -11.49
      vertex 6.79292 -20.2059 -11.49
    endloop
  endfacet
  facet normal 0 0 -1
    outer loop
      vertex 6.71565 -18.9923 -11.49
      vertex 6.29385 -18.9713 -11.49
      vertex 6.481 -18.5797 -11.49
    endloop
  endfacet
  facet normal 0 0 -1
    outer loop
      vertex 6.56236 -19.6715 -11.49
      vertex 6.22061 -19.5467 -11.49
      vertex 6.29385 -18.9713 -11.49
    endloop
  endfacet
  facet normal -0 0 -1
    outer loop
      vertex 6.56236 -19.6715 -11.49
      vertex 6.20976 -20.2059 -11.49
      vertex 6.22061 -19.5467 -11.49
    endloop
  endfacet
  facet normal 0 0 -1
    outer loop
      vertex 5.99817 -20.6995 -11.49
      vertex 6.55153 -20.2059 -11.49
      vertex 7.26221 -20.6995 -11.49
    endloop
  endfacet
  facet normal -0 0 -1
    outer loop
      vertex 6.55153 -20.2059 -11.49
      vertex 5.99817 -20.6995 -11.49
      vertex 6.20976 -20.2059 -11.49
    endloop
  endfacet
  facet normal -0 0 -1
    outer loop
      vertex 6.20976 -20.2059 -11.49
      vertex 5.99817 -20.6995 -11.49
      vertex 6.04973 -20.2059 -11.49
    endloop
  endfacet
  facet normal 0 0 -1
    outer loop
      vertex 5.99817 -20.6995 -11.49
      vertex 5.74255 -20.1679 -11.49
      vertex 6.04973 -20.2059 -11.49
    endloop
  endfacet
  facet normal 0 0 -1
    outer loop
      vertex 5.57471 -20.6297 -11.49
      vertex 5.74255 -20.1679 -11.49
      vertex 5.99817 -20.6995 -11.49
    endloop
  endfacet
  facet normal 0 0 -1
    outer loop
      vertex 5.26448 -20.4201 -11.49
      vertex 5.74255 -20.1679 -11.49
      vertex 5.57471 -20.6297 -11.49
    endloop
  endfacet
  facet normal -0 0 -1
    outer loop
      vertex 5.74255 -20.1679 -11.49
      vertex 5.26448 -20.4201 -11.49
      vertex 5.53709 -20.0539 -11.49
    endloop
  endfacet
  facet normal -0 0 -1
    outer loop
      vertex 5.53709 -20.0539 -11.49
      vertex 5.07426 -20.0722 -11.49
      vertex 5.42111 -19.8586 -11.49
    endloop
  endfacet
  facet normal 0 0 -1
    outer loop
      vertex 5.07426 -20.0722 -11.49
      vertex 5.53709 -20.0539 -11.49
      vertex 5.26448 -20.4201 -11.49
    endloop
  endfacet
  facet normal -0 0 -1
    outer loop
      vertex 8.01932 -19.4955 -11.49
      vertex 7.65756 -19.5318 -11.49
      vertex 7.6881 -19.2782 -11.49
    endloop
  endfacet
  facet normal 0 0 -1
    outer loop
      vertex 7.91457 -19.7705 -11.49
      vertex 7.56601 -19.7555 -11.49
      vertex 7.65756 -19.5318 -11.49
    endloop
  endfacet
  facet normal 0 0 -1
    outer loop
      vertex 7.42122 -19.9424 -11.49
      vertex 7.72572 -20.0034 -11.49
      vertex 7.43852 -20.2059 -11.49
    endloop
  endfacet
  facet normal 0 0 -1
    outer loop
      vertex 7.72572 -20.0034 -11.49
      vertex 7.42122 -19.9424 -11.49
      vertex 7.56601 -19.7555 -11.49
    endloop
  endfacet
  facet normal 0 0 -1
    outer loop
      vertex 7.6881 -19.2782 -11.49
      vertex 8.05423 -19.1669 -11.49
      vertex 8.01932 -19.4955 -11.49
    endloop
  endfacet
  facet normal 0 0 -1
    outer loop
      vertex 7.65756 -19.5318 -11.49
      vertex 8.01932 -19.4955 -11.49
      vertex 7.91457 -19.7705 -11.49
    endloop
  endfacet
  facet normal 0 0 -1
    outer loop
      vertex 7.65553 -19.0669 -11.49
      vertex 8.05423 -19.1669 -11.49
      vertex 7.6881 -19.2782 -11.49
    endloop
  endfacet
  facet normal 0 0 -1
    outer loop
      vertex 7.56601 -19.7555 -11.49
      vertex 7.91457 -19.7705 -11.49
      vertex 7.72572 -20.0034 -11.49
    endloop
  endfacet
  facet normal 0 0 -1
    outer loop
      vertex 8.05423 -19.1669 -11.49
      vertex 7.65553 -19.0669 -11.49
      vertex 7.99593 -18.7797 -11.49
    endloop
  endfacet
  facet normal 0 0 -1
    outer loop
      vertex 7.55789 -18.9106 -11.49
      vertex 7.99593 -18.7797 -11.49
      vertex 7.65553 -19.0669 -11.49
    endloop
  endfacet
  facet normal -0 0 -1
    outer loop
      vertex 7.99593 -18.7797 -11.49
      vertex 7.55789 -18.9106 -11.49
      vertex 7.82097 -18.5024 -11.49
    endloop
  endfacet
  facet normal 0 0 -1
    outer loop
      vertex 7.40056 -18.814 -11.49
      vertex 7.82097 -18.5024 -11.49
      vertex 7.55789 -18.9106 -11.49
    endloop
  endfacet
  facet normal -0 0 -1
    outer loop
      vertex 7.82097 -18.5024 -11.49
      vertex 7.40056 -18.814 -11.49
      vertex 7.5443 -18.3356 -11.49
    endloop
  endfacet
  facet normal 0 0 -1
    outer loop
      vertex 7.18896 -18.7818 -11.49
      vertex 7.5443 -18.3356 -11.49
      vertex 7.40056 -18.814 -11.49
    endloop
  endfacet
  facet normal 0 0 -1
    outer loop
      vertex 7.18896 -18.7818 -11.49
      vertex 7.18085 -18.28 -11.49
      vertex 7.5443 -18.3356 -11.49
    endloop
  endfacet
  facet normal 0 0 -1
    outer loop
      vertex 6.99028 -18.8055 -11.49
      vertex 7.18085 -18.28 -11.49
      vertex 7.18896 -18.7818 -11.49
    endloop
  endfacet
  facet normal 0 0 -1
    outer loop
      vertex 6.77803 -18.3549 -11.49
      vertex 6.99028 -18.8055 -11.49
      vertex 6.83365 -18.8767 -11.49
    endloop
  endfacet
  facet normal 0 0 -1
    outer loop
      vertex 6.99028 -18.8055 -11.49
      vertex 6.77803 -18.3549 -11.49
      vertex 7.18085 -18.28 -11.49
    endloop
  endfacet
  facet normal 0 0 -1
    outer loop
      vertex 6.481 -18.5797 -11.49
      vertex 6.83365 -18.8767 -11.49
      vertex 6.71565 -18.9923 -11.49
    endloop
  endfacet
  facet normal 0 0 -1
    outer loop
      vertex 6.29385 -18.9713 -11.49
      vertex 6.71565 -18.9923 -11.49
      vertex 6.63293 -19.1493 -11.49
    endloop
  endfacet
  facet normal 0 0 -1
    outer loop
      vertex 6.29385 -18.9713 -11.49
      vertex 6.63293 -19.1493 -11.49
      vertex 6.58273 -19.3687 -11.49
    endloop
  endfacet
  facet normal 0 0 -1
    outer loop
      vertex 6.83365 -18.8767 -11.49
      vertex 6.481 -18.5797 -11.49
      vertex 6.77803 -18.3549 -11.49
    endloop
  endfacet
  facet normal 0 0 -1
    outer loop
      vertex 6.29385 -18.9713 -11.49
      vertex 6.58273 -19.3687 -11.49
      vertex 6.56236 -19.6715 -11.49
    endloop
  endfacet
  facet normal 0 0 -1
    outer loop
      vertex 6.20976 -20.2059 -11.49
      vertex 6.56236 -19.6715 -11.49
      vertex 6.55153 -20.2059 -11.49
    endloop
  endfacet
  facet normal 0 0 -1
    outer loop
      vertex 5.63812 -18.9798 -11.49
      vertex 5.80289 -18.4102 -11.49
      vertex 5.84901 -18.9201 -11.49
    endloop
  endfacet
  facet normal 0 0 -1
    outer loop
      vertex 5.20886 -18.7669 -11.49
      vertex 5.63812 -18.9798 -11.49
      vertex 5.49368 -19.0991 -11.49
    endloop
  endfacet
  facet normal 0 0 -1
    outer loop
      vertex 5.01085 -19.5874 -11.49
      vertex 5.42111 -19.8586 -11.49
      vertex 5.07426 -20.0722 -11.49
    endloop
  endfacet
  facet normal 0 0 -1
    outer loop
      vertex 5.63812 -18.9798 -11.49
      vertex 5.20886 -18.7669 -11.49
      vertex 5.80289 -18.4102 -11.49
    endloop
  endfacet
  facet normal 0 0 -1
    outer loop
      vertex 5.41026 -19.2931 -11.49
      vertex 5.20886 -18.7669 -11.49
      vertex 5.49368 -19.0991 -11.49
    endloop
  endfacet
  facet normal 0 0 -1
    outer loop
      vertex 5.42111 -19.8586 -11.49
      vertex 5.01085 -19.5874 -11.49
      vertex 5.38245 -19.5765 -11.49
    endloop
  endfacet
  facet normal -0 0 -1
    outer loop
      vertex 5.38245 -19.5765 -11.49
      vertex 5.01085 -19.5874 -11.49
      vertex 5.41026 -19.2931 -11.49
    endloop
  endfacet
  facet normal -0 0 -1
    outer loop
      vertex 5.41026 -19.2931 -11.49
      vertex 5.01085 -19.5874 -11.49
      vertex 5.20886 -18.7669 -11.49
    endloop
  endfacet
  facet normal 0 0 -1
    outer loop
      vertex 5.67268 -23.7765 -11.49
      vertex 5.45569 -23.2991 -11.49
      vertex 5.56689 -23.2964 -11.49
    endloop
  endfacet
  facet normal 0 0 -1
    outer loop
      vertex 5.29022 -23.7805 -11.49
      vertex 5.45569 -23.2991 -11.49
      vertex 5.67268 -23.7765 -11.49
    endloop
  endfacet
  facet normal 0 0 -1
    outer loop
      vertex 5.29022 -23.7805 -11.49
      vertex 5.28481 -23.3072 -11.49
      vertex 5.45569 -23.2991 -11.49
    endloop
  endfacet
  facet normal 0 0 -1
    outer loop
      vertex 5.29022 -23.7805 -11.49
      vertex 5.12952 -23.3181 -11.49
      vertex 5.28481 -23.3072 -11.49
    endloop
  endfacet
  facet normal 0 0 -1
    outer loop
      vertex 5.06509 -23.7928 -11.49
      vertex 5.12952 -23.3181 -11.49
      vertex 5.29022 -23.7805 -11.49
    endloop
  endfacet
  facet normal 0 0 -1
    outer loop
      vertex 5.12952 -23.3181 -11.49
      vertex 5.06509 -23.7928 -11.49
      vertex 5.06509 -23.3289 -11.49
    endloop
  endfacet
  facet normal 0 0 -1
    outer loop
      vertex 9.15279 -22.5477 -11.49
      vertex 8.56758 -23.1085 -11.49
      vertex 8.78119 -22.5613 -11.49
    endloop
  endfacet
  facet normal 0 0 -1
    outer loop
      vertex 7.91592 -23.7765 -11.49
      vertex 8.56758 -23.1085 -11.49
      vertex 8.84357 -23.4693 -11.49
    endloop
  endfacet
  facet normal 0 0 -1
    outer loop
      vertex 8.56758 -23.1085 -11.49
      vertex 7.91592 -23.7765 -11.49
      vertex 7.92677 -23.291 -11.49
    endloop
  endfacet
  facet normal 0 0 -1
    outer loop
      vertex 7.91592 -23.7765 -11.49
      vertex 7.4548 -23.291 -11.49
      vertex 7.92677 -23.291 -11.49
    endloop
  endfacet
  facet normal 0 0 -1
    outer loop
      vertex 7.13609 -23.1933 -11.49
      vertex 7.4548 -23.2855 -11.49
      vertex 7.4548 -23.291 -11.49
    endloop
  endfacet
  facet normal 0 0 -1
    outer loop
      vertex 7.4548 -23.2855 -11.49
      vertex 7.13609 -23.1933 -11.49
      vertex 7.3602 -23.0753 -11.49
    endloop
  endfacet
  facet normal 0 0 -1
    outer loop
      vertex 6.85838 -23.2665 -11.49
      vertex 7.4548 -23.291 -11.49
      vertex 7.91592 -23.7765 -11.49
    endloop
  endfacet
  facet normal 0 0 -1
    outer loop
      vertex 7.4548 -23.291 -11.49
      vertex 6.85838 -23.2665 -11.49
      vertex 7.13609 -23.1933 -11.49
    endloop
  endfacet
  facet normal 0 0 -1
    outer loop
      vertex 7.91592 -23.7765 -11.49
      vertex 6.53253 -23.291 -11.49
      vertex 6.85838 -23.2665 -11.49
    endloop
  endfacet
  facet normal 0 0 -1
    outer loop
      vertex 5.67268 -23.7765 -11.49
      vertex 6.53253 -23.291 -11.49
      vertex 7.91592 -23.7765 -11.49
    endloop
  endfacet
  facet normal -0 0 -1
    outer loop
      vertex 6.53253 -23.291 -11.49
      vertex 5.67268 -23.7765 -11.49
      vertex 6.19923 -23.2665 -11.49
    endloop
  endfacet
  facet normal -0 0 -1
    outer loop
      vertex 6.19923 -23.2665 -11.49
      vertex 5.67268 -23.7765 -11.49
      vertex 5.91545 -23.1933 -11.49
    endloop
  endfacet
  facet normal 0 0 -1
    outer loop
      vertex 5.56689 -23.2964 -11.49
      vertex 5.91545 -23.1933 -11.49
      vertex 5.67268 -23.7765 -11.49
    endloop
  endfacet
  facet normal 0 0 -1
    outer loop
      vertex 5.56689 -23.291 -11.49
      vertex 5.91545 -23.1933 -11.49
      vertex 5.56689 -23.2964 -11.49
    endloop
  endfacet
  facet normal -0 0 -1
    outer loop
      vertex 5.91545 -23.1933 -11.49
      vertex 5.56689 -23.291 -11.49
      vertex 5.68692 -23.0756 -11.49
    endloop
  endfacet
  facet normal 0 0 -1
    outer loop
      vertex 5.33395 -23.1401 -11.49
      vertex 5.68692 -23.0756 -11.49
      vertex 5.56689 -23.291 -11.49
    endloop
  endfacet
  facet normal -0 0 -1
    outer loop
      vertex 5.68692 -23.0756 -11.49
      vertex 5.33395 -23.1401 -11.49
      vertex 5.51945 -22.918 -11.49
    endloop
  endfacet
  facet normal -0 0 -1
    outer loop
      vertex 5.51945 -22.918 -11.49
      vertex 5.16136 -22.937 -11.49
      vertex 5.4167 -22.7285 -11.49
    endloop
  endfacet
  facet normal 0 0 -1
    outer loop
      vertex 5.16136 -22.937 -11.49
      vertex 5.51945 -22.918 -11.49
      vertex 5.33395 -23.1401 -11.49
    endloop
  endfacet
  facet normal 0 0 -1
    outer loop
      vertex 8.75372 -22.3161 -11.49
      vertex 9.10567 -22.1164 -11.49
      vertex 9.15279 -22.5477 -11.49
    endloop
  endfacet
  facet normal 0 0 -1
    outer loop
      vertex 8.56758 -23.1085 -11.49
      vertex 9.15279 -22.5477 -11.49
      vertex 8.84357 -23.4693 -11.49
    endloop
  endfacet
  facet normal 0 0 -1
    outer loop
      vertex 8.75372 -22.3161 -11.49
      vertex 9.15279 -22.5477 -11.49
      vertex 8.78119 -22.5613 -11.49
    endloop
  endfacet
  facet normal 0 0 -1
    outer loop
      vertex 8.67131 -22.1232 -11.49
      vertex 9.10567 -22.1164 -11.49
      vertex 8.75372 -22.3161 -11.49
    endloop
  endfacet
  facet normal -0 0 -1
    outer loop
      vertex 9.10567 -22.1164 -11.49
      vertex 8.67131 -22.1232 -11.49
      vertex 8.96428 -21.7828 -11.49
    endloop
  endfacet
  facet normal 0 0 -1
    outer loop
      vertex 8.53807 -21.9859 -11.49
      vertex 8.96428 -21.7828 -11.49
      vertex 8.67131 -22.1232 -11.49
    endloop
  endfacet
  facet normal -0 0 -1
    outer loop
      vertex 8.96428 -21.7828 -11.49
      vertex 8.53807 -21.9859 -11.49
      vertex 8.73608 -21.5489 -11.49
    endloop
  endfacet
  facet normal 0 0 -1
    outer loop
      vertex 8.35803 -21.9076 -11.49
      vertex 8.73608 -21.5489 -11.49
      vertex 8.53807 -21.9859 -11.49
    endloop
  endfacet
  facet normal -0 0 -1
    outer loop
      vertex 8.73608 -21.5489 -11.49
      vertex 8.35803 -21.9076 -11.49
      vertex 8.42856 -21.4166 -11.49
    endloop
  endfacet
  facet normal 0 0 -1
    outer loop
      vertex 7.66093 -22.507 -11.49
      vertex 8.02171 -22.3416 -11.49
      vertex 7.98613 -22.644 -11.49
    endloop
  endfacet
  facet normal 0 0 -1
    outer loop
      vertex 7.62703 -22.7247 -11.49
      vertex 7.98613 -22.644 -11.49
      vertex 7.87933 -22.9058 -11.49
    endloop
  endfacet
  facet normal 0 0 -1
    outer loop
      vertex 7.52533 -22.9166 -11.49
      vertex 7.87933 -22.9058 -11.49
      vertex 7.70198 -23.1214 -11.49
    endloop
  endfacet
  facet normal -0 0 -1
    outer loop
      vertex 8.02171 -22.3416 -11.49
      vertex 7.66093 -22.507 -11.49
      vertex 7.59515 -22.1761 -11.49
    endloop
  endfacet
  facet normal 0 0 -1
    outer loop
      vertex 8.02171 -22.3416 -11.49
      vertex 7.59515 -22.1761 -11.49
      vertex 7.93222 -21.8733 -11.49
    endloop
  endfacet
  facet normal -0 0 -1
    outer loop
      vertex 7.98613 -22.644 -11.49
      vertex 7.62703 -22.7247 -11.49
      vertex 7.66093 -22.507 -11.49
    endloop
  endfacet
  facet normal -0 0 -1
    outer loop
      vertex 7.87933 -22.9058 -11.49
      vertex 7.52533 -22.9166 -11.49
      vertex 7.62703 -22.7247 -11.49
    endloop
  endfacet
  facet normal 0 0 -1
    outer loop
      vertex 7.3602 -23.0753 -11.49
      vertex 7.70198 -23.1214 -11.49
      vertex 7.4548 -23.2855 -11.49
    endloop
  endfacet
  facet normal 0 0 -1
    outer loop
      vertex 7.70198 -23.1214 -11.49
      vertex 7.3602 -23.0753 -11.49
      vertex 7.52533 -22.9166 -11.49
    endloop
  endfacet
  facet normal 0 0 -1
    outer loop
      vertex 7.39784 -21.9591 -11.49
      vertex 7.93222 -21.8733 -11.49
      vertex 7.59515 -22.1761 -11.49
    endloop
  endfacet
  facet normal -0 0 -1
    outer loop
      vertex 7.93222 -21.8733 -11.49
      vertex 7.39784 -21.9591 -11.49
      vertex 7.66368 -21.5482 -11.49
    endloop
  endfacet
  facet normal 0 0 -1
    outer loop
      vertex 7.39784 -21.9591 -11.49
      vertex 7.20322 -21.358 -11.49
      vertex 7.66368 -21.5482 -11.49
    endloop
  endfacet
  facet normal 0 0 -1
    outer loop
      vertex 7.04996 -21.8391 -11.49
      vertex 7.20322 -21.358 -11.49
      vertex 7.39784 -21.9591 -11.49
    endloop
  endfacet
  facet normal 0 0 -1
    outer loop
      vertex 7.04996 -21.8391 -11.49
      vertex 6.53796 -21.2946 -11.49
      vertex 7.20322 -21.358 -11.49
    endloop
  endfacet
  facet normal 0 0 -1
    outer loop
      vertex 6.53253 -21.7991 -11.49
      vertex 6.53796 -21.2946 -11.49
      vertex 7.04996 -21.8391 -11.49
    endloop
  endfacet
  facet normal 0 0 -1
    outer loop
      vertex 6.00902 -21.8418 -11.49
      vertex 6.53796 -21.2946 -11.49
      vertex 6.53253 -21.7991 -11.49
    endloop
  endfacet
  facet normal 0 0 -1
    outer loop
      vertex 6.00902 -21.8418 -11.49
      vertex 5.86154 -21.3627 -11.49
      vertex 6.53796 -21.2946 -11.49
    endloop
  endfacet
  facet normal 0 0 -1
    outer loop
      vertex 5.65369 -21.97 -11.49
      vertex 5.86154 -21.3627 -11.49
      vertex 6.00902 -21.8418 -11.49
    endloop
  endfacet
  facet normal 0 0 -1
    outer loop
      vertex 5.11154 -21.9106 -11.49
      vertex 5.65369 -21.97 -11.49
      vertex 5.45026 -22.1917 -11.49
    endloop
  endfacet
  facet normal 0 0 -1
    outer loop
      vertex 5.65369 -21.97 -11.49
      vertex 5.38925 -21.5672 -11.49
      vertex 5.86154 -21.3627 -11.49
    endloop
  endfacet
  facet normal 0 0 -1
    outer loop
      vertex 5.01897 -22.3958 -11.49
      vertex 5.45026 -22.1917 -11.49
      vertex 5.38245 -22.5152 -11.49
    endloop
  endfacet
  facet normal 0 0 -1
    outer loop
      vertex 5.05457 -22.6871 -11.49
      vertex 5.4167 -22.7285 -11.49
      vertex 5.16136 -22.937 -11.49
    endloop
  endfacet
  facet normal 0 0 -1
    outer loop
      vertex 5.4167 -22.7285 -11.49
      vertex 5.05457 -22.6871 -11.49
      vertex 5.38245 -22.5152 -11.49
    endloop
  endfacet
  facet normal -0 0 -1
    outer loop
      vertex 5.45026 -22.1917 -11.49
      vertex 5.01897 -22.3958 -11.49
      vertex 5.11154 -21.9106 -11.49
    endloop
  endfacet
  facet normal -0 0 -1
    outer loop
      vertex 5.38245 -22.5152 -11.49
      vertex 5.05457 -22.6871 -11.49
      vertex 5.01897 -22.3958 -11.49
    endloop
  endfacet
  facet normal 0 0 -1
    outer loop
      vertex 5.65369 -21.97 -11.49
      vertex 5.11154 -21.9106 -11.49
      vertex 5.38925 -21.5672 -11.49
    endloop
  endfacet
  facet normal 0.963783 -0.266687 0
    outer loop
      vertex 7.88474 -12.1614 -10.99
      vertex 8.01186 -11.702 -11.49
      vertex 8.01186 -11.702 -10.99
    endloop
  endfacet
  facet normal 0.963783 -0.266687 0
    outer loop
      vertex 8.01186 -11.702 -11.49
      vertex 7.88474 -12.1614 -10.99
      vertex 7.88474 -12.1614 -11.49
    endloop
  endfacet
  facet normal 0.893361 -0.44934 0
    outer loop
      vertex 7.68028 -12.5679 -10.99
      vertex 7.88474 -12.1614 -11.49
      vertex 7.88474 -12.1614 -10.99
    endloop
  endfacet
  facet normal 0.893361 -0.44934 0
    outer loop
      vertex 7.88474 -12.1614 -11.49
      vertex 7.68028 -12.5679 -10.99
      vertex 7.68028 -12.5679 -11.49
    endloop
  endfacet
  facet normal 0.776548 -0.630058 0
    outer loop
      vertex 7.40596 -12.906 -10.99
      vertex 7.68028 -12.5679 -11.49
      vertex 7.68028 -12.5679 -10.99
    endloop
  endfacet
  facet normal 0.776548 -0.630058 0
    outer loop
      vertex 7.68028 -12.5679 -11.49
      vertex 7.40596 -12.906 -10.99
      vertex 7.40596 -12.906 -11.49
    endloop
  endfacet
  facet normal 0 -1 0
    outer loop
      vertex 6.08769 -12.906 -11.49
      vertex 7.40596 -12.906 -10.99
      vertex 6.08769 -12.906 -10.99
    endloop
  endfacet
  facet normal 0 -1 -0
    outer loop
      vertex 7.40596 -12.906 -10.99
      vertex 6.08769 -12.906 -11.49
      vertex 7.40596 -12.906 -11.49
    endloop
  endfacet
  facet normal -1 0 0
    outer loop
      vertex 6.08769 -12.906 -11.49
      vertex 6.08769 -11.2866 -10.99
      vertex 6.08769 -11.2866 -11.49
    endloop
  endfacet
  facet normal -1 -0 0
    outer loop
      vertex 6.08769 -11.2866 -10.99
      vertex 6.08769 -12.906 -11.49
      vertex 6.08769 -12.906 -10.99
    endloop
  endfacet
  facet normal 0 1 -0
    outer loop
      vertex 6.52168 -11.2866 -11.49
      vertex 6.08769 -11.2866 -10.99
      vertex 6.52168 -11.2866 -10.99
    endloop
  endfacet
  facet normal 0 1 0
    outer loop
      vertex 6.08769 -11.2866 -10.99
      vertex 6.52168 -11.2866 -11.49
      vertex 6.08769 -11.2866 -11.49
    endloop
  endfacet
  facet normal 1 -0 0
    outer loop
      vertex 6.52168 -12.4286 -10.99
      vertex 6.52168 -11.2866 -11.49
      vertex 6.52168 -11.2866 -10.99
    endloop
  endfacet
  facet normal 1 0 0
    outer loop
      vertex 6.52168 -11.2866 -11.49
      vertex 6.52168 -12.4286 -10.99
      vertex 6.52168 -12.4286 -11.49
    endloop
  endfacet
  facet normal 0 1 -0
    outer loop
      vertex 7.21069 -12.4286 -11.49
      vertex 6.52168 -12.4286 -10.99
      vertex 7.21069 -12.4286 -10.99
    endloop
  endfacet
  facet normal 0 1 0
    outer loop
      vertex 6.52168 -12.4286 -10.99
      vertex 7.21069 -12.4286 -11.49
      vertex 6.52168 -12.4286 -11.49
    endloop
  endfacet
  facet normal -0.797961 0.602709 0
    outer loop
      vertex 7.21069 -12.4286 -11.49
      vertex 7.38562 -12.197 -10.99
      vertex 7.38562 -12.197 -11.49
    endloop
  endfacet
  facet normal -0.797961 0.602709 0
    outer loop
      vertex 7.38562 -12.197 -10.99
      vertex 7.21069 -12.4286 -11.49
      vertex 7.21069 -12.4286 -10.99
    endloop
  endfacet
  facet normal -0.909263 0.416221 0
    outer loop
      vertex 7.38562 -12.197 -11.49
      vertex 7.51988 -11.9037 -10.99
      vertex 7.51988 -11.9037 -11.49
    endloop
  endfacet
  facet normal -0.909263 0.416221 0
    outer loop
      vertex 7.51988 -11.9037 -10.99
      vertex 7.38562 -12.197 -11.49
      vertex 7.38562 -12.197 -10.99
    endloop
  endfacet
  facet normal -0.969273 0.245989 0
    outer loop
      vertex 7.51988 -11.9037 -11.49
      vertex 7.60533 -11.567 -10.99
      vertex 7.60533 -11.567 -11.49
    endloop
  endfacet
  facet normal -0.969273 0.245989 0
    outer loop
      vertex 7.60533 -11.567 -10.99
      vertex 7.51988 -11.9037 -11.49
      vertex 7.51988 -11.9037 -10.99
    endloop
  endfacet
  facet normal -0.996917 0.0784689 0
    outer loop
      vertex 7.60533 -11.567 -11.49
      vertex 7.6338 -11.2053 -10.99
      vertex 7.6338 -11.2053 -11.49
    endloop
  endfacet
  facet normal -0.996917 0.0784689 0
    outer loop
      vertex 7.6338 -11.2053 -10.99
      vertex 7.60533 -11.567 -11.49
      vertex 7.60533 -11.567 -10.99
    endloop
  endfacet
  facet normal -0.984357 -0.176185 0
    outer loop
      vertex 7.6338 -11.2053 -11.49
      vertex 7.52904 -10.62 -10.99
      vertex 7.52904 -10.62 -11.49
    endloop
  endfacet
  facet normal -0.984357 -0.176185 0
    outer loop
      vertex 7.52904 -10.62 -10.99
      vertex 7.6338 -11.2053 -11.49
      vertex 7.6338 -11.2053 -10.99
    endloop
  endfacet
  facet normal -0.815442 -0.578839 0
    outer loop
      vertex 7.52904 -10.62 -11.49
      vertex 7.21472 -10.1772 -10.99
      vertex 7.21472 -10.1772 -11.49
    endloop
  endfacet
  facet normal -0.815442 -0.578839 0
    outer loop
      vertex 7.21472 -10.1772 -10.99
      vertex 7.52904 -10.62 -11.49
      vertex 7.52904 -10.62 -10.99
    endloop
  endfacet
  facet normal -0.490341 -0.87153 0
    outer loop
      vertex 6.71936 -9.8985 -11.49
      vertex 7.21472 -10.1772 -10.99
      vertex 6.71936 -9.8985 -10.99
    endloop
  endfacet
  facet normal -0.490341 -0.87153 -0
    outer loop
      vertex 7.21472 -10.1772 -10.99
      vertex 6.71936 -9.8985 -11.49
      vertex 7.21472 -10.1772 -11.49
    endloop
  endfacet
  facet normal -0.141939 -0.989875 0
    outer loop
      vertex 6.07141 -9.80559 -11.49
      vertex 6.71936 -9.8985 -10.99
      vertex 6.07141 -9.80559 -10.99
    endloop
  endfacet
  facet normal -0.141939 -0.989875 -0
    outer loop
      vertex 6.71936 -9.8985 -10.99
      vertex 6.07141 -9.80559 -11.49
      vertex 6.71936 -9.8985 -11.49
    endloop
  endfacet
  facet normal 0.134352 -0.990934 0
    outer loop
      vertex 5.42619 -9.89307 -11.49
      vertex 6.07141 -9.80559 -10.99
      vertex 5.42619 -9.89307 -10.99
    endloop
  endfacet
  facet normal 0.134352 -0.990934 0
    outer loop
      vertex 6.07141 -9.80559 -10.99
      vertex 5.42619 -9.89307 -11.49
      vertex 6.07141 -9.80559 -11.49
    endloop
  endfacet
  facet normal 0.478348 -0.878171 0
    outer loop
      vertex 4.94441 -10.1555 -11.49
      vertex 5.42619 -9.89307 -10.99
      vertex 4.94441 -10.1555 -10.99
    endloop
  endfacet
  facet normal 0.478348 -0.878171 0
    outer loop
      vertex 5.42619 -9.89307 -10.99
      vertex 4.94441 -10.1555 -11.49
      vertex 5.42619 -9.89307 -11.49
    endloop
  endfacet
  facet normal 0.818728 -0.574181 0
    outer loop
      vertex 4.64432 -10.5834 -10.99
      vertex 4.94441 -10.1555 -11.49
      vertex 4.94441 -10.1555 -10.99
    endloop
  endfacet
  facet normal 0.818728 -0.574181 0
    outer loop
      vertex 4.94441 -10.1555 -11.49
      vertex 4.64432 -10.5834 -10.99
      vertex 4.64432 -10.5834 -11.49
    endloop
  endfacet
  facet normal 0.985638 -0.16887 0
    outer loop
      vertex 4.54428 -11.1673 -10.99
      vertex 4.64432 -10.5834 -11.49
      vertex 4.64432 -10.5834 -10.99
    endloop
  endfacet
  facet normal 0.985638 -0.16887 0
    outer loop
      vertex 4.64432 -10.5834 -11.49
      vertex 4.54428 -11.1673 -10.99
      vertex 4.54428 -11.1673 -11.49
    endloop
  endfacet
  facet normal 0.995476 0.0950146 0
    outer loop
      vertex 4.58159 -11.5582 -10.99
      vertex 4.54428 -11.1673 -11.49
      vertex 4.54428 -11.1673 -10.99
    endloop
  endfacet
  facet normal 0.995476 0.0950146 0
    outer loop
      vertex 4.54428 -11.1673 -11.49
      vertex 4.58159 -11.5582 -10.99
      vertex 4.58159 -11.5582 -11.49
    endloop
  endfacet
  facet normal 0.944311 0.329053 0
    outer loop
      vertex 4.69348 -11.8793 -10.99
      vertex 4.58159 -11.5582 -11.49
      vertex 4.58159 -11.5582 -10.99
    endloop
  endfacet
  facet normal 0.944311 0.329053 0
    outer loop
      vertex 4.58159 -11.5582 -11.49
      vertex 4.69348 -11.8793 -10.99
      vertex 4.69348 -11.8793 -11.49
    endloop
  endfacet
  facet normal 0.797331 0.603542 0
    outer loop
      vertex 4.88673 -12.1346 -10.99
      vertex 4.69348 -11.8793 -11.49
      vertex 4.69348 -11.8793 -10.99
    endloop
  endfacet
  facet normal 0.797331 0.603542 0
    outer loop
      vertex 4.69348 -11.8793 -11.49
      vertex 4.88673 -12.1346 -10.99
      vertex 4.88673 -12.1346 -11.49
    endloop
  endfacet
  facet normal 0.566747 0.823892 -0
    outer loop
      vertex 5.16817 -12.3282 -11.49
      vertex 4.88673 -12.1346 -10.99
      vertex 5.16817 -12.3282 -10.99
    endloop
  endfacet
  facet normal 0.566747 0.823892 0
    outer loop
      vertex 4.88673 -12.1346 -10.99
      vertex 5.16817 -12.3282 -11.49
      vertex 4.88673 -12.1346 -11.49
    endloop
  endfacet
  facet normal 0.958688 -0.284461 0
    outer loop
      vertex 5.02168 -12.8219 -10.99
      vertex 5.16817 -12.3282 -11.49
      vertex 5.16817 -12.3282 -10.99
    endloop
  endfacet
  facet normal 0.958688 -0.284461 0
    outer loop
      vertex 5.16817 -12.3282 -11.49
      vertex 5.02168 -12.8219 -10.99
      vertex 5.02168 -12.8219 -11.49
    endloop
  endfacet
  facet normal -0.537382 -0.843339 0
    outer loop
      vertex 4.61412 -12.5622 -11.49
      vertex 5.02168 -12.8219 -10.99
      vertex 4.61412 -12.5622 -10.99
    endloop
  endfacet
  facet normal -0.537382 -0.843339 -0
    outer loop
      vertex 5.02168 -12.8219 -10.99
      vertex 4.61412 -12.5622 -11.49
      vertex 5.02168 -12.8219 -11.49
    endloop
  endfacet
  facet normal -0.782782 -0.622296 0
    outer loop
      vertex 4.61412 -12.5622 -11.49
      vertex 4.3354 -12.2116 -10.99
      vertex 4.3354 -12.2116 -11.49
    endloop
  endfacet
  facet normal -0.782782 -0.622296 0
    outer loop
      vertex 4.3354 -12.2116 -10.99
      vertex 4.61412 -12.5622 -11.49
      vertex 4.61412 -12.5622 -10.99
    endloop
  endfacet
  facet normal -0.943078 -0.332571 0
    outer loop
      vertex 4.3354 -12.2116 -11.49
      vertex 4.1747 -11.7559 -10.99
      vertex 4.1747 -11.7559 -11.49
    endloop
  endfacet
  facet normal -0.943078 -0.332571 0
    outer loop
      vertex 4.1747 -11.7559 -10.99
      vertex 4.3354 -12.2116 -11.49
      vertex 4.3354 -12.2116 -10.99
    endloop
  endfacet
  facet normal -0.995688 -0.0927647 0
    outer loop
      vertex 4.1747 -11.7559 -11.49
      vertex 4.12112 -11.1808 -10.99
      vertex 4.12112 -11.1808 -11.49
    endloop
  endfacet
  facet normal -0.995688 -0.0927647 0
    outer loop
      vertex 4.12112 -11.1808 -10.99
      vertex 4.1747 -11.7559 -11.49
      vertex 4.1747 -11.7559 -10.99
    endloop
  endfacet
  facet normal -0.987606 0.156956 0
    outer loop
      vertex 4.12112 -11.1808 -11.49
      vertex 4.24861 -10.3786 -10.99
      vertex 4.24861 -10.3786 -11.49
    endloop
  endfacet
  facet normal -0.987606 0.156956 0
    outer loop
      vertex 4.24861 -10.3786 -10.99
      vertex 4.12112 -11.1808 -11.49
      vertex 4.12112 -11.1808 -10.99
    endloop
  endfacet
  facet normal -0.843293 0.537455 0
    outer loop
      vertex 4.24861 -10.3786 -11.49
      vertex 4.63109 -9.77847 -10.99
      vertex 4.63109 -9.77847 -11.49
    endloop
  endfacet
  facet normal -0.843293 0.537455 0
    outer loop
      vertex 4.63109 -9.77847 -10.99
      vertex 4.24861 -10.3786 -11.49
      vertex 4.24861 -10.3786 -10.99
    endloop
  endfacet
  facet normal -0.519872 0.854244 0
    outer loop
      vertex 5.24615 -9.40416 -11.49
      vertex 4.63109 -9.77847 -10.99
      vertex 5.24615 -9.40416 -10.99
    endloop
  endfacet
  facet normal -0.519872 0.854244 0
    outer loop
      vertex 4.63109 -9.77847 -10.99
      vertex 5.24615 -9.40416 -11.49
      vertex 4.63109 -9.77847 -11.49
    endloop
  endfacet
  facet normal -0.14949 0.988763 0
    outer loop
      vertex 6.07141 -9.27939 -11.49
      vertex 5.24615 -9.40416 -10.99
      vertex 6.07141 -9.27939 -10.99
    endloop
  endfacet
  facet normal -0.14949 0.988763 0
    outer loop
      vertex 5.24615 -9.40416 -10.99
      vertex 6.07141 -9.27939 -11.49
      vertex 5.24615 -9.40416 -11.49
    endloop
  endfacet
  facet normal 0.100383 0.994949 -0
    outer loop
      vertex 6.63934 -9.33669 -11.49
      vertex 6.07141 -9.27939 -10.99
      vertex 6.63934 -9.33669 -10.99
    endloop
  endfacet
  facet normal 0.100383 0.994949 0
    outer loop
      vertex 6.07141 -9.27939 -10.99
      vertex 6.63934 -9.33669 -11.49
      vertex 6.07141 -9.27939 -11.49
    endloop
  endfacet
  facet normal 0.331887 0.943319 -0
    outer loop
      vertex 7.12793 -9.50859 -11.49
      vertex 6.63934 -9.33669 -10.99
      vertex 7.12793 -9.50859 -10.99
    endloop
  endfacet
  facet normal 0.331887 0.943319 0
    outer loop
      vertex 6.63934 -9.33669 -10.99
      vertex 7.12793 -9.50859 -11.49
      vertex 6.63934 -9.33669 -11.49
    endloop
  endfacet
  facet normal 0.57753 0.816369 -0
    outer loop
      vertex 7.52429 -9.78899 -11.49
      vertex 7.12793 -9.50859 -10.99
      vertex 7.52429 -9.78899 -10.99
    endloop
  endfacet
  facet normal 0.57753 0.816369 0
    outer loop
      vertex 7.12793 -9.50859 -10.99
      vertex 7.52429 -9.78899 -11.49
      vertex 7.12793 -9.50859 -11.49
    endloop
  endfacet
  facet normal 0.795817 0.605537 0
    outer loop
      vertex 7.81557 -10.1718 -10.99
      vertex 7.52429 -9.78899 -11.49
      vertex 7.52429 -9.78899 -10.99
    endloop
  endfacet
  facet normal 0.795817 0.605537 0
    outer loop
      vertex 7.52429 -9.78899 -11.49
      vertex 7.81557 -10.1718 -10.99
      vertex 7.81557 -10.1718 -11.49
    endloop
  endfacet
  facet normal 0.935853 0.352392 0
    outer loop
      vertex 7.99458 -10.6472 -10.99
      vertex 7.81557 -10.1718 -11.49
      vertex 7.81557 -10.1718 -10.99
    endloop
  endfacet
  facet normal 0.935853 0.352392 0
    outer loop
      vertex 7.81557 -10.1718 -11.49
      vertex 7.99458 -10.6472 -10.99
      vertex 7.99458 -10.6472 -11.49
    endloop
  endfacet
  facet normal 0.994337 0.106275 0
    outer loop
      vertex 8.05423 -11.2053 -10.99
      vertex 7.99458 -10.6472 -11.49
      vertex 7.99458 -10.6472 -10.99
    endloop
  endfacet
  facet normal 0.994337 0.106275 0
    outer loop
      vertex 7.99458 -10.6472 -11.49
      vertex 8.05423 -11.2053 -10.99
      vertex 8.05423 -11.2053 -11.49
    endloop
  endfacet
  facet normal 0.996381 -0.0849943 0
    outer loop
      vertex 8.01186 -11.702 -10.99
      vertex 8.05423 -11.2053 -11.49
      vertex 8.05423 -11.2053 -10.99
    endloop
  endfacet
  facet normal 0.996381 -0.0849943 0
    outer loop
      vertex 8.05423 -11.2053 -11.49
      vertex 8.01186 -11.702 -10.99
      vertex 8.01186 -11.702 -11.49
    endloop
  endfacet
  facet normal 0.882377 -0.470543 0
    outer loop
      vertex 7.76401 -35.6395 -10.99
      vertex 7.98169 -35.2313 -11.49
      vertex 7.98169 -35.2313 -10.99
    endloop
  endfacet
  facet normal 0.882377 -0.470543 0
    outer loop
      vertex 7.98169 -35.2313 -11.49
      vertex 7.76401 -35.6395 -10.99
      vertex 7.76401 -35.6395 -11.49
    endloop
  endfacet
  facet normal 0.584851 -0.811141 0
    outer loop
      vertex 7.41409 -35.8918 -11.49
      vertex 7.76401 -35.6395 -10.99
      vertex 7.41409 -35.8918 -10.99
    endloop
  endfacet
  facet normal 0.584851 -0.811141 0
    outer loop
      vertex 7.76401 -35.6395 -10.99
      vertex 7.41409 -35.8918 -11.49
      vertex 7.76401 -35.6395 -11.49
    endloop
  endfacet
  facet normal 0.176415 -0.984316 0
    outer loop
      vertex 6.94485 -35.9759 -11.49
      vertex 7.41409 -35.8918 -10.99
      vertex 6.94485 -35.9759 -10.99
    endloop
  endfacet
  facet normal 0.176415 -0.984316 0
    outer loop
      vertex 7.41409 -35.8918 -10.99
      vertex 6.94485 -35.9759 -11.49
      vertex 7.41409 -35.8918 -11.49
    endloop
  endfacet
  facet normal -0.175445 -0.984489 0
    outer loop
      vertex 6.60985 -35.9162 -11.49
      vertex 6.94485 -35.9759 -10.99
      vertex 6.60985 -35.9162 -10.99
    endloop
  endfacet
  facet normal -0.175445 -0.984489 -0
    outer loop
      vertex 6.94485 -35.9759 -10.99
      vertex 6.60985 -35.9162 -11.49
      vertex 6.94485 -35.9759 -11.49
    endloop
  endfacet
  facet normal -0.548884 -0.835898 0
    outer loop
      vertex 6.33725 -35.7372 -11.49
      vertex 6.60985 -35.9162 -10.99
      vertex 6.33725 -35.7372 -10.99
    endloop
  endfacet
  facet normal -0.548884 -0.835898 -0
    outer loop
      vertex 6.60985 -35.9162 -10.99
      vertex 6.33725 -35.7372 -11.49
      vertex 6.60985 -35.9162 -11.49
    endloop
  endfacet
  facet normal -0.829661 -0.558267 0
    outer loop
      vertex 6.33725 -35.7372 -11.49
      vertex 6.14467 -35.451 -10.99
      vertex 6.14467 -35.451 -11.49
    endloop
  endfacet
  facet normal -0.829661 -0.558267 0
    outer loop
      vertex 6.14467 -35.451 -10.99
      vertex 6.33725 -35.7372 -11.49
      vertex 6.33725 -35.7372 -10.99
    endloop
  endfacet
  facet normal -0.970343 -0.241733 0
    outer loop
      vertex 6.14467 -35.451 -11.49
      vertex 6.04973 -35.0699 -10.99
      vertex 6.04973 -35.0699 -11.49
    endloop
  endfacet
  facet normal -0.970343 -0.241733 0
    outer loop
      vertex 6.04973 -35.0699 -10.99
      vertex 6.14467 -35.451 -11.49
      vertex 6.14467 -35.451 -10.99
    endloop
  endfacet
  facet normal 0 -1 0
    outer loop
      vertex 6.03889 -35.0699 -11.49
      vertex 6.04973 -35.0699 -10.99
      vertex 6.03889 -35.0699 -10.99
    endloop
  endfacet
  facet normal 0 -1 -0
    outer loop
      vertex 6.04973 -35.0699 -10.99
      vertex 6.03889 -35.0699 -11.49
      vertex 6.04973 -35.0699 -11.49
    endloop
  endfacet
  facet normal 0.945652 -0.325181 0
    outer loop
      vertex 5.92053 -35.4141 -10.99
      vertex 6.03889 -35.0699 -11.49
      vertex 6.03889 -35.0699 -10.99
    endloop
  endfacet
  facet normal 0.945652 -0.325181 0
    outer loop
      vertex 6.03889 -35.0699 -11.49
      vertex 5.92053 -35.4141 -10.99
      vertex 5.92053 -35.4141 -11.49
    endloop
  endfacet
  facet normal 0.794135 -0.607741 0
    outer loop
      vertex 5.72829 -35.6653 -10.99
      vertex 5.92053 -35.4141 -11.49
      vertex 5.92053 -35.4141 -10.99
    endloop
  endfacet
  facet normal 0.794135 -0.607741 0
    outer loop
      vertex 5.92053 -35.4141 -11.49
      vertex 5.72829 -35.6653 -10.99
      vertex 5.72829 -35.6653 -11.49
    endloop
  endfacet
  facet normal 0.503677 -0.863892 0
    outer loop
      vertex 5.46484 -35.8189 -11.49
      vertex 5.72829 -35.6653 -10.99
      vertex 5.46484 -35.8189 -10.99
    endloop
  endfacet
  facet normal 0.503677 -0.863892 0
    outer loop
      vertex 5.72829 -35.6653 -10.99
      vertex 5.46484 -35.8189 -11.49
      vertex 5.72829 -35.6653 -11.49
    endloop
  endfacet
  facet normal 0.152438 -0.988313 0
    outer loop
      vertex 5.13289 -35.8701 -11.49
      vertex 5.46484 -35.8189 -10.99
      vertex 5.13289 -35.8701 -10.99
    endloop
  endfacet
  facet normal 0.152438 -0.988313 0
    outer loop
      vertex 5.46484 -35.8189 -10.99
      vertex 5.13289 -35.8701 -11.49
      vertex 5.46484 -35.8189 -11.49
    endloop
  endfacet
  facet normal -0.18416 -0.982896 0
    outer loop
      vertex 4.70805 -35.7905 -11.49
      vertex 5.13289 -35.8701 -10.99
      vertex 4.70805 -35.7905 -10.99
    endloop
  endfacet
  facet normal -0.18416 -0.982896 -0
    outer loop
      vertex 5.13289 -35.8701 -10.99
      vertex 4.70805 -35.7905 -11.49
      vertex 5.13289 -35.8701 -11.49
    endloop
  endfacet
  facet normal -0.598881 -0.800838 0
    outer loop
      vertex 4.38832 -35.5514 -11.49
      vertex 4.70805 -35.7905 -10.99
      vertex 4.38832 -35.5514 -10.99
    endloop
  endfacet
  facet normal -0.598881 -0.800838 -0
    outer loop
      vertex 4.70805 -35.7905 -10.99
      vertex 4.38832 -35.5514 -11.49
      vertex 4.70805 -35.7905 -11.49
    endloop
  endfacet
  facet normal -0.88595 -0.463781 0
    outer loop
      vertex 4.38832 -35.5514 -11.49
      vertex 4.18793 -35.1686 -10.99
      vertex 4.18793 -35.1686 -11.49
    endloop
  endfacet
  facet normal -0.88595 -0.463781 0
    outer loop
      vertex 4.18793 -35.1686 -10.99
      vertex 4.38832 -35.5514 -11.49
      vertex 4.38832 -35.5514 -10.99
    endloop
  endfacet
  facet normal -0.991561 -0.12964 0
    outer loop
      vertex 4.18793 -35.1686 -11.49
      vertex 4.12112 -34.6576 -10.99
      vertex 4.12112 -34.6576 -11.49
    endloop
  endfacet
  facet normal -0.991561 -0.12964 0
    outer loop
      vertex 4.12112 -34.6576 -10.99
      vertex 4.18793 -35.1686 -11.49
      vertex 4.18793 -35.1686 -10.99
    endloop
  endfacet
  facet normal -0.990679 0.136218 0
    outer loop
      vertex 4.12112 -34.6576 -11.49
      vertex 4.1869 -34.1792 -10.99
      vertex 4.1869 -34.1792 -11.49
    endloop
  endfacet
  facet normal -0.990679 0.136218 0
    outer loop
      vertex 4.1869 -34.1792 -10.99
      vertex 4.12112 -34.6576 -11.49
      vertex 4.12112 -34.6576 -10.99
    endloop
  endfacet
  facet normal -0.888833 0.458232 0
    outer loop
      vertex 4.1869 -34.1792 -11.49
      vertex 4.38425 -33.7964 -10.99
      vertex 4.38425 -33.7964 -11.49
    endloop
  endfacet
  facet normal -0.888833 0.458232 0
    outer loop
      vertex 4.38425 -33.7964 -10.99
      vertex 4.1869 -34.1792 -11.49
      vertex 4.1869 -34.1792 -10.99
    endloop
  endfacet
  facet normal -0.643896 0.765113 0
    outer loop
      vertex 4.6989 -33.5316 -11.49
      vertex 4.38425 -33.7964 -10.99
      vertex 4.6989 -33.5316 -10.99
    endloop
  endfacet
  facet normal -0.643896 0.765113 0
    outer loop
      vertex 4.38425 -33.7964 -10.99
      vertex 4.6989 -33.5316 -11.49
      vertex 4.38425 -33.7964 -11.49
    endloop
  endfacet
  facet normal -0.285425 0.958401 0
    outer loop
      vertex 5.11661 -33.4072 -11.49
      vertex 4.6989 -33.5316 -10.99
      vertex 5.11661 -33.4072 -10.99
    endloop
  endfacet
  facet normal -0.285425 0.958401 0
    outer loop
      vertex 4.6989 -33.5316 -10.99
      vertex 5.11661 -33.4072 -11.49
      vertex 4.6989 -33.5316 -11.49
    endloop
  endfacet
  facet normal 0.997019 0.0771578 0
    outer loop
      vertex 5.1546 -33.8981 -10.99
      vertex 5.11661 -33.4072 -11.49
      vertex 5.11661 -33.4072 -10.99
    endloop
  endfacet
  facet normal 0.997019 0.0771578 0
    outer loop
      vertex 5.11661 -33.4072 -11.49
      vertex 5.1546 -33.8981 -10.99
      vertex 5.1546 -33.8981 -11.49
    endloop
  endfacet
  facet normal 0.267914 -0.963443 0
    outer loop
      vertex 4.88741 -33.9724 -11.49
      vertex 5.1546 -33.8981 -10.99
      vertex 4.88741 -33.9724 -10.99
    endloop
  endfacet
  facet normal 0.267914 -0.963443 0
    outer loop
      vertex 5.1546 -33.8981 -10.99
      vertex 4.88741 -33.9724 -11.49
      vertex 5.1546 -33.8981 -11.49
    endloop
  endfacet
  facet normal 0.620397 -0.784288 0
    outer loop
      vertex 4.68805 -34.1301 -11.49
      vertex 4.88741 -33.9724 -10.99
      vertex 4.68805 -34.1301 -10.99
    endloop
  endfacet
  facet normal 0.620397 -0.784288 0
    outer loop
      vertex 4.88741 -33.9724 -10.99
      vertex 4.68805 -34.1301 -11.49
      vertex 4.88741 -33.9724 -11.49
    endloop
  endfacet
  facet normal 0.880206 -0.474592 0
    outer loop
      vertex 4.56393 -34.3603 -10.99
      vertex 4.68805 -34.1301 -11.49
      vertex 4.68805 -34.1301 -10.99
    endloop
  endfacet
  facet normal 0.880206 -0.474592 0
    outer loop
      vertex 4.68805 -34.1301 -11.49
      vertex 4.56393 -34.3603 -10.99
      vertex 4.56393 -34.3603 -11.49
    endloop
  endfacet
  facet normal 0.99011 -0.140291 0
    outer loop
      vertex 4.52257 -34.6522 -10.99
      vertex 4.56393 -34.3603 -11.49
      vertex 4.56393 -34.3603 -10.99
    endloop
  endfacet
  facet normal 0.99011 -0.140291 0
    outer loop
      vertex 4.56393 -34.3603 -11.49
      vertex 4.52257 -34.6522 -10.99
      vertex 4.52257 -34.6522 -11.49
    endloop
  endfacet
  facet normal 0.989991 0.141128 0
    outer loop
      vertex 4.56699 -34.9638 -10.99
      vertex 4.52257 -34.6522 -11.49
      vertex 4.52257 -34.6522 -10.99
    endloop
  endfacet
  facet normal 0.989991 0.141128 0
    outer loop
      vertex 4.52257 -34.6522 -11.49
      vertex 4.56699 -34.9638 -10.99
      vertex 4.56699 -34.9638 -11.49
    endloop
  endfacet
  facet normal 0.859534 0.511079 0
    outer loop
      vertex 4.70024 -35.1879 -10.99
      vertex 4.56699 -34.9638 -11.49
      vertex 4.56699 -34.9638 -10.99
    endloop
  endfacet
  facet normal 0.859534 0.511079 0
    outer loop
      vertex 4.56699 -34.9638 -11.49
      vertex 4.70024 -35.1879 -10.99
      vertex 4.70024 -35.1879 -11.49
    endloop
  endfacet
  facet normal 0.541789 0.840514 -0
    outer loop
      vertex 4.91014 -35.3232 -11.49
      vertex 4.70024 -35.1879 -10.99
      vertex 4.91014 -35.3232 -10.99
    endloop
  endfacet
  facet normal 0.541789 0.840514 0
    outer loop
      vertex 4.70024 -35.1879 -10.99
      vertex 4.91014 -35.3232 -11.49
      vertex 4.70024 -35.1879 -11.49
    endloop
  endfacet
  facet normal 0.162234 0.986752 -0
    outer loop
      vertex 5.18445 -35.3683 -11.49
      vertex 4.91014 -35.3232 -10.99
      vertex 5.18445 -35.3683 -10.99
    endloop
  endfacet
  facet normal 0.162234 0.986752 0
    outer loop
      vertex 4.91014 -35.3232 -10.99
      vertex 5.18445 -35.3683 -11.49
      vertex 4.91014 -35.3232 -11.49
    endloop
  endfacet
  facet normal -0.196711 0.980461 0
    outer loop
      vertex 5.46008 -35.313 -11.49
      vertex 5.18445 -35.3683 -10.99
      vertex 5.46008 -35.313 -10.99
    endloop
  endfacet
  facet normal -0.196711 0.980461 0
    outer loop
      vertex 5.18445 -35.3683 -10.99
      vertex 5.46008 -35.313 -11.49
      vertex 5.18445 -35.3683 -11.49
    endloop
  endfacet
  facet normal -0.622349 0.78274 0
    outer loop
      vertex 5.66861 -35.1472 -11.49
      vertex 5.46008 -35.313 -10.99
      vertex 5.66861 -35.1472 -10.99
    endloop
  endfacet
  facet normal -0.622349 0.78274 0
    outer loop
      vertex 5.46008 -35.313 -10.99
      vertex 5.66861 -35.1472 -11.49
      vertex 5.46008 -35.313 -11.49
    endloop
  endfacet
  facet normal -0.896867 0.4423 0
    outer loop
      vertex 5.66861 -35.1472 -11.49
      vertex 5.79984 -34.8811 -10.99
      vertex 5.79984 -34.8811 -11.49
    endloop
  endfacet
  facet normal -0.896867 0.4423 0
    outer loop
      vertex 5.79984 -34.8811 -10.99
      vertex 5.66861 -35.1472 -11.49
      vertex 5.66861 -35.1472 -10.99
    endloop
  endfacet
  facet normal -0.992556 0.121786 0
    outer loop
      vertex 5.79984 -34.8811 -11.49
      vertex 5.84357 -34.5247 -10.99
      vertex 5.84357 -34.5247 -11.49
    endloop
  endfacet
  facet normal -0.992556 0.121786 0
    outer loop
      vertex 5.84357 -34.5247 -10.99
      vertex 5.79984 -34.8811 -11.49
      vertex 5.79984 -34.8811 -10.99
    endloop
  endfacet
  facet normal -1 0 0
    outer loop
      vertex 5.84357 -34.5247 -11.49
      vertex 5.84357 -34.2589 -10.99
      vertex 5.84357 -34.2589 -11.49
    endloop
  endfacet
  facet normal -1 -0 0
    outer loop
      vertex 5.84357 -34.2589 -10.99
      vertex 5.84357 -34.5247 -11.49
      vertex 5.84357 -34.5247 -10.99
    endloop
  endfacet
  facet normal 0 1 -0
    outer loop
      vertex 6.26672 -34.2589 -11.49
      vertex 5.84357 -34.2589 -10.99
      vertex 6.26672 -34.2589 -10.99
    endloop
  endfacet
  facet normal 0 1 0
    outer loop
      vertex 5.84357 -34.2589 -10.99
      vertex 6.26672 -34.2589 -11.49
      vertex 5.84357 -34.2589 -11.49
    endloop
  endfacet
  facet normal 1 -0 0
    outer loop
      vertex 6.26672 -34.5356 -10.99
      vertex 6.26672 -34.2589 -11.49
      vertex 6.26672 -34.2589 -10.99
    endloop
  endfacet
  facet normal 1 0 0
    outer loop
      vertex 6.26672 -34.2589 -11.49
      vertex 6.26672 -34.5356 -10.99
      vertex 6.26672 -34.5356 -11.49
    endloop
  endfacet
  facet normal 0.994063 0.108807 0
    outer loop
      vertex 6.31047 -34.9353 -10.99
      vertex 6.26672 -34.5356 -11.49
      vertex 6.26672 -34.5356 -10.99
    endloop
  endfacet
  facet normal 0.994063 0.108807 0
    outer loop
      vertex 6.26672 -34.5356 -11.49
      vertex 6.31047 -34.9353 -10.99
      vertex 6.31047 -34.9353 -11.49
    endloop
  endfacet
  facet normal 0.912822 0.408358 0
    outer loop
      vertex 6.44168 -35.2286 -10.99
      vertex 6.31047 -34.9353 -11.49
      vertex 6.31047 -34.9353 -10.99
    endloop
  endfacet
  facet normal 0.912822 0.408358 0
    outer loop
      vertex 6.31047 -34.9353 -11.49
      vertex 6.44168 -35.2286 -10.99
      vertex 6.44168 -35.2286 -11.49
    endloop
  endfacet
  facet normal 0.652205 0.758043 -0
    outer loop
      vertex 6.65089 -35.4086 -11.49
      vertex 6.44168 -35.2286 -10.99
      vertex 6.65089 -35.4086 -10.99
    endloop
  endfacet
  facet normal 0.652205 0.758043 0
    outer loop
      vertex 6.44168 -35.2286 -10.99
      vertex 6.65089 -35.4086 -11.49
      vertex 6.44168 -35.2286 -11.49
    endloop
  endfacet
  facet normal 0.211538 0.97737 -0
    outer loop
      vertex 6.92857 -35.4687 -11.49
      vertex 6.65089 -35.4086 -10.99
      vertex 6.92857 -35.4687 -10.99
    endloop
  endfacet
  facet normal 0.211538 0.97737 0
    outer loop
      vertex 6.65089 -35.4086 -10.99
      vertex 6.92857 -35.4687 -11.49
      vertex 6.65089 -35.4086 -11.49
    endloop
  endfacet
  facet normal -0.165229 0.986255 0
    outer loop
      vertex 7.24254 -35.4161 -11.49
      vertex 6.92857 -35.4687 -10.99
      vertex 7.24254 -35.4161 -10.99
    endloop
  endfacet
  facet normal -0.165229 0.986255 0
    outer loop
      vertex 6.92857 -35.4687 -10.99
      vertex 7.24254 -35.4161 -11.49
      vertex 6.92857 -35.4687 -11.49
    endloop
  endfacet
  facet normal -0.572534 0.819881 0
    outer loop
      vertex 7.46837 -35.2584 -11.49
      vertex 7.24254 -35.4161 -10.99
      vertex 7.46837 -35.2584 -10.99
    endloop
  endfacet
  facet normal -0.572534 0.819881 0
    outer loop
      vertex 7.24254 -35.4161 -10.99
      vertex 7.46837 -35.2584 -11.49
      vertex 7.24254 -35.4161 -11.49
    endloop
  endfacet
  facet normal -0.877924 0.4788 0
    outer loop
      vertex 7.46837 -35.2584 -11.49
      vertex 7.60466 -35.0085 -10.99
      vertex 7.60466 -35.0085 -11.49
    endloop
  endfacet
  facet normal -0.877924 0.4788 0
    outer loop
      vertex 7.60466 -35.0085 -10.99
      vertex 7.46837 -35.2584 -11.49
      vertex 7.46837 -35.2584 -10.99
    endloop
  endfacet
  facet normal -0.990612 0.136706 0
    outer loop
      vertex 7.60466 -35.0085 -11.49
      vertex 7.65009 -34.6793 -10.99
      vertex 7.65009 -34.6793 -11.49
    endloop
  endfacet
  facet normal -0.990612 0.136706 0
    outer loop
      vertex 7.65009 -34.6793 -10.99
      vertex 7.60466 -35.0085 -11.49
      vertex 7.60466 -35.0085 -10.99
    endloop
  endfacet
  facet normal -0.959272 -0.282483 0
    outer loop
      vertex 7.65009 -34.6793 -11.49
      vertex 7.48056 -34.1036 -10.99
      vertex 7.48056 -34.1036 -11.49
    endloop
  endfacet
  facet normal -0.959272 -0.282483 0
    outer loop
      vertex 7.48056 -34.1036 -10.99
      vertex 7.65009 -34.6793 -11.49
      vertex 7.65009 -34.6793 -10.99
    endloop
  endfacet
  facet normal -0.451007 -0.89252 0
    outer loop
      vertex 6.97197 -33.8466 -11.49
      vertex 7.48056 -34.1036 -10.99
      vertex 6.97197 -33.8466 -10.99
    endloop
  endfacet
  facet normal -0.451007 -0.89252 -0
    outer loop
      vertex 7.48056 -34.1036 -10.99
      vertex 6.97197 -33.8466 -11.49
      vertex 7.48056 -34.1036 -11.49
    endloop
  endfacet
  facet normal -0.995849 0.0910181 0
    outer loop
      vertex 6.97197 -33.8466 -11.49
      vertex 7.01808 -33.3421 -10.99
      vertex 7.01808 -33.3421 -11.49
    endloop
  endfacet
  facet normal -0.995849 0.0910181 0
    outer loop
      vertex 7.01808 -33.3421 -10.99
      vertex 6.97197 -33.8466 -11.49
      vertex 6.97197 -33.8466 -10.99
    endloop
  endfacet
  facet normal 0.287981 0.957636 -0
    outer loop
      vertex 7.468 -33.4774 -11.49
      vertex 7.01808 -33.3421 -10.99
      vertex 7.468 -33.4774 -10.99
    endloop
  endfacet
  facet normal 0.287981 0.957636 0
    outer loop
      vertex 7.01808 -33.3421 -10.99
      vertex 7.468 -33.4774 -11.49
      vertex 7.01808 -33.3421 -11.49
    endloop
  endfacet
  facet normal 0.647365 0.76218 -0
    outer loop
      vertex 7.79248 -33.753 -11.49
      vertex 7.468 -33.4774 -10.99
      vertex 7.79248 -33.753 -10.99
    endloop
  endfacet
  facet normal 0.647365 0.76218 0
    outer loop
      vertex 7.468 -33.4774 -10.99
      vertex 7.79248 -33.753 -11.49
      vertex 7.468 -33.4774 -11.49
    endloop
  endfacet
  facet normal 0.89964 0.436631 0
    outer loop
      vertex 7.9888 -34.1575 -10.99
      vertex 7.79248 -33.753 -11.49
      vertex 7.79248 -33.753 -10.99
    endloop
  endfacet
  facet normal 0.89964 0.436631 0
    outer loop
      vertex 7.79248 -33.753 -11.49
      vertex 7.9888 -34.1575 -10.99
      vertex 7.9888 -34.1575 -11.49
    endloop
  endfacet
  facet normal 0.99223 0.124419 0
    outer loop
      vertex 8.05423 -34.6793 -10.99
      vertex 7.9888 -34.1575 -11.49
      vertex 7.9888 -34.1575 -10.99
    endloop
  endfacet
  facet normal 0.99223 0.124419 0
    outer loop
      vertex 7.9888 -34.1575 -11.49
      vertex 8.05423 -34.6793 -10.99
      vertex 8.05423 -34.6793 -11.49
    endloop
  endfacet
  facet normal 0.991476 -0.130293 0
    outer loop
      vertex 7.98169 -35.2313 -10.99
      vertex 8.05423 -34.6793 -11.49
      vertex 8.05423 -34.6793 -10.99
    endloop
  endfacet
  facet normal 0.991476 -0.130293 0
    outer loop
      vertex 8.05423 -34.6793 -11.49
      vertex 7.98169 -35.2313 -10.99
      vertex 7.98169 -35.2313 -11.49
    endloop
  endfacet
  facet normal 0.882377 -0.470543 0
    outer loop
      vertex 7.76401 -32.6222 -10.99
      vertex 7.98169 -32.214 -11.49
      vertex 7.98169 -32.214 -10.99
    endloop
  endfacet
  facet normal 0.882377 -0.470543 0
    outer loop
      vertex 7.98169 -32.214 -11.49
      vertex 7.76401 -32.6222 -10.99
      vertex 7.76401 -32.6222 -11.49
    endloop
  endfacet
  facet normal 0.584851 -0.811141 0
    outer loop
      vertex 7.41409 -32.8745 -11.49
      vertex 7.76401 -32.6222 -10.99
      vertex 7.41409 -32.8745 -10.99
    endloop
  endfacet
  facet normal 0.584851 -0.811141 0
    outer loop
      vertex 7.76401 -32.6222 -10.99
      vertex 7.41409 -32.8745 -11.49
      vertex 7.76401 -32.6222 -11.49
    endloop
  endfacet
  facet normal 0.176415 -0.984316 0
    outer loop
      vertex 6.94485 -32.9586 -11.49
      vertex 7.41409 -32.8745 -10.99
      vertex 6.94485 -32.9586 -10.99
    endloop
  endfacet
  facet normal 0.176415 -0.984316 0
    outer loop
      vertex 7.41409 -32.8745 -10.99
      vertex 6.94485 -32.9586 -11.49
      vertex 7.41409 -32.8745 -11.49
    endloop
  endfacet
  facet normal -0.175445 -0.984489 0
    outer loop
      vertex 6.60985 -32.8989 -11.49
      vertex 6.94485 -32.9586 -10.99
      vertex 6.60985 -32.8989 -10.99
    endloop
  endfacet
  facet normal -0.175445 -0.984489 -0
    outer loop
      vertex 6.94485 -32.9586 -10.99
      vertex 6.60985 -32.8989 -11.49
      vertex 6.94485 -32.9586 -11.49
    endloop
  endfacet
  facet normal -0.548884 -0.835898 0
    outer loop
      vertex 6.33725 -32.7199 -11.49
      vertex 6.60985 -32.8989 -10.99
      vertex 6.33725 -32.7199 -10.99
    endloop
  endfacet
  facet normal -0.548884 -0.835898 -0
    outer loop
      vertex 6.60985 -32.8989 -10.99
      vertex 6.33725 -32.7199 -11.49
      vertex 6.60985 -32.8989 -11.49
    endloop
  endfacet
  facet normal -0.829661 -0.558267 0
    outer loop
      vertex 6.33725 -32.7199 -11.49
      vertex 6.14467 -32.4337 -10.99
      vertex 6.14467 -32.4337 -11.49
    endloop
  endfacet
  facet normal -0.829661 -0.558267 0
    outer loop
      vertex 6.14467 -32.4337 -10.99
      vertex 6.33725 -32.7199 -11.49
      vertex 6.33725 -32.7199 -10.99
    endloop
  endfacet
  facet normal -0.970343 -0.241733 0
    outer loop
      vertex 6.14467 -32.4337 -11.49
      vertex 6.04973 -32.0526 -10.99
      vertex 6.04973 -32.0526 -11.49
    endloop
  endfacet
  facet normal -0.970343 -0.241733 0
    outer loop
      vertex 6.04973 -32.0526 -10.99
      vertex 6.14467 -32.4337 -11.49
      vertex 6.14467 -32.4337 -10.99
    endloop
  endfacet
  facet normal 0 -1 0
    outer loop
      vertex 6.03889 -32.0526 -11.49
      vertex 6.04973 -32.0526 -10.99
      vertex 6.03889 -32.0526 -10.99
    endloop
  endfacet
  facet normal 0 -1 -0
    outer loop
      vertex 6.04973 -32.0526 -10.99
      vertex 6.03889 -32.0526 -11.49
      vertex 6.04973 -32.0526 -11.49
    endloop
  endfacet
  facet normal 0.945652 -0.325181 0
    outer loop
      vertex 5.92053 -32.3968 -10.99
      vertex 6.03889 -32.0526 -11.49
      vertex 6.03889 -32.0526 -10.99
    endloop
  endfacet
  facet normal 0.945652 -0.325181 0
    outer loop
      vertex 6.03889 -32.0526 -11.49
      vertex 5.92053 -32.3968 -10.99
      vertex 5.92053 -32.3968 -11.49
    endloop
  endfacet
  facet normal 0.794135 -0.607741 0
    outer loop
      vertex 5.72829 -32.648 -10.99
      vertex 5.92053 -32.3968 -11.49
      vertex 5.92053 -32.3968 -10.99
    endloop
  endfacet
  facet normal 0.794135 -0.607741 0
    outer loop
      vertex 5.92053 -32.3968 -11.49
      vertex 5.72829 -32.648 -10.99
      vertex 5.72829 -32.648 -11.49
    endloop
  endfacet
  facet normal 0.503677 -0.863892 0
    outer loop
      vertex 5.46484 -32.8016 -11.49
      vertex 5.72829 -32.648 -10.99
      vertex 5.46484 -32.8016 -10.99
    endloop
  endfacet
  facet normal 0.503677 -0.863892 0
    outer loop
      vertex 5.72829 -32.648 -10.99
      vertex 5.46484 -32.8016 -11.49
      vertex 5.72829 -32.648 -11.49
    endloop
  endfacet
  facet normal 0.152438 -0.988313 0
    outer loop
      vertex 5.13289 -32.8528 -11.49
      vertex 5.46484 -32.8016 -10.99
      vertex 5.13289 -32.8528 -10.99
    endloop
  endfacet
  facet normal 0.152438 -0.988313 0
    outer loop
      vertex 5.46484 -32.8016 -10.99
      vertex 5.13289 -32.8528 -11.49
      vertex 5.46484 -32.8016 -11.49
    endloop
  endfacet
  facet normal -0.18416 -0.982896 0
    outer loop
      vertex 4.70805 -32.7732 -11.49
      vertex 5.13289 -32.8528 -10.99
      vertex 4.70805 -32.7732 -10.99
    endloop
  endfacet
  facet normal -0.18416 -0.982896 -0
    outer loop
      vertex 5.13289 -32.8528 -10.99
      vertex 4.70805 -32.7732 -11.49
      vertex 5.13289 -32.8528 -11.49
    endloop
  endfacet
  facet normal -0.598881 -0.800838 0
    outer loop
      vertex 4.38832 -32.5341 -11.49
      vertex 4.70805 -32.7732 -10.99
      vertex 4.38832 -32.5341 -10.99
    endloop
  endfacet
  facet normal -0.598881 -0.800838 -0
    outer loop
      vertex 4.70805 -32.7732 -10.99
      vertex 4.38832 -32.5341 -11.49
      vertex 4.70805 -32.7732 -11.49
    endloop
  endfacet
  facet normal -0.88595 -0.463781 0
    outer loop
      vertex 4.38832 -32.5341 -11.49
      vertex 4.18793 -32.1513 -10.99
      vertex 4.18793 -32.1513 -11.49
    endloop
  endfacet
  facet normal -0.88595 -0.463781 0
    outer loop
      vertex 4.18793 -32.1513 -10.99
      vertex 4.38832 -32.5341 -11.49
      vertex 4.38832 -32.5341 -10.99
    endloop
  endfacet
  facet normal -0.991561 -0.12964 0
    outer loop
      vertex 4.18793 -32.1513 -11.49
      vertex 4.12112 -31.6403 -10.99
      vertex 4.12112 -31.6403 -11.49
    endloop
  endfacet
  facet normal -0.991561 -0.12964 0
    outer loop
      vertex 4.12112 -31.6403 -10.99
      vertex 4.18793 -32.1513 -11.49
      vertex 4.18793 -32.1513 -10.99
    endloop
  endfacet
  facet normal -0.990679 0.136218 0
    outer loop
      vertex 4.12112 -31.6403 -11.49
      vertex 4.1869 -31.1619 -10.99
      vertex 4.1869 -31.1619 -11.49
    endloop
  endfacet
  facet normal -0.990679 0.136218 0
    outer loop
      vertex 4.1869 -31.1619 -10.99
      vertex 4.12112 -31.6403 -11.49
      vertex 4.12112 -31.6403 -10.99
    endloop
  endfacet
  facet normal -0.888833 0.458232 0
    outer loop
      vertex 4.1869 -31.1619 -11.49
      vertex 4.38425 -30.7791 -10.99
      vertex 4.38425 -30.7791 -11.49
    endloop
  endfacet
  facet normal -0.888833 0.458232 0
    outer loop
      vertex 4.38425 -30.7791 -10.99
      vertex 4.1869 -31.1619 -11.49
      vertex 4.1869 -31.1619 -10.99
    endloop
  endfacet
  facet normal -0.643896 0.765113 0
    outer loop
      vertex 4.6989 -30.5143 -11.49
      vertex 4.38425 -30.7791 -10.99
      vertex 4.6989 -30.5143 -10.99
    endloop
  endfacet
  facet normal -0.643896 0.765113 0
    outer loop
      vertex 4.38425 -30.7791 -10.99
      vertex 4.6989 -30.5143 -11.49
      vertex 4.38425 -30.7791 -11.49
    endloop
  endfacet
  facet normal -0.285425 0.958401 0
    outer loop
      vertex 5.11661 -30.3899 -11.49
      vertex 4.6989 -30.5143 -10.99
      vertex 5.11661 -30.3899 -10.99
    endloop
  endfacet
  facet normal -0.285425 0.958401 0
    outer loop
      vertex 4.6989 -30.5143 -10.99
      vertex 5.11661 -30.3899 -11.49
      vertex 4.6989 -30.5143 -11.49
    endloop
  endfacet
  facet normal 0.997019 0.0771578 0
    outer loop
      vertex 5.1546 -30.8808 -10.99
      vertex 5.11661 -30.3899 -11.49
      vertex 5.11661 -30.3899 -10.99
    endloop
  endfacet
  facet normal 0.997019 0.0771578 0
    outer loop
      vertex 5.11661 -30.3899 -11.49
      vertex 5.1546 -30.8808 -10.99
      vertex 5.1546 -30.8808 -11.49
    endloop
  endfacet
  facet normal 0.267914 -0.963443 0
    outer loop
      vertex 4.88741 -30.9551 -11.49
      vertex 5.1546 -30.8808 -10.99
      vertex 4.88741 -30.9551 -10.99
    endloop
  endfacet
  facet normal 0.267914 -0.963443 0
    outer loop
      vertex 5.1546 -30.8808 -10.99
      vertex 4.88741 -30.9551 -11.49
      vertex 5.1546 -30.8808 -11.49
    endloop
  endfacet
  facet normal 0.620397 -0.784288 0
    outer loop
      vertex 4.68805 -31.1128 -11.49
      vertex 4.88741 -30.9551 -10.99
      vertex 4.68805 -31.1128 -10.99
    endloop
  endfacet
  facet normal 0.620397 -0.784288 0
    outer loop
      vertex 4.88741 -30.9551 -10.99
      vertex 4.68805 -31.1128 -11.49
      vertex 4.88741 -30.9551 -11.49
    endloop
  endfacet
  facet normal 0.880206 -0.474592 0
    outer loop
      vertex 4.56393 -31.343 -10.99
      vertex 4.68805 -31.1128 -11.49
      vertex 4.68805 -31.1128 -10.99
    endloop
  endfacet
  facet normal 0.880206 -0.474592 0
    outer loop
      vertex 4.68805 -31.1128 -11.49
      vertex 4.56393 -31.343 -10.99
      vertex 4.56393 -31.343 -11.49
    endloop
  endfacet
  facet normal 0.99011 -0.140291 0
    outer loop
      vertex 4.52257 -31.6349 -10.99
      vertex 4.56393 -31.343 -11.49
      vertex 4.56393 -31.343 -10.99
    endloop
  endfacet
  facet normal 0.99011 -0.140291 0
    outer loop
      vertex 4.56393 -31.343 -11.49
      vertex 4.52257 -31.6349 -10.99
      vertex 4.52257 -31.6349 -11.49
    endloop
  endfacet
  facet normal 0.989991 0.141128 0
    outer loop
      vertex 4.56699 -31.9465 -10.99
      vertex 4.52257 -31.6349 -11.49
      vertex 4.52257 -31.6349 -10.99
    endloop
  endfacet
  facet normal 0.989991 0.141128 0
    outer loop
      vertex 4.52257 -31.6349 -11.49
      vertex 4.56699 -31.9465 -10.99
      vertex 4.56699 -31.9465 -11.49
    endloop
  endfacet
  facet normal 0.859534 0.511079 0
    outer loop
      vertex 4.70024 -32.1706 -10.99
      vertex 4.56699 -31.9465 -11.49
      vertex 4.56699 -31.9465 -10.99
    endloop
  endfacet
  facet normal 0.859534 0.511079 0
    outer loop
      vertex 4.56699 -31.9465 -11.49
      vertex 4.70024 -32.1706 -10.99
      vertex 4.70024 -32.1706 -11.49
    endloop
  endfacet
  facet normal 0.541789 0.840514 -0
    outer loop
      vertex 4.91014 -32.3059 -11.49
      vertex 4.70024 -32.1706 -10.99
      vertex 4.91014 -32.3059 -10.99
    endloop
  endfacet
  facet normal 0.541789 0.840514 0
    outer loop
      vertex 4.70024 -32.1706 -10.99
      vertex 4.91014 -32.3059 -11.49
      vertex 4.70024 -32.1706 -11.49
    endloop
  endfacet
  facet normal 0.162234 0.986752 -0
    outer loop
      vertex 5.18445 -32.351 -11.49
      vertex 4.91014 -32.3059 -10.99
      vertex 5.18445 -32.351 -10.99
    endloop
  endfacet
  facet normal 0.162234 0.986752 0
    outer loop
      vertex 4.91014 -32.3059 -10.99
      vertex 5.18445 -32.351 -11.49
      vertex 4.91014 -32.3059 -11.49
    endloop
  endfacet
  facet normal -0.196711 0.980461 0
    outer loop
      vertex 5.46008 -32.2957 -11.49
      vertex 5.18445 -32.351 -10.99
      vertex 5.46008 -32.2957 -10.99
    endloop
  endfacet
  facet normal -0.196711 0.980461 0
    outer loop
      vertex 5.18445 -32.351 -10.99
      vertex 5.46008 -32.2957 -11.49
      vertex 5.18445 -32.351 -11.49
    endloop
  endfacet
  facet normal -0.622349 0.78274 0
    outer loop
      vertex 5.66861 -32.1299 -11.49
      vertex 5.46008 -32.2957 -10.99
      vertex 5.66861 -32.1299 -10.99
    endloop
  endfacet
  facet normal -0.622349 0.78274 0
    outer loop
      vertex 5.46008 -32.2957 -10.99
      vertex 5.66861 -32.1299 -11.49
      vertex 5.46008 -32.2957 -11.49
    endloop
  endfacet
  facet normal -0.896867 0.4423 0
    outer loop
      vertex 5.66861 -32.1299 -11.49
      vertex 5.79984 -31.8638 -10.99
      vertex 5.79984 -31.8638 -11.49
    endloop
  endfacet
  facet normal -0.896867 0.4423 0
    outer loop
      vertex 5.79984 -31.8638 -10.99
      vertex 5.66861 -32.1299 -11.49
      vertex 5.66861 -32.1299 -10.99
    endloop
  endfacet
  facet normal -0.992556 0.121786 0
    outer loop
      vertex 5.79984 -31.8638 -11.49
      vertex 5.84357 -31.5074 -10.99
      vertex 5.84357 -31.5074 -11.49
    endloop
  endfacet
  facet normal -0.992556 0.121786 0
    outer loop
      vertex 5.84357 -31.5074 -10.99
      vertex 5.79984 -31.8638 -11.49
      vertex 5.79984 -31.8638 -10.99
    endloop
  endfacet
  facet normal -1 0 0
    outer loop
      vertex 5.84357 -31.5074 -11.49
      vertex 5.84357 -31.2416 -10.99
      vertex 5.84357 -31.2416 -11.49
    endloop
  endfacet
  facet normal -1 -0 0
    outer loop
      vertex 5.84357 -31.2416 -10.99
      vertex 5.84357 -31.5074 -11.49
      vertex 5.84357 -31.5074 -10.99
    endloop
  endfacet
  facet normal 0 1 -0
    outer loop
      vertex 6.26672 -31.2416 -11.49
      vertex 5.84357 -31.2416 -10.99
      vertex 6.26672 -31.2416 -10.99
    endloop
  endfacet
  facet normal 0 1 0
    outer loop
      vertex 5.84357 -31.2416 -10.99
      vertex 6.26672 -31.2416 -11.49
      vertex 5.84357 -31.2416 -11.49
    endloop
  endfacet
  facet normal 1 -0 0
    outer loop
      vertex 6.26672 -31.5183 -10.99
      vertex 6.26672 -31.2416 -11.49
      vertex 6.26672 -31.2416 -10.99
    endloop
  endfacet
  facet normal 1 0 0
    outer loop
      vertex 6.26672 -31.2416 -11.49
      vertex 6.26672 -31.5183 -10.99
      vertex 6.26672 -31.5183 -11.49
    endloop
  endfacet
  facet normal 0.994063 0.108807 0
    outer loop
      vertex 6.31047 -31.918 -10.99
      vertex 6.26672 -31.5183 -11.49
      vertex 6.26672 -31.5183 -10.99
    endloop
  endfacet
  facet normal 0.994063 0.108807 0
    outer loop
      vertex 6.26672 -31.5183 -11.49
      vertex 6.31047 -31.918 -10.99
      vertex 6.31047 -31.918 -11.49
    endloop
  endfacet
  facet normal 0.912822 0.408358 0
    outer loop
      vertex 6.44168 -32.2113 -10.99
      vertex 6.31047 -31.918 -11.49
      vertex 6.31047 -31.918 -10.99
    endloop
  endfacet
  facet normal 0.912822 0.408358 0
    outer loop
      vertex 6.31047 -31.918 -11.49
      vertex 6.44168 -32.2113 -10.99
      vertex 6.44168 -32.2113 -11.49
    endloop
  endfacet
  facet normal 0.652205 0.758043 -0
    outer loop
      vertex 6.65089 -32.3913 -11.49
      vertex 6.44168 -32.2113 -10.99
      vertex 6.65089 -32.3913 -10.99
    endloop
  endfacet
  facet normal 0.652205 0.758043 0
    outer loop
      vertex 6.44168 -32.2113 -10.99
      vertex 6.65089 -32.3913 -11.49
      vertex 6.44168 -32.2113 -11.49
    endloop
  endfacet
  facet normal 0.211538 0.97737 -0
    outer loop
      vertex 6.92857 -32.4514 -11.49
      vertex 6.65089 -32.3913 -10.99
      vertex 6.92857 -32.4514 -10.99
    endloop
  endfacet
  facet normal 0.211538 0.97737 0
    outer loop
      vertex 6.65089 -32.3913 -10.99
      vertex 6.92857 -32.4514 -11.49
      vertex 6.65089 -32.3913 -11.49
    endloop
  endfacet
  facet normal -0.165229 0.986255 0
    outer loop
      vertex 7.24254 -32.3988 -11.49
      vertex 6.92857 -32.4514 -10.99
      vertex 7.24254 -32.3988 -10.99
    endloop
  endfacet
  facet normal -0.165229 0.986255 0
    outer loop
      vertex 6.92857 -32.4514 -10.99
      vertex 7.24254 -32.3988 -11.49
      vertex 6.92857 -32.4514 -11.49
    endloop
  endfacet
  facet normal -0.572534 0.819881 0
    outer loop
      vertex 7.46837 -32.2411 -11.49
      vertex 7.24254 -32.3988 -10.99
      vertex 7.46837 -32.2411 -10.99
    endloop
  endfacet
  facet normal -0.572534 0.819881 0
    outer loop
      vertex 7.24254 -32.3988 -10.99
      vertex 7.46837 -32.2411 -11.49
      vertex 7.24254 -32.3988 -11.49
    endloop
  endfacet
  facet normal -0.877924 0.4788 0
    outer loop
      vertex 7.46837 -32.2411 -11.49
      vertex 7.60466 -31.9912 -10.99
      vertex 7.60466 -31.9912 -11.49
    endloop
  endfacet
  facet normal -0.877924 0.4788 0
    outer loop
      vertex 7.60466 -31.9912 -10.99
      vertex 7.46837 -32.2411 -11.49
      vertex 7.46837 -32.2411 -10.99
    endloop
  endfacet
  facet normal -0.990612 0.136706 0
    outer loop
      vertex 7.60466 -31.9912 -11.49
      vertex 7.65009 -31.662 -10.99
      vertex 7.65009 -31.662 -11.49
    endloop
  endfacet
  facet normal -0.990612 0.136706 0
    outer loop
      vertex 7.65009 -31.662 -10.99
      vertex 7.60466 -31.9912 -11.49
      vertex 7.60466 -31.9912 -10.99
    endloop
  endfacet
  facet normal -0.959272 -0.282483 0
    outer loop
      vertex 7.65009 -31.662 -11.49
      vertex 7.48056 -31.0863 -10.99
      vertex 7.48056 -31.0863 -11.49
    endloop
  endfacet
  facet normal -0.959272 -0.282483 0
    outer loop
      vertex 7.48056 -31.0863 -10.99
      vertex 7.65009 -31.662 -11.49
      vertex 7.65009 -31.662 -10.99
    endloop
  endfacet
  facet normal -0.451007 -0.89252 0
    outer loop
      vertex 6.97197 -30.8293 -11.49
      vertex 7.48056 -31.0863 -10.99
      vertex 6.97197 -30.8293 -10.99
    endloop
  endfacet
  facet normal -0.451007 -0.89252 -0
    outer loop
      vertex 7.48056 -31.0863 -10.99
      vertex 6.97197 -30.8293 -11.49
      vertex 7.48056 -31.0863 -11.49
    endloop
  endfacet
  facet normal -0.995849 0.0910181 0
    outer loop
      vertex 6.97197 -30.8293 -11.49
      vertex 7.01808 -30.3248 -10.99
      vertex 7.01808 -30.3248 -11.49
    endloop
  endfacet
  facet normal -0.995849 0.0910181 0
    outer loop
      vertex 7.01808 -30.3248 -10.99
      vertex 6.97197 -30.8293 -11.49
      vertex 6.97197 -30.8293 -10.99
    endloop
  endfacet
  facet normal 0.287981 0.957636 -0
    outer loop
      vertex 7.468 -30.4601 -11.49
      vertex 7.01808 -30.3248 -10.99
      vertex 7.468 -30.4601 -10.99
    endloop
  endfacet
  facet normal 0.287981 0.957636 0
    outer loop
      vertex 7.01808 -30.3248 -10.99
      vertex 7.468 -30.4601 -11.49
      vertex 7.01808 -30.3248 -11.49
    endloop
  endfacet
  facet normal 0.647365 0.76218 -0
    outer loop
      vertex 7.79248 -30.7357 -11.49
      vertex 7.468 -30.4601 -10.99
      vertex 7.79248 -30.7357 -10.99
    endloop
  endfacet
  facet normal 0.647365 0.76218 0
    outer loop
      vertex 7.468 -30.4601 -10.99
      vertex 7.79248 -30.7357 -11.49
      vertex 7.468 -30.4601 -11.49
    endloop
  endfacet
  facet normal 0.89964 0.436631 0
    outer loop
      vertex 7.9888 -31.1402 -10.99
      vertex 7.79248 -30.7357 -11.49
      vertex 7.79248 -30.7357 -10.99
    endloop
  endfacet
  facet normal 0.89964 0.436631 0
    outer loop
      vertex 7.79248 -30.7357 -11.49
      vertex 7.9888 -31.1402 -10.99
      vertex 7.9888 -31.1402 -11.49
    endloop
  endfacet
  facet normal 0.99223 0.124419 0
    outer loop
      vertex 8.05423 -31.662 -10.99
      vertex 7.9888 -31.1402 -11.49
      vertex 7.9888 -31.1402 -10.99
    endloop
  endfacet
  facet normal 0.99223 0.124419 0
    outer loop
      vertex 7.9888 -31.1402 -11.49
      vertex 8.05423 -31.662 -10.99
      vertex 8.05423 -31.662 -11.49
    endloop
  endfacet
  facet normal 0.991476 -0.130293 0
    outer loop
      vertex 7.98169 -32.214 -10.99
      vertex 8.05423 -31.662 -11.49
      vertex 8.05423 -31.662 -10.99
    endloop
  endfacet
  facet normal 0.991476 -0.130293 0
    outer loop
      vertex 8.05423 -31.662 -11.49
      vertex 7.98169 -32.214 -10.99
      vertex 7.98169 -32.214 -11.49
    endloop
  endfacet
  facet normal -1 0 0
    outer loop
      vertex 7.58501 -29.9142 -11.49
      vertex 7.58501 -28.9838 -10.99
      vertex 7.58501 -28.9838 -11.49
    endloop
  endfacet
  facet normal -1 -0 0
    outer loop
      vertex 7.58501 -28.9838 -10.99
      vertex 7.58501 -29.9142 -11.49
      vertex 7.58501 -29.9142 -10.99
    endloop
  endfacet
  facet normal 0 -1 0
    outer loop
      vertex 4.17809 -28.9838 -11.49
      vertex 7.58501 -28.9838 -10.99
      vertex 4.17809 -28.9838 -10.99
    endloop
  endfacet
  facet normal 0 -1 -0
    outer loop
      vertex 7.58501 -28.9838 -10.99
      vertex 4.17809 -28.9838 -11.49
      vertex 7.58501 -28.9838 -11.49
    endloop
  endfacet
  facet normal -1 0 0
    outer loop
      vertex 4.17809 -28.9838 -11.49
      vertex 4.17809 -28.5335 -10.99
      vertex 4.17809 -28.5335 -11.49
    endloop
  endfacet
  facet normal -1 -0 0
    outer loop
      vertex 4.17809 -28.5335 -10.99
      vertex 4.17809 -28.9838 -11.49
      vertex 4.17809 -28.9838 -10.99
    endloop
  endfacet
  facet normal -0.823986 0.56661 0
    outer loop
      vertex 4.17809 -28.5335 -11.49
      vertex 4.79924 -27.6302 -10.99
      vertex 4.79924 -27.6302 -11.49
    endloop
  endfacet
  facet normal -0.823986 0.56661 0
    outer loop
      vertex 4.79924 -27.6302 -10.99
      vertex 4.17809 -28.5335 -11.49
      vertex 4.17809 -28.5335 -10.99
    endloop
  endfacet
  facet normal 0 1 -0
    outer loop
      vertex 5.26036 -27.6302 -11.49
      vertex 4.79924 -27.6302 -10.99
      vertex 5.26036 -27.6302 -10.99
    endloop
  endfacet
  facet normal 0 1 0
    outer loop
      vertex 4.79924 -27.6302 -10.99
      vertex 5.26036 -27.6302 -11.49
      vertex 4.79924 -27.6302 -11.49
    endloop
  endfacet
  facet normal 0.813927 -0.580968 0
    outer loop
      vertex 4.64465 -28.4928 -10.99
      vertex 5.26036 -27.6302 -11.49
      vertex 5.26036 -27.6302 -10.99
    endloop
  endfacet
  facet normal 0.813927 -0.580968 0
    outer loop
      vertex 5.26036 -27.6302 -11.49
      vertex 4.64465 -28.4928 -10.99
      vertex 4.64465 -28.4928 -11.49
    endloop
  endfacet
  facet normal 0 1 -0
    outer loop
      vertex 7.58501 -28.4928 -11.49
      vertex 4.64465 -28.4928 -10.99
      vertex 7.58501 -28.4928 -10.99
    endloop
  endfacet
  facet normal 0 1 0
    outer loop
      vertex 4.64465 -28.4928 -10.99
      vertex 7.58501 -28.4928 -11.49
      vertex 4.64465 -28.4928 -11.49
    endloop
  endfacet
  facet normal -1 0 0
    outer loop
      vertex 7.58501 -28.4928 -11.49
      vertex 7.58501 -27.5191 -10.99
      vertex 7.58501 -27.5191 -11.49
    endloop
  endfacet
  facet normal -1 -0 0
    outer loop
      vertex 7.58501 -27.5191 -10.99
      vertex 7.58501 -28.4928 -11.49
      vertex 7.58501 -28.4928 -10.99
    endloop
  endfacet
  facet normal 0 1 -0
    outer loop
      vertex 8 -27.5191 -11.49
      vertex 7.58501 -27.5191 -10.99
      vertex 8 -27.5191 -10.99
    endloop
  endfacet
  facet normal 0 1 0
    outer loop
      vertex 7.58501 -27.5191 -10.99
      vertex 8 -27.5191 -11.49
      vertex 7.58501 -27.5191 -11.49
    endloop
  endfacet
  facet normal 1 -0 0
    outer loop
      vertex 8 -29.9142 -10.99
      vertex 8 -27.5191 -11.49
      vertex 8 -27.5191 -10.99
    endloop
  endfacet
  facet normal 1 0 0
    outer loop
      vertex 8 -27.5191 -11.49
      vertex 8 -29.9142 -10.99
      vertex 8 -29.9142 -11.49
    endloop
  endfacet
  facet normal 0 -1 0
    outer loop
      vertex 7.58501 -29.9142 -11.49
      vertex 8 -29.9142 -10.99
      vertex 7.58501 -29.9142 -10.99
    endloop
  endfacet
  facet normal 0 -1 -0
    outer loop
      vertex 8 -29.9142 -10.99
      vertex 7.58501 -29.9142 -11.49
      vertex 8 -29.9142 -11.49
    endloop
  endfacet
  facet normal 0.934501 -0.35596 0
    outer loop
      vertex 7.91457 -14.9465 -10.99
      vertex 8.01932 -14.6715 -11.49
      vertex 8.01932 -14.6715 -10.99
    endloop
  endfacet
  facet normal 0.934501 -0.35596 0
    outer loop
      vertex 8.01932 -14.6715 -11.49
      vertex 7.91457 -14.9465 -10.99
      vertex 7.91457 -14.9465 -11.49
    endloop
  endfacet
  facet normal 0.776868 -0.629663 0
    outer loop
      vertex 7.72572 -15.1795 -10.99
      vertex 7.91457 -14.9465 -11.49
      vertex 7.91457 -14.9465 -10.99
    endloop
  endfacet
  facet normal 0.776868 -0.629663 0
    outer loop
      vertex 7.91457 -14.9465 -11.49
      vertex 7.72572 -15.1795 -10.99
      vertex 7.72572 -15.1795 -11.49
    endloop
  endfacet
  facet normal 0.576057 -0.817409 0
    outer loop
      vertex 7.43852 -15.3819 -11.49
      vertex 7.72572 -15.1795 -10.99
      vertex 7.43852 -15.3819 -10.99
    endloop
  endfacet
  facet normal 0.576057 -0.817409 0
    outer loop
      vertex 7.72572 -15.1795 -10.99
      vertex 7.43852 -15.3819 -11.49
      vertex 7.72572 -15.1795 -11.49
    endloop
  endfacet
  facet normal 1 -0 0
    outer loop
      vertex 7.43852 -15.3981 -10.99
      vertex 7.43852 -15.3819 -11.49
      vertex 7.43852 -15.3819 -10.99
    endloop
  endfacet
  facet normal 1 0 0
    outer loop
      vertex 7.43852 -15.3819 -11.49
      vertex 7.43852 -15.3981 -10.99
      vertex 7.43852 -15.3981 -11.49
    endloop
  endfacet
  facet normal 0.161446 0.986882 -0
    outer loop
      vertex 7.70198 -15.4412 -11.49
      vertex 7.43852 -15.3981 -10.99
      vertex 7.70198 -15.4412 -10.99
    endloop
  endfacet
  facet normal 0.161446 0.986882 0
    outer loop
      vertex 7.43852 -15.3981 -10.99
      vertex 7.70198 -15.4412 -11.49
      vertex 7.43852 -15.3981 -11.49
    endloop
  endfacet
  facet normal 0.467301 0.884098 -0
    outer loop
      vertex 7.88474 -15.5378 -11.49
      vertex 7.70198 -15.4412 -10.99
      vertex 7.88474 -15.5378 -10.99
    endloop
  endfacet
  facet normal 0.467301 0.884098 0
    outer loop
      vertex 7.70198 -15.4412 -10.99
      vertex 7.88474 -15.5378 -11.49
      vertex 7.70198 -15.4412 -11.49
    endloop
  endfacet
  facet normal 0.832393 0.554185 0
    outer loop
      vertex 7.99153 -15.6982 -10.99
      vertex 7.88474 -15.5378 -11.49
      vertex 7.88474 -15.5378 -10.99
    endloop
  endfacet
  facet normal 0.832393 0.554185 0
    outer loop
      vertex 7.88474 -15.5378 -11.49
      vertex 7.99153 -15.6982 -10.99
      vertex 7.99153 -15.6982 -11.49
    endloop
  endfacet
  facet normal 0.988665 0.150135 0
    outer loop
      vertex 8.02711 -15.9325 -10.99
      vertex 7.99153 -15.6982 -11.49
      vertex 7.99153 -15.6982 -10.99
    endloop
  endfacet
  facet normal 0.988665 0.150135 0
    outer loop
      vertex 7.99153 -15.6982 -11.49
      vertex 8.02711 -15.9325 -10.99
      vertex 8.02711 -15.9325 -11.49
    endloop
  endfacet
  facet normal 0.998385 -0.056811 0
    outer loop
      vertex 8.01627 -16.123 -10.99
      vertex 8.02711 -15.9325 -11.49
      vertex 8.02711 -15.9325 -10.99
    endloop
  endfacet
  facet normal 0.998385 -0.056811 0
    outer loop
      vertex 8.02711 -15.9325 -11.49
      vertex 8.01627 -16.123 -10.99
      vertex 8.01627 -16.123 -11.49
    endloop
  endfacet
  facet normal 0.985118 -0.171881 0
    outer loop
      vertex 7.98373 -16.3095 -10.99
      vertex 8.01627 -16.123 -11.49
      vertex 8.01627 -16.123 -10.99
    endloop
  endfacet
  facet normal 0.985118 -0.171881 0
    outer loop
      vertex 8.01627 -16.123 -11.49
      vertex 7.98373 -16.3095 -10.99
      vertex 7.98373 -16.3095 -11.49
    endloop
  endfacet
  facet normal 0 -1 0
    outer loop
      vertex 7.67993 -16.3095 -11.49
      vertex 7.98373 -16.3095 -10.99
      vertex 7.67993 -16.3095 -10.99
    endloop
  endfacet
  facet normal 0 -1 -0
    outer loop
      vertex 7.98373 -16.3095 -10.99
      vertex 7.67993 -16.3095 -11.49
      vertex 7.98373 -16.3095 -11.49
    endloop
  endfacet
  facet normal -0.986141 0.165909 0
    outer loop
      vertex 7.67993 -16.3095 -11.49
      vertex 7.69418 -16.2248 -10.99
      vertex 7.69418 -16.2248 -11.49
    endloop
  endfacet
  facet normal -0.986141 0.165909 0
    outer loop
      vertex 7.69418 -16.2248 -10.99
      vertex 7.67993 -16.3095 -11.49
      vertex 7.67993 -16.3095 -10.99
    endloop
  endfacet
  facet normal -0.998016 0.0629559 0
    outer loop
      vertex 7.69418 -16.2248 -11.49
      vertex 7.69893 -16.1495 -10.99
      vertex 7.69893 -16.1495 -11.49
    endloop
  endfacet
  facet normal -0.998016 0.0629559 0
    outer loop
      vertex 7.69893 -16.1495 -10.99
      vertex 7.69418 -16.2248 -11.49
      vertex 7.69418 -16.2248 -10.99
    endloop
  endfacet
  facet normal -0.979716 -0.200393 0
    outer loop
      vertex 7.69893 -16.1495 -11.49
      vertex 7.67146 -16.0152 -10.99
      vertex 7.67146 -16.0152 -11.49
    endloop
  endfacet
  facet normal -0.979716 -0.200393 0
    outer loop
      vertex 7.67146 -16.0152 -10.99
      vertex 7.69893 -16.1495 -11.49
      vertex 7.69893 -16.1495 -10.99
    endloop
  endfacet
  facet normal -0.708476 -0.705735 0
    outer loop
      vertex 7.67146 -16.0152 -11.49
      vertex 7.58908 -15.9325 -10.99
      vertex 7.58908 -15.9325 -11.49
    endloop
  endfacet
  facet normal -0.708476 -0.705735 0
    outer loop
      vertex 7.58908 -15.9325 -10.99
      vertex 7.67146 -16.0152 -11.49
      vertex 7.67146 -16.0152 -10.99
    endloop
  endfacet
  facet normal -0.298235 -0.954492 0
    outer loop
      vertex 7.45242 -15.8898 -11.49
      vertex 7.58908 -15.9325 -10.99
      vertex 7.45242 -15.8898 -10.99
    endloop
  endfacet
  facet normal -0.298235 -0.954492 -0
    outer loop
      vertex 7.58908 -15.9325 -10.99
      vertex 7.45242 -15.8898 -11.49
      vertex 7.58908 -15.9325 -11.49
    endloop
  endfacet
  facet normal -0.0749685 -0.997186 0
    outer loop
      vertex 7.26221 -15.8755 -11.49
      vertex 7.45242 -15.8898 -10.99
      vertex 7.26221 -15.8755 -10.99
    endloop
  endfacet
  facet normal -0.0749685 -0.997186 -0
    outer loop
      vertex 7.45242 -15.8898 -10.99
      vertex 7.26221 -15.8755 -11.49
      vertex 7.45242 -15.8898 -11.49
    endloop
  endfacet
  facet normal 0 -1 0
    outer loop
      vertex 5.99817 -15.8755 -11.49
      vertex 7.26221 -15.8755 -10.99
      vertex 5.99817 -15.8755 -10.99
    endloop
  endfacet
  facet normal 0 -1 -0
    outer loop
      vertex 7.26221 -15.8755 -10.99
      vertex 5.99817 -15.8755 -11.49
      vertex 7.26221 -15.8755 -11.49
    endloop
  endfacet
  facet normal -0.162638 -0.986686 0
    outer loop
      vertex 5.57471 -15.8057 -11.49
      vertex 5.99817 -15.8755 -10.99
      vertex 5.57471 -15.8057 -10.99
    endloop
  endfacet
  facet normal -0.162638 -0.986686 -0
    outer loop
      vertex 5.99817 -15.8755 -10.99
      vertex 5.57471 -15.8057 -11.49
      vertex 5.99817 -15.8755 -11.49
    endloop
  endfacet
  facet normal -0.55983 -0.828607 0
    outer loop
      vertex 5.26448 -15.5961 -11.49
      vertex 5.57471 -15.8057 -10.99
      vertex 5.26448 -15.5961 -10.99
    endloop
  endfacet
  facet normal -0.55983 -0.828607 -0
    outer loop
      vertex 5.57471 -15.8057 -10.99
      vertex 5.26448 -15.5961 -11.49
      vertex 5.57471 -15.8057 -11.49
    endloop
  endfacet
  facet normal -0.877411 -0.479739 0
    outer loop
      vertex 5.26448 -15.5961 -11.49
      vertex 5.07426 -15.2482 -10.99
      vertex 5.07426 -15.2482 -11.49
    endloop
  endfacet
  facet normal -0.877411 -0.479739 0
    outer loop
      vertex 5.07426 -15.2482 -10.99
      vertex 5.26448 -15.5961 -11.49
      vertex 5.26448 -15.5961 -10.99
    endloop
  endfacet
  facet normal -0.991554 -0.129692 0
    outer loop
      vertex 5.07426 -15.2482 -11.49
      vertex 5.01085 -14.7634 -10.99
      vertex 5.01085 -14.7634 -11.49
    endloop
  endfacet
  facet normal -0.991554 -0.129692 0
    outer loop
      vertex 5.01085 -14.7634 -10.99
      vertex 5.07426 -15.2482 -11.49
      vertex 5.07426 -15.2482 -10.99
    endloop
  endfacet
  facet normal -0.972093 0.234594 0
    outer loop
      vertex 5.01085 -14.7634 -11.49
      vertex 5.20886 -13.9429 -10.99
      vertex 5.20886 -13.9429 -11.49
    endloop
  endfacet
  facet normal -0.972093 0.234594 0
    outer loop
      vertex 5.20886 -13.9429 -10.99
      vertex 5.01085 -14.7634 -11.49
      vertex 5.01085 -14.7634 -10.99
    endloop
  endfacet
  facet normal -0.514795 0.857313 0
    outer loop
      vertex 5.80289 -13.5862 -11.49
      vertex 5.20886 -13.9429 -10.99
      vertex 5.80289 -13.5862 -10.99
    endloop
  endfacet
  facet normal -0.514795 0.857313 0
    outer loop
      vertex 5.20886 -13.9429 -10.99
      vertex 5.80289 -13.5862 -11.49
      vertex 5.20886 -13.9429 -11.49
    endloop
  endfacet
  facet normal 0.995934 0.0900814 0
    outer loop
      vertex 5.84901 -14.0961 -10.99
      vertex 5.80289 -13.5862 -11.49
      vertex 5.80289 -13.5862 -10.99
    endloop
  endfacet
  facet normal 0.995934 0.0900814 0
    outer loop
      vertex 5.80289 -13.5862 -11.49
      vertex 5.84901 -14.0961 -10.99
      vertex 5.84901 -14.0961 -11.49
    endloop
  endfacet
  facet normal 0.272382 -0.962189 0
    outer loop
      vertex 5.63812 -14.1558 -11.49
      vertex 5.84901 -14.0961 -10.99
      vertex 5.63812 -14.1558 -10.99
    endloop
  endfacet
  facet normal 0.272382 -0.962189 0
    outer loop
      vertex 5.84901 -14.0961 -10.99
      vertex 5.63812 -14.1558 -11.49
      vertex 5.84901 -14.0961 -11.49
    endloop
  endfacet
  facet normal 0.636818 -0.771014 0
    outer loop
      vertex 5.49368 -14.2751 -11.49
      vertex 5.63812 -14.1558 -10.99
      vertex 5.49368 -14.2751 -10.99
    endloop
  endfacet
  facet normal 0.636818 -0.771014 0
    outer loop
      vertex 5.63812 -14.1558 -10.99
      vertex 5.49368 -14.2751 -11.49
      vertex 5.63812 -14.1558 -11.49
    endloop
  endfacet
  facet normal 0.918669 -0.395028 0
    outer loop
      vertex 5.41026 -14.4691 -10.99
      vertex 5.49368 -14.2751 -11.49
      vertex 5.49368 -14.2751 -10.99
    endloop
  endfacet
  facet normal 0.918669 -0.395028 0
    outer loop
      vertex 5.49368 -14.2751 -11.49
      vertex 5.41026 -14.4691 -10.99
      vertex 5.41026 -14.4691 -11.49
    endloop
  endfacet
  facet normal 0.99522 -0.0976608 0
    outer loop
      vertex 5.38245 -14.7525 -10.99
      vertex 5.41026 -14.4691 -11.49
      vertex 5.41026 -14.4691 -10.99
    endloop
  endfacet
  facet normal 0.99522 -0.0976608 0
    outer loop
      vertex 5.41026 -14.4691 -11.49
      vertex 5.38245 -14.7525 -10.99
      vertex 5.38245 -14.7525 -11.49
    endloop
  endfacet
  facet normal 0.990746 0.135727 0
    outer loop
      vertex 5.42111 -15.0347 -10.99
      vertex 5.38245 -14.7525 -11.49
      vertex 5.38245 -14.7525 -10.99
    endloop
  endfacet
  facet normal 0.990746 0.135727 0
    outer loop
      vertex 5.38245 -14.7525 -11.49
      vertex 5.42111 -15.0347 -10.99
      vertex 5.42111 -15.0347 -11.49
    endloop
  endfacet
  facet normal 0.8597 0.510799 0
    outer loop
      vertex 5.53709 -15.2299 -10.99
      vertex 5.42111 -15.0347 -11.49
      vertex 5.42111 -15.0347 -10.99
    endloop
  endfacet
  facet normal 0.8597 0.510799 0
    outer loop
      vertex 5.42111 -15.0347 -11.49
      vertex 5.53709 -15.2299 -10.99
      vertex 5.53709 -15.2299 -11.49
    endloop
  endfacet
  facet normal 0.485173 0.874418 -0
    outer loop
      vertex 5.74255 -15.3439 -11.49
      vertex 5.53709 -15.2299 -10.99
      vertex 5.74255 -15.3439 -10.99
    endloop
  endfacet
  facet normal 0.485173 0.874418 0
    outer loop
      vertex 5.53709 -15.2299 -10.99
      vertex 5.74255 -15.3439 -11.49
      vertex 5.53709 -15.2299 -11.49
    endloop
  endfacet
  facet normal 0.12277 0.992435 -0
    outer loop
      vertex 6.04973 -15.3819 -11.49
      vertex 5.74255 -15.3439 -10.99
      vertex 6.04973 -15.3819 -10.99
    endloop
  endfacet
  facet normal 0.12277 0.992435 0
    outer loop
      vertex 5.74255 -15.3439 -10.99
      vertex 6.04973 -15.3819 -11.49
      vertex 5.74255 -15.3439 -11.49
    endloop
  endfacet
  facet normal 0 1 -0
    outer loop
      vertex 6.20976 -15.3819 -11.49
      vertex 6.04973 -15.3819 -10.99
      vertex 6.20976 -15.3819 -10.99
    endloop
  endfacet
  facet normal 0 1 0
    outer loop
      vertex 6.04973 -15.3819 -10.99
      vertex 6.20976 -15.3819 -11.49
      vertex 6.04973 -15.3819 -11.49
    endloop
  endfacet
  facet normal -0.999865 0.0164571 0
    outer loop
      vertex 6.20976 -15.3819 -11.49
      vertex 6.22061 -14.7227 -10.99
      vertex 6.22061 -14.7227 -11.49
    endloop
  endfacet
  facet normal -0.999865 0.0164571 0
    outer loop
      vertex 6.22061 -14.7227 -10.99
      vertex 6.20976 -15.3819 -11.49
      vertex 6.20976 -15.3819 -10.99
    endloop
  endfacet
  facet normal -0.991996 0.126267 0
    outer loop
      vertex 6.22061 -14.7227 -11.49
      vertex 6.29385 -14.1473 -10.99
      vertex 6.29385 -14.1473 -11.49
    endloop
  endfacet
  facet normal -0.991996 0.126267 0
    outer loop
      vertex 6.29385 -14.1473 -10.99
      vertex 6.22061 -14.7227 -11.49
      vertex 6.22061 -14.7227 -10.99
    endloop
  endfacet
  facet normal -0.902257 0.431199 0
    outer loop
      vertex 6.29385 -14.1473 -11.49
      vertex 6.481 -13.7557 -10.99
      vertex 6.481 -13.7557 -11.49
    endloop
  endfacet
  facet normal -0.902257 0.431199 0
    outer loop
      vertex 6.481 -13.7557 -10.99
      vertex 6.29385 -14.1473 -11.49
      vertex 6.29385 -14.1473 -10.99
    endloop
  endfacet
  facet normal -0.603478 0.79738 0
    outer loop
      vertex 6.77803 -13.5309 -11.49
      vertex 6.481 -13.7557 -10.99
      vertex 6.77803 -13.5309 -10.99
    endloop
  endfacet
  facet normal -0.603478 0.79738 0
    outer loop
      vertex 6.481 -13.7557 -10.99
      vertex 6.77803 -13.5309 -11.49
      vertex 6.481 -13.7557 -11.49
    endloop
  endfacet
  facet normal -0.182806 0.983149 0
    outer loop
      vertex 7.18085 -13.456 -11.49
      vertex 6.77803 -13.5309 -10.99
      vertex 7.18085 -13.456 -10.99
    endloop
  endfacet
  facet normal -0.182806 0.983149 0
    outer loop
      vertex 6.77803 -13.5309 -10.99
      vertex 7.18085 -13.456 -11.49
      vertex 6.77803 -13.5309 -11.49
    endloop
  endfacet
  facet normal 0.151219 0.9885 -0
    outer loop
      vertex 7.5443 -13.5116 -11.49
      vertex 7.18085 -13.456 -10.99
      vertex 7.5443 -13.5116 -10.99
    endloop
  endfacet
  facet normal 0.151219 0.9885 0
    outer loop
      vertex 7.18085 -13.456 -10.99
      vertex 7.5443 -13.5116 -11.49
      vertex 7.18085 -13.456 -11.49
    endloop
  endfacet
  facet normal 0.516311 0.856401 -0
    outer loop
      vertex 7.82097 -13.6784 -11.49
      vertex 7.5443 -13.5116 -10.99
      vertex 7.82097 -13.6784 -10.99
    endloop
  endfacet
  facet normal 0.516311 0.856401 0
    outer loop
      vertex 7.5443 -13.5116 -10.99
      vertex 7.82097 -13.6784 -11.49
      vertex 7.5443 -13.5116 -11.49
    endloop
  endfacet
  facet normal 0.845732 0.533607 0
    outer loop
      vertex 7.99593 -13.9557 -10.99
      vertex 7.82097 -13.6784 -11.49
      vertex 7.82097 -13.6784 -10.99
    endloop
  endfacet
  facet normal 0.845732 0.533607 0
    outer loop
      vertex 7.82097 -13.6784 -11.49
      vertex 7.99593 -13.9557 -10.99
      vertex 7.99593 -13.9557 -11.49
    endloop
  endfacet
  facet normal 0.988859 0.148852 0
    outer loop
      vertex 8.05423 -14.343 -10.99
      vertex 7.99593 -13.9557 -11.49
      vertex 7.99593 -13.9557 -10.99
    endloop
  endfacet
  facet normal 0.988859 0.148852 0
    outer loop
      vertex 7.99593 -13.9557 -11.49
      vertex 8.05423 -14.343 -10.99
      vertex 8.05423 -14.343 -11.49
    endloop
  endfacet
  facet normal 0.994401 -0.105676 0
    outer loop
      vertex 8.01932 -14.6715 -10.99
      vertex 8.05423 -14.343 -11.49
      vertex 8.05423 -14.343 -10.99
    endloop
  endfacet
  facet normal 0.994401 -0.105676 0
    outer loop
      vertex 8.05423 -14.343 -11.49
      vertex 8.01932 -14.6715 -10.99
      vertex 8.01932 -14.6715 -11.49
    endloop
  endfacet
  facet normal -0.848114 -0.529814 0
    outer loop
      vertex 7.65553 -14.2429 -11.49
      vertex 7.55789 -14.0866 -10.99
      vertex 7.55789 -14.0866 -11.49
    endloop
  endfacet
  facet normal -0.848114 -0.529814 0
    outer loop
      vertex 7.55789 -14.0866 -10.99
      vertex 7.65553 -14.2429 -11.49
      vertex 7.65553 -14.2429 -10.99
    endloop
  endfacet
  facet normal -0.523239 -0.852186 0
    outer loop
      vertex 7.40056 -13.99 -11.49
      vertex 7.55789 -14.0866 -10.99
      vertex 7.40056 -13.99 -10.99
    endloop
  endfacet
  facet normal -0.523239 -0.852186 -0
    outer loop
      vertex 7.55789 -14.0866 -10.99
      vertex 7.40056 -13.99 -11.49
      vertex 7.55789 -14.0866 -11.49
    endloop
  endfacet
  facet normal -0.150442 -0.988619 0
    outer loop
      vertex 7.18896 -13.9578 -11.49
      vertex 7.40056 -13.99 -10.99
      vertex 7.18896 -13.9578 -10.99
    endloop
  endfacet
  facet normal -0.150442 -0.988619 -0
    outer loop
      vertex 7.40056 -13.99 -10.99
      vertex 7.18896 -13.9578 -11.49
      vertex 7.40056 -13.99 -11.49
    endloop
  endfacet
  facet normal 0.118448 -0.99296 0
    outer loop
      vertex 6.99028 -13.9815 -11.49
      vertex 7.18896 -13.9578 -10.99
      vertex 6.99028 -13.9815 -10.99
    endloop
  endfacet
  facet normal 0.118448 -0.99296 0
    outer loop
      vertex 7.18896 -13.9578 -10.99
      vertex 6.99028 -13.9815 -11.49
      vertex 7.18896 -13.9578 -11.49
    endloop
  endfacet
  facet normal 0.413825 -0.910357 0
    outer loop
      vertex 6.83365 -14.0527 -11.49
      vertex 6.99028 -13.9815 -10.99
      vertex 6.83365 -14.0527 -10.99
    endloop
  endfacet
  facet normal 0.413825 -0.910357 0
    outer loop
      vertex 6.99028 -13.9815 -10.99
      vertex 6.83365 -14.0527 -11.49
      vertex 6.99028 -13.9815 -11.49
    endloop
  endfacet
  facet normal 0.699805 -0.714334 0
    outer loop
      vertex 6.71565 -14.1683 -11.49
      vertex 6.83365 -14.0527 -10.99
      vertex 6.71565 -14.1683 -10.99
    endloop
  endfacet
  facet normal 0.699805 -0.714334 0
    outer loop
      vertex 6.83365 -14.0527 -10.99
      vertex 6.71565 -14.1683 -11.49
      vertex 6.83365 -14.0527 -11.49
    endloop
  endfacet
  facet normal 0.884713 -0.466137 0
    outer loop
      vertex 6.63293 -14.3253 -10.99
      vertex 6.71565 -14.1683 -11.49
      vertex 6.71565 -14.1683 -10.99
    endloop
  endfacet
  facet normal 0.884713 -0.466137 0
    outer loop
      vertex 6.71565 -14.1683 -11.49
      vertex 6.63293 -14.3253 -10.99
      vertex 6.63293 -14.3253 -11.49
    endloop
  endfacet
  facet normal 0.974809 -0.223042 0
    outer loop
      vertex 6.58273 -14.5447 -10.99
      vertex 6.63293 -14.3253 -11.49
      vertex 6.63293 -14.3253 -10.99
    endloop
  endfacet
  facet normal 0.974809 -0.223042 0
    outer loop
      vertex 6.63293 -14.3253 -11.49
      vertex 6.58273 -14.5447 -10.99
      vertex 6.58273 -14.5447 -11.49
    endloop
  endfacet
  facet normal 0.997745 -0.0671204 0
    outer loop
      vertex 6.56236 -14.8475 -10.99
      vertex 6.58273 -14.5447 -11.49
      vertex 6.58273 -14.5447 -10.99
    endloop
  endfacet
  facet normal 0.997745 -0.0671204 0
    outer loop
      vertex 6.58273 -14.5447 -11.49
      vertex 6.56236 -14.8475 -10.99
      vertex 6.56236 -14.8475 -11.49
    endloop
  endfacet
  facet normal 0.999795 -0.0202616 0
    outer loop
      vertex 6.55153 -15.3819 -10.99
      vertex 6.56236 -14.8475 -11.49
      vertex 6.56236 -14.8475 -10.99
    endloop
  endfacet
  facet normal 0.999795 -0.0202616 0
    outer loop
      vertex 6.56236 -14.8475 -11.49
      vertex 6.55153 -15.3819 -10.99
      vertex 6.55153 -15.3819 -11.49
    endloop
  endfacet
  facet normal 0 1 -0
    outer loop
      vertex 6.79292 -15.3819 -11.49
      vertex 6.55153 -15.3819 -10.99
      vertex 6.79292 -15.3819 -10.99
    endloop
  endfacet
  facet normal 0 1 0
    outer loop
      vertex 6.55153 -15.3819 -10.99
      vertex 6.79292 -15.3819 -11.49
      vertex 6.55153 -15.3819 -11.49
    endloop
  endfacet
  facet normal -0.134729 0.990882 0
    outer loop
      vertex 7.01503 -15.3517 -11.49
      vertex 6.79292 -15.3819 -10.99
      vertex 7.01503 -15.3517 -10.99
    endloop
  endfacet
  facet normal -0.134729 0.990882 0
    outer loop
      vertex 6.79292 -15.3819 -10.99
      vertex 7.01503 -15.3517 -11.49
      vertex 6.79292 -15.3819 -11.49
    endloop
  endfacet
  facet normal -0.386479 0.922298 0
    outer loop
      vertex 7.231 -15.2612 -11.49
      vertex 7.01503 -15.3517 -10.99
      vertex 7.231 -15.2612 -10.99
    endloop
  endfacet
  facet normal -0.386479 0.922298 0
    outer loop
      vertex 7.01503 -15.3517 -10.99
      vertex 7.231 -15.2612 -11.49
      vertex 7.01503 -15.3517 -11.49
    endloop
  endfacet
  facet normal -0.600363 0.799727 0
    outer loop
      vertex 7.42122 -15.1184 -11.49
      vertex 7.231 -15.2612 -10.99
      vertex 7.42122 -15.1184 -10.99
    endloop
  endfacet
  facet normal -0.600363 0.799727 0
    outer loop
      vertex 7.231 -15.2612 -10.99
      vertex 7.42122 -15.1184 -11.49
      vertex 7.231 -15.2612 -11.49
    endloop
  endfacet
  facet normal -0.790533 0.61242 0
    outer loop
      vertex 7.42122 -15.1184 -11.49
      vertex 7.56601 -14.9315 -10.99
      vertex 7.56601 -14.9315 -11.49
    endloop
  endfacet
  facet normal -0.790533 0.61242 0
    outer loop
      vertex 7.56601 -14.9315 -10.99
      vertex 7.42122 -15.1184 -11.49
      vertex 7.42122 -15.1184 -10.99
    endloop
  endfacet
  facet normal -0.925494 0.378762 0
    outer loop
      vertex 7.56601 -14.9315 -11.49
      vertex 7.65756 -14.7078 -10.99
      vertex 7.65756 -14.7078 -11.49
    endloop
  endfacet
  facet normal -0.925494 0.378762 0
    outer loop
      vertex 7.65756 -14.7078 -10.99
      vertex 7.56601 -14.9315 -11.49
      vertex 7.56601 -14.9315 -10.99
    endloop
  endfacet
  facet normal -0.992827 0.119562 0
    outer loop
      vertex 7.65756 -14.7078 -11.49
      vertex 7.6881 -14.4542 -10.99
      vertex 7.6881 -14.4542 -11.49
    endloop
  endfacet
  facet normal -0.992827 0.119562 0
    outer loop
      vertex 7.6881 -14.4542 -10.99
      vertex 7.65756 -14.7078 -11.49
      vertex 7.65756 -14.7078 -10.99
    endloop
  endfacet
  facet normal -0.988328 -0.152342 0
    outer loop
      vertex 7.6881 -14.4542 -11.49
      vertex 7.65553 -14.2429 -10.99
      vertex 7.65553 -14.2429 -11.49
    endloop
  endfacet
  facet normal -0.988328 -0.152342 0
    outer loop
      vertex 7.65553 -14.2429 -10.99
      vertex 7.6881 -14.4542 -11.49
      vertex 7.6881 -14.4542 -10.99
    endloop
  endfacet
  facet normal 0.0922745 -0.995734 0
    outer loop
      vertex 6.03853 -17.1507 -11.49
      vertex 6.47017 -17.1107 -10.99
      vertex 6.03853 -17.1507 -10.99
    endloop
  endfacet
  facet normal 0.0922745 -0.995734 0
    outer loop
      vertex 6.47017 -17.1107 -10.99
      vertex 6.03853 -17.1507 -11.49
      vertex 6.47017 -17.1107 -11.49
    endloop
  endfacet
  facet normal 0.352965 -0.935637 0
    outer loop
      vertex 5.72017 -17.2708 -11.49
      vertex 6.03853 -17.1507 -10.99
      vertex 5.72017 -17.2708 -10.99
    endloop
  endfacet
  facet normal 0.352965 -0.935637 0
    outer loop
      vertex 6.03853 -17.1507 -10.99
      vertex 5.72017 -17.2708 -11.49
      vertex 6.03853 -17.1507 -11.49
    endloop
  endfacet
  facet normal 0.70653 -0.707683 0
    outer loop
      vertex 5.52385 -17.4668 -11.49
      vertex 5.72017 -17.2708 -10.99
      vertex 5.52385 -17.4668 -10.99
    endloop
  endfacet
  facet normal 0.70653 -0.707683 0
    outer loop
      vertex 5.72017 -17.2708 -10.99
      vertex 5.52385 -17.4668 -11.49
      vertex 5.72017 -17.2708 -11.49
    endloop
  endfacet
  facet normal 0.971409 -0.237411 0
    outer loop
      vertex 5.4584 -17.7346 -10.99
      vertex 5.52385 -17.4668 -11.49
      vertex 5.52385 -17.4668 -10.99
    endloop
  endfacet
  facet normal 0.971409 -0.237411 0
    outer loop
      vertex 5.52385 -17.4668 -11.49
      vertex 5.4584 -17.7346 -10.99
      vertex 5.4584 -17.7346 -11.49
    endloop
  endfacet
  facet normal 0.998928 0.0462984 0
    outer loop
      vertex 5.46519 -17.8811 -10.99
      vertex 5.4584 -17.7346 -11.49
      vertex 5.4584 -17.7346 -10.99
    endloop
  endfacet
  facet normal 0.998928 0.0462984 0
    outer loop
      vertex 5.4584 -17.7346 -11.49
      vertex 5.46519 -17.8811 -10.99
      vertex 5.46519 -17.8811 -11.49
    endloop
  endfacet
  facet normal 0.984427 0.175797 0
    outer loop
      vertex 5.48553 -17.995 -10.99
      vertex 5.46519 -17.8811 -11.49
      vertex 5.46519 -17.8811 -10.99
    endloop
  endfacet
  facet normal 0.984427 0.175797 0
    outer loop
      vertex 5.46519 -17.8811 -11.49
      vertex 5.48553 -17.995 -10.99
      vertex 5.48553 -17.995 -11.49
    endloop
  endfacet
  facet normal 0 -1 0
    outer loop
      vertex 5.03796 -17.995 -11.49
      vertex 5.48553 -17.995 -10.99
      vertex 5.03796 -17.995 -10.99
    endloop
  endfacet
  facet normal 0 -1 -0
    outer loop
      vertex 5.48553 -17.995 -10.99
      vertex 5.03796 -17.995 -11.49
      vertex 5.48553 -17.995 -11.49
    endloop
  endfacet
  facet normal -0.979817 -0.199895 0
    outer loop
      vertex 5.03796 -17.995 -11.49
      vertex 5.01762 -17.8953 -10.99
      vertex 5.01762 -17.8953 -11.49
    endloop
  endfacet
  facet normal -0.979817 -0.199895 0
    outer loop
      vertex 5.01762 -17.8953 -10.99
      vertex 5.03796 -17.995 -11.49
      vertex 5.03796 -17.995 -10.99
    endloop
  endfacet
  facet normal -0.997637 -0.068708 0
    outer loop
      vertex 5.01762 -17.8953 -11.49
      vertex 5.01085 -17.797 -10.99
      vertex 5.01085 -17.797 -11.49
    endloop
  endfacet
  facet normal -0.997637 -0.068708 0
    outer loop
      vertex 5.01085 -17.797 -10.99
      vertex 5.01762 -17.8953 -11.49
      vertex 5.01762 -17.8953 -10.99
    endloop
  endfacet
  facet normal -0.990225 0.139479 0
    outer loop
      vertex 5.01085 -17.797 -11.49
      vertex 5.04543 -17.5515 -10.99
      vertex 5.04543 -17.5515 -11.49
    endloop
  endfacet
  facet normal -0.990225 0.139479 0
    outer loop
      vertex 5.04543 -17.5515 -10.99
      vertex 5.01085 -17.797 -11.49
      vertex 5.01085 -17.797 -10.99
    endloop
  endfacet
  facet normal -0.870056 0.492953 0
    outer loop
      vertex 5.04543 -17.5515 -11.49
      vertex 5.14917 -17.3684 -10.99
      vertex 5.14917 -17.3684 -11.49
    endloop
  endfacet
  facet normal -0.870056 0.492953 0
    outer loop
      vertex 5.14917 -17.3684 -10.99
      vertex 5.04543 -17.5515 -11.49
      vertex 5.04543 -17.5515 -10.99
    endloop
  endfacet
  facet normal -0.58576 0.810485 0
    outer loop
      vertex 5.34717 -17.2253 -11.49
      vertex 5.14917 -17.3684 -10.99
      vertex 5.34717 -17.2253 -10.99
    endloop
  endfacet
  facet normal -0.58576 0.810485 0
    outer loop
      vertex 5.14917 -17.3684 -10.99
      vertex 5.34717 -17.2253 -11.49
      vertex 5.14917 -17.3684 -11.49
    endloop
  endfacet
  facet normal -0.367497 0.930025 0
    outer loop
      vertex 5.66452 -17.0999 -11.49
      vertex 5.34717 -17.2253 -10.99
      vertex 5.66452 -17.0999 -10.99
    endloop
  endfacet
  facet normal -0.367497 0.930025 0
    outer loop
      vertex 5.34717 -17.2253 -10.99
      vertex 5.66452 -17.0999 -11.49
      vertex 5.34717 -17.2253 -11.49
    endloop
  endfacet
  facet normal -1 0 0
    outer loop
      vertex 5.66452 -17.0999 -11.49
      vertex 5.66452 -17.089 -10.99
      vertex 5.66452 -17.089 -11.49
    endloop
  endfacet
  facet normal -1 -0 0
    outer loop
      vertex 5.66452 -17.089 -10.99
      vertex 5.66452 -17.0999 -11.49
      vertex 5.66452 -17.0999 -10.99
    endloop
  endfacet
  facet normal -0.0269861 -0.999636 0
    outer loop
      vertex 5.46449 -17.0836 -11.49
      vertex 5.66452 -17.089 -10.99
      vertex 5.46449 -17.0836 -10.99
    endloop
  endfacet
  facet normal -0.0269861 -0.999636 -0
    outer loop
      vertex 5.66452 -17.089 -10.99
      vertex 5.46449 -17.0836 -11.49
      vertex 5.66452 -17.089 -11.49
    endloop
  endfacet
  facet normal -0.0407773 -0.999168 0
    outer loop
      vertex 5.06509 -17.0673 -11.49
      vertex 5.46449 -17.0836 -10.99
      vertex 5.06509 -17.0673 -10.99
    endloop
  endfacet
  facet normal -0.0407773 -0.999168 -0
    outer loop
      vertex 5.46449 -17.0836 -10.99
      vertex 5.06509 -17.0673 -11.49
      vertex 5.46449 -17.0836 -11.49
    endloop
  endfacet
  facet normal -1 0 0
    outer loop
      vertex 5.06509 -17.0673 -11.49
      vertex 5.06509 -16.6062 -10.99
      vertex 5.06509 -16.6062 -11.49
    endloop
  endfacet
  facet normal -1 -0 0
    outer loop
      vertex 5.06509 -16.6062 -10.99
      vertex 5.06509 -17.0673 -11.49
      vertex 5.06509 -17.0673 -10.99
    endloop
  endfacet
  facet normal 0.0340537 0.99942 -0
    outer loop
      vertex 5.42314 -16.6184 -11.49
      vertex 5.06509 -16.6062 -10.99
      vertex 5.42314 -16.6184 -10.99
    endloop
  endfacet
  facet normal 0.0340537 0.99942 0
    outer loop
      vertex 5.06509 -16.6062 -10.99
      vertex 5.42314 -16.6184 -11.49
      vertex 5.06509 -16.6062 -11.49
    endloop
  endfacet
  facet normal 0.012595 0.999921 -0
    outer loop
      vertex 5.74864 -16.6225 -11.49
      vertex 5.42314 -16.6184 -10.99
      vertex 5.74864 -16.6225 -10.99
    endloop
  endfacet
  facet normal 0.012595 0.999921 0
    outer loop
      vertex 5.42314 -16.6184 -10.99
      vertex 5.74864 -16.6225 -11.49
      vertex 5.42314 -16.6184 -11.49
    endloop
  endfacet
  facet normal 0 1 -0
    outer loop
      vertex 8 -16.6225 -11.49
      vertex 5.74864 -16.6225 -10.99
      vertex 8 -16.6225 -10.99
    endloop
  endfacet
  facet normal 0 1 0
    outer loop
      vertex 5.74864 -16.6225 -10.99
      vertex 8 -16.6225 -11.49
      vertex 5.74864 -16.6225 -11.49
    endloop
  endfacet
  facet normal 1 -0 0
    outer loop
      vertex 8 -17.1107 -10.99
      vertex 8 -16.6225 -11.49
      vertex 8 -16.6225 -10.99
    endloop
  endfacet
  facet normal 1 0 0
    outer loop
      vertex 8 -16.6225 -11.49
      vertex 8 -17.1107 -10.99
      vertex 8 -17.1107 -11.49
    endloop
  endfacet
  facet normal 0 -1 0
    outer loop
      vertex 6.47017 -17.1107 -11.49
      vertex 8 -17.1107 -10.99
      vertex 6.47017 -17.1107 -10.99
    endloop
  endfacet
  facet normal 0 -1 -0
    outer loop
      vertex 8 -17.1107 -10.99
      vertex 6.47017 -17.1107 -11.49
      vertex 8 -17.1107 -11.49
    endloop
  endfacet
  facet normal 0.63721 -0.77069 0
    outer loop
      vertex 7.35985 -26.8426 -11.49
      vertex 7.88065 -26.412 -10.99
      vertex 7.35985 -26.8426 -10.99
    endloop
  endfacet
  facet normal 0.63721 -0.77069 0
    outer loop
      vertex 7.88065 -26.412 -10.99
      vertex 7.35985 -26.8426 -11.49
      vertex 7.88065 -26.412 -11.49
    endloop
  endfacet
  facet normal -0.961754 -0.273915 0
    outer loop
      vertex 7.35985 -26.8426 -11.49
      vertex 7.23781 -26.4141 -10.99
      vertex 7.23781 -26.4141 -11.49
    endloop
  endfacet
  facet normal -0.961754 -0.273915 0
    outer loop
      vertex 7.23781 -26.4141 -10.99
      vertex 7.35985 -26.8426 -11.49
      vertex 7.35985 -26.8426 -10.99
    endloop
  endfacet
  facet normal -0.484226 0.874943 0
    outer loop
      vertex 7.41615 -26.3154 -11.49
      vertex 7.23781 -26.4141 -10.99
      vertex 7.41615 -26.3154 -10.99
    endloop
  endfacet
  facet normal -0.484226 0.874943 0
    outer loop
      vertex 7.23781 -26.4141 -10.99
      vertex 7.41615 -26.3154 -11.49
      vertex 7.23781 -26.4141 -11.49
    endloop
  endfacet
  facet normal -0.743064 0.669221 0
    outer loop
      vertex 7.41615 -26.3154 -11.49
      vertex 7.56061 -26.155 -10.99
      vertex 7.56061 -26.155 -11.49
    endloop
  endfacet
  facet normal -0.743064 0.669221 0
    outer loop
      vertex 7.56061 -26.155 -10.99
      vertex 7.41615 -26.3154 -11.49
      vertex 7.41615 -26.3154 -10.99
    endloop
  endfacet
  facet normal -0.918895 0.394502 0
    outer loop
      vertex 7.56061 -26.155 -11.49
      vertex 7.65622 -25.9323 -10.99
      vertex 7.65622 -25.9323 -11.49
    endloop
  endfacet
  facet normal -0.918895 0.394502 0
    outer loop
      vertex 7.65622 -25.9323 -10.99
      vertex 7.56061 -26.155 -11.49
      vertex 7.56061 -26.155 -10.99
    endloop
  endfacet
  facet normal -0.99384 0.110821 0
    outer loop
      vertex 7.65622 -25.9323 -11.49
      vertex 7.6881 -25.6464 -10.99
      vertex 7.6881 -25.6464 -11.49
    endloop
  endfacet
  facet normal -0.99384 0.110821 0
    outer loop
      vertex 7.6881 -25.6464 -10.99
      vertex 7.65622 -25.9323 -11.49
      vertex 7.65622 -25.9323 -10.99
    endloop
  endfacet
  facet normal -0.981718 -0.190342 0
    outer loop
      vertex 7.6881 -25.6464 -11.49
      vertex 7.6196 -25.2931 -10.99
      vertex 7.6196 -25.2931 -11.49
    endloop
  endfacet
  facet normal -0.981718 -0.190342 0
    outer loop
      vertex 7.6196 -25.2931 -10.99
      vertex 7.6881 -25.6464 -11.49
      vertex 7.6881 -25.6464 -10.99
    endloop
  endfacet
  facet normal -0.781047 -0.624473 0
    outer loop
      vertex 7.6196 -25.2931 -11.49
      vertex 7.41412 -25.0361 -10.99
      vertex 7.41412 -25.0361 -11.49
    endloop
  endfacet
  facet normal -0.781047 -0.624473 0
    outer loop
      vertex 7.41412 -25.0361 -10.99
      vertex 7.6196 -25.2931 -11.49
      vertex 7.6196 -25.2931 -10.99
    endloop
  endfacet
  facet normal -0.427233 -0.904142 0
    outer loop
      vertex 7.0825 -24.8794 -11.49
      vertex 7.41412 -25.0361 -10.99
      vertex 7.0825 -24.8794 -10.99
    endloop
  endfacet
  facet normal -0.427233 -0.904142 -0
    outer loop
      vertex 7.41412 -25.0361 -10.99
      vertex 7.0825 -24.8794 -11.49
      vertex 7.41412 -25.0361 -11.49
    endloop
  endfacet
  facet normal -0.116016 -0.993247 0
    outer loop
      vertex 6.6356 -24.8272 -11.49
      vertex 7.0825 -24.8794 -10.99
      vertex 6.6356 -24.8272 -10.99
    endloop
  endfacet
  facet normal -0.116016 -0.993247 -0
    outer loop
      vertex 7.0825 -24.8794 -10.99
      vertex 6.6356 -24.8272 -11.49
      vertex 7.0825 -24.8794 -11.49
    endloop
  endfacet
  facet normal 1 -0 0
    outer loop
      vertex 6.6356 -26.9213 -10.99
      vertex 6.6356 -24.8272 -11.49
      vertex 6.6356 -24.8272 -10.99
    endloop
  endfacet
  facet normal 1 0 0
    outer loop
      vertex 6.6356 -24.8272 -11.49
      vertex 6.6356 -26.9213 -10.99
      vertex 6.6356 -26.9213 -11.49
    endloop
  endfacet
  facet normal 0 -1 0
    outer loop
      vertex 6.57053 -26.9213 -11.49
      vertex 6.6356 -26.9213 -10.99
      vertex 6.57053 -26.9213 -10.99
    endloop
  endfacet
  facet normal 0 -1 -0
    outer loop
      vertex 6.6356 -26.9213 -10.99
      vertex 6.57053 -26.9213 -11.49
      vertex 6.6356 -26.9213 -11.49
    endloop
  endfacet
  facet normal -0.266547 -0.963822 0
    outer loop
      vertex 5.40077 -26.5978 -11.49
      vertex 6.57053 -26.9213 -10.99
      vertex 5.40077 -26.5978 -10.99
    endloop
  endfacet
  facet normal -0.266547 -0.963822 -0
    outer loop
      vertex 6.57053 -26.9213 -10.99
      vertex 5.40077 -26.5978 -11.49
      vertex 6.57053 -26.9213 -11.49
    endloop
  endfacet
  facet normal -0.927895 -0.372841 0
    outer loop
      vertex 5.40077 -26.5978 -11.49
      vertex 5.01085 -25.6274 -10.99
      vertex 5.01085 -25.6274 -11.49
    endloop
  endfacet
  facet normal -0.927895 -0.372841 0
    outer loop
      vertex 5.01085 -25.6274 -10.99
      vertex 5.40077 -26.5978 -11.49
      vertex 5.40077 -26.5978 -10.99
    endloop
  endfacet
  facet normal -0.98529 0.170888 0
    outer loop
      vertex 5.01085 -25.6274 -11.49
      vertex 5.10782 -25.0683 -10.99
      vertex 5.10782 -25.0683 -11.49
    endloop
  endfacet
  facet normal -0.98529 0.170888 0
    outer loop
      vertex 5.10782 -25.0683 -10.99
      vertex 5.01085 -25.6274 -11.49
      vertex 5.01085 -25.6274 -10.99
    endloop
  endfacet
  facet normal -0.817742 0.575585 0
    outer loop
      vertex 5.10782 -25.0683 -11.49
      vertex 5.39873 -24.655 -10.99
      vertex 5.39873 -24.655 -11.49
    endloop
  endfacet
  facet normal -0.817742 0.575585 0
    outer loop
      vertex 5.39873 -24.655 -10.99
      vertex 5.10782 -25.0683 -11.49
      vertex 5.10782 -25.0683 -10.99
    endloop
  endfacet
  facet normal -0.475248 0.879852 0
    outer loop
      vertex 5.87138 -24.3997 -11.49
      vertex 5.39873 -24.655 -10.99
      vertex 5.87138 -24.3997 -10.99
    endloop
  endfacet
  facet normal -0.475248 0.879852 0
    outer loop
      vertex 5.39873 -24.655 -10.99
      vertex 5.87138 -24.3997 -11.49
      vertex 5.39873 -24.655 -11.49
    endloop
  endfacet
  facet normal -0.131367 0.991334 0
    outer loop
      vertex 6.51357 -24.3146 -11.49
      vertex 5.87138 -24.3997 -10.99
      vertex 6.51357 -24.3146 -10.99
    endloop
  endfacet
  facet normal -0.131367 0.991334 0
    outer loop
      vertex 5.87138 -24.3997 -10.99
      vertex 6.51357 -24.3146 -11.49
      vertex 5.87138 -24.3997 -11.49
    endloop
  endfacet
  facet normal 0.125881 0.992045 -0
    outer loop
      vertex 7.18423 -24.3997 -11.49
      vertex 6.51357 -24.3146 -10.99
      vertex 7.18423 -24.3997 -10.99
    endloop
  endfacet
  facet normal 0.125881 0.992045 0
    outer loop
      vertex 6.51357 -24.3146 -10.99
      vertex 7.18423 -24.3997 -11.49
      vertex 6.51357 -24.3146 -11.49
    endloop
  endfacet
  facet normal 0.467958 0.88375 -0
    outer loop
      vertex 7.66637 -24.655 -11.49
      vertex 7.18423 -24.3997 -10.99
      vertex 7.66637 -24.655 -10.99
    endloop
  endfacet
  facet normal 0.467958 0.88375 0
    outer loop
      vertex 7.18423 -24.3997 -10.99
      vertex 7.66637 -24.655 -11.49
      vertex 7.18423 -24.3997 -11.49
    endloop
  endfacet
  facet normal 0.820852 0.571141 0
    outer loop
      vertex 7.95728 -25.0731 -10.99
      vertex 7.66637 -24.655 -11.49
      vertex 7.66637 -24.655 -10.99
    endloop
  endfacet
  facet normal 0.820852 0.571141 0
    outer loop
      vertex 7.66637 -24.655 -11.49
      vertex 7.95728 -25.0731 -10.99
      vertex 7.95728 -25.0731 -11.49
    endloop
  endfacet
  facet normal 0.986001 0.166741 0
    outer loop
      vertex 8.05423 -25.6464 -10.99
      vertex 7.95728 -25.0731 -11.49
      vertex 7.95728 -25.0731 -10.99
    endloop
  endfacet
  facet normal 0.986001 0.166741 0
    outer loop
      vertex 7.95728 -25.0731 -11.49
      vertex 8.05423 -25.6464 -10.99
      vertex 8.05423 -25.6464 -11.49
    endloop
  endfacet
  facet normal 0.975248 -0.221112 0
    outer loop
      vertex 7.88065 -26.412 -10.99
      vertex 8.05423 -25.6464 -11.49
      vertex 8.05423 -25.6464 -10.99
    endloop
  endfacet
  facet normal 0.975248 -0.221112 0
    outer loop
      vertex 8.05423 -25.6464 -11.49
      vertex 7.88065 -26.412 -10.99
      vertex 7.88065 -26.412 -11.49
    endloop
  endfacet
  facet normal 0.170178 -0.985413 0
    outer loop
      vertex 5.8907 -24.8967 -11.49
      vertex 6.26129 -24.8327 -10.99
      vertex 5.8907 -24.8967 -10.99
    endloop
  endfacet
  facet normal 0.170178 -0.985413 0
    outer loop
      vertex 6.26129 -24.8327 -10.99
      vertex 5.8907 -24.8967 -11.49
      vertex 6.26129 -24.8327 -11.49
    endloop
  endfacet
  facet normal 0.493123 -0.869959 0
    outer loop
      vertex 5.60896 -25.0564 -11.49
      vertex 5.8907 -24.8967 -10.99
      vertex 5.60896 -25.0564 -10.99
    endloop
  endfacet
  facet normal 0.493123 -0.869959 0
    outer loop
      vertex 5.8907 -24.8967 -10.99
      vertex 5.60896 -25.0564 -11.49
      vertex 5.8907 -24.8967 -11.49
    endloop
  endfacet
  facet normal 0.808434 -0.588586 0
    outer loop
      vertex 5.43095 -25.3009 -10.99
      vertex 5.60896 -25.0564 -11.49
      vertex 5.60896 -25.0564 -10.99
    endloop
  endfacet
  facet normal 0.808434 -0.588586 0
    outer loop
      vertex 5.60896 -25.0564 -11.49
      vertex 5.43095 -25.3009 -10.99
      vertex 5.43095 -25.3009 -11.49
    endloop
  endfacet
  facet normal 0.983073 -0.183215 0
    outer loop
      vertex 5.37161 -25.6193 -10.99
      vertex 5.43095 -25.3009 -11.49
      vertex 5.43095 -25.3009 -10.99
    endloop
  endfacet
  facet normal 0.983073 -0.183215 0
    outer loop
      vertex 5.43095 -25.3009 -11.49
      vertex 5.37161 -25.6193 -10.99
      vertex 5.37161 -25.6193 -11.49
    endloop
  endfacet
  facet normal 0.986723 0.16241 0
    outer loop
      vertex 5.42484 -25.9427 -10.99
      vertex 5.37161 -25.6193 -11.49
      vertex 5.37161 -25.6193 -10.99
    endloop
  endfacet
  facet normal 0.986723 0.16241 0
    outer loop
      vertex 5.37161 -25.6193 -11.49
      vertex 5.42484 -25.9427 -10.99
      vertex 5.42484 -25.9427 -11.49
    endloop
  endfacet
  facet normal 0.830399 0.55717 0
    outer loop
      vertex 5.58453 -26.1807 -10.99
      vertex 5.42484 -25.9427 -11.49
      vertex 5.42484 -25.9427 -10.99
    endloop
  endfacet
  facet normal 0.830399 0.55717 0
    outer loop
      vertex 5.42484 -25.9427 -11.49
      vertex 5.58453 -26.1807 -10.99
      vertex 5.58453 -26.1807 -11.49
    endloop
  endfacet
  facet normal 0.494202 0.869347 -0
    outer loop
      vertex 5.86018 -26.3374 -11.49
      vertex 5.58453 -26.1807 -10.99
      vertex 5.86018 -26.3374 -10.99
    endloop
  endfacet
  facet normal 0.494202 0.869347 0
    outer loop
      vertex 5.58453 -26.1807 -10.99
      vertex 5.86018 -26.3374 -11.49
      vertex 5.58453 -26.1807 -11.49
    endloop
  endfacet
  facet normal 0.193947 0.981012 -0
    outer loop
      vertex 6.26129 -26.4167 -11.49
      vertex 5.86018 -26.3374 -10.99
      vertex 6.26129 -26.4167 -10.99
    endloop
  endfacet
  facet normal 0.193947 0.981012 0
    outer loop
      vertex 5.86018 -26.3374 -10.99
      vertex 6.26129 -26.4167 -11.49
      vertex 5.86018 -26.3374 -11.49
    endloop
  endfacet
  facet normal -1 0 0
    outer loop
      vertex 6.26129 -26.4167 -11.49
      vertex 6.26129 -24.8327 -10.99
      vertex 6.26129 -24.8327 -11.49
    endloop
  endfacet
  facet normal -1 -0 0
    outer loop
      vertex 6.26129 -24.8327 -10.99
      vertex 6.26129 -26.4167 -11.49
      vertex 6.26129 -26.4167 -10.99
    endloop
  endfacet
  facet normal 0.934501 -0.35596 0
    outer loop
      vertex 7.91457 -19.7705 -10.99
      vertex 8.01932 -19.4955 -11.49
      vertex 8.01932 -19.4955 -10.99
    endloop
  endfacet
  facet normal 0.934501 -0.35596 0
    outer loop
      vertex 8.01932 -19.4955 -11.49
      vertex 7.91457 -19.7705 -10.99
      vertex 7.91457 -19.7705 -11.49
    endloop
  endfacet
  facet normal 0.776736 -0.629826 0
    outer loop
      vertex 7.72572 -20.0034 -10.99
      vertex 7.91457 -19.7705 -11.49
      vertex 7.91457 -19.7705 -10.99
    endloop
  endfacet
  facet normal 0.776736 -0.629826 0
    outer loop
      vertex 7.91457 -19.7705 -11.49
      vertex 7.72572 -20.0034 -10.99
      vertex 7.72572 -20.0034 -11.49
    endloop
  endfacet
  facet normal 0.576247 -0.817275 0
    outer loop
      vertex 7.43852 -20.2059 -11.49
      vertex 7.72572 -20.0034 -10.99
      vertex 7.43852 -20.2059 -10.99
    endloop
  endfacet
  facet normal 0.576247 -0.817275 0
    outer loop
      vertex 7.72572 -20.0034 -10.99
      vertex 7.43852 -20.2059 -11.49
      vertex 7.72572 -20.0034 -11.49
    endloop
  endfacet
  facet normal 1 -0 0
    outer loop
      vertex 7.43852 -20.2221 -10.99
      vertex 7.43852 -20.2059 -11.49
      vertex 7.43852 -20.2059 -10.99
    endloop
  endfacet
  facet normal 1 0 0
    outer loop
      vertex 7.43852 -20.2059 -11.49
      vertex 7.43852 -20.2221 -10.99
      vertex 7.43852 -20.2221 -11.49
    endloop
  endfacet
  facet normal 0.161446 0.986882 -0
    outer loop
      vertex 7.70198 -20.2652 -11.49
      vertex 7.43852 -20.2221 -10.99
      vertex 7.70198 -20.2652 -10.99
    endloop
  endfacet
  facet normal 0.161446 0.986882 0
    outer loop
      vertex 7.43852 -20.2221 -10.99
      vertex 7.70198 -20.2652 -11.49
      vertex 7.43852 -20.2221 -11.49
    endloop
  endfacet
  facet normal 0.467301 0.884098 -0
    outer loop
      vertex 7.88474 -20.3618 -11.49
      vertex 7.70198 -20.2652 -10.99
      vertex 7.88474 -20.3618 -10.99
    endloop
  endfacet
  facet normal 0.467301 0.884098 0
    outer loop
      vertex 7.70198 -20.2652 -10.99
      vertex 7.88474 -20.3618 -11.49
      vertex 7.70198 -20.2652 -11.49
    endloop
  endfacet
  facet normal 0.832393 0.554185 0
    outer loop
      vertex 7.99153 -20.5222 -10.99
      vertex 7.88474 -20.3618 -11.49
      vertex 7.88474 -20.3618 -10.99
    endloop
  endfacet
  facet normal 0.832393 0.554185 0
    outer loop
      vertex 7.88474 -20.3618 -11.49
      vertex 7.99153 -20.5222 -10.99
      vertex 7.99153 -20.5222 -11.49
    endloop
  endfacet
  facet normal 0.988665 0.150135 0
    outer loop
      vertex 8.02711 -20.7565 -10.99
      vertex 7.99153 -20.5222 -11.49
      vertex 7.99153 -20.5222 -10.99
    endloop
  endfacet
  facet normal 0.988665 0.150135 0
    outer loop
      vertex 7.99153 -20.5222 -11.49
      vertex 8.02711 -20.7565 -10.99
      vertex 8.02711 -20.7565 -11.49
    endloop
  endfacet
  facet normal 0.998385 -0.056811 0
    outer loop
      vertex 8.01627 -20.947 -10.99
      vertex 8.02711 -20.7565 -11.49
      vertex 8.02711 -20.7565 -10.99
    endloop
  endfacet
  facet normal 0.998385 -0.056811 0
    outer loop
      vertex 8.02711 -20.7565 -11.49
      vertex 8.01627 -20.947 -10.99
      vertex 8.01627 -20.947 -11.49
    endloop
  endfacet
  facet normal 0.985118 -0.171881 0
    outer loop
      vertex 7.98373 -21.1335 -10.99
      vertex 8.01627 -20.947 -11.49
      vertex 8.01627 -20.947 -10.99
    endloop
  endfacet
  facet normal 0.985118 -0.171881 0
    outer loop
      vertex 8.01627 -20.947 -11.49
      vertex 7.98373 -21.1335 -10.99
      vertex 7.98373 -21.1335 -11.49
    endloop
  endfacet
  facet normal 0 -1 0
    outer loop
      vertex 7.67993 -21.1335 -11.49
      vertex 7.98373 -21.1335 -10.99
      vertex 7.67993 -21.1335 -10.99
    endloop
  endfacet
  facet normal 0 -1 -0
    outer loop
      vertex 7.98373 -21.1335 -10.99
      vertex 7.67993 -21.1335 -11.49
      vertex 7.98373 -21.1335 -11.49
    endloop
  endfacet
  facet normal -0.986141 0.165909 0
    outer loop
      vertex 7.67993 -21.1335 -11.49
      vertex 7.69418 -21.0488 -10.99
      vertex 7.69418 -21.0488 -11.49
    endloop
  endfacet
  facet normal -0.986141 0.165909 0
    outer loop
      vertex 7.69418 -21.0488 -10.99
      vertex 7.67993 -21.1335 -11.49
      vertex 7.67993 -21.1335 -10.99
    endloop
  endfacet
  facet normal -0.998016 0.0629559 0
    outer loop
      vertex 7.69418 -21.0488 -11.49
      vertex 7.69893 -20.9735 -10.99
      vertex 7.69893 -20.9735 -11.49
    endloop
  endfacet
  facet normal -0.998016 0.0629559 0
    outer loop
      vertex 7.69893 -20.9735 -10.99
      vertex 7.69418 -21.0488 -11.49
      vertex 7.69418 -21.0488 -10.99
    endloop
  endfacet
  facet normal -0.979716 -0.200393 0
    outer loop
      vertex 7.69893 -20.9735 -11.49
      vertex 7.67146 -20.8392 -10.99
      vertex 7.67146 -20.8392 -11.49
    endloop
  endfacet
  facet normal -0.979716 -0.200393 0
    outer loop
      vertex 7.67146 -20.8392 -10.99
      vertex 7.69893 -20.9735 -11.49
      vertex 7.69893 -20.9735 -10.99
    endloop
  endfacet
  facet normal -0.708476 -0.705735 0
    outer loop
      vertex 7.67146 -20.8392 -11.49
      vertex 7.58908 -20.7565 -10.99
      vertex 7.58908 -20.7565 -11.49
    endloop
  endfacet
  facet normal -0.708476 -0.705735 0
    outer loop
      vertex 7.58908 -20.7565 -10.99
      vertex 7.67146 -20.8392 -11.49
      vertex 7.67146 -20.8392 -10.99
    endloop
  endfacet
  facet normal -0.298871 -0.954293 0
    outer loop
      vertex 7.45242 -20.7137 -11.49
      vertex 7.58908 -20.7565 -10.99
      vertex 7.45242 -20.7137 -10.99
    endloop
  endfacet
  facet normal -0.298871 -0.954293 -0
    outer loop
      vertex 7.58908 -20.7565 -10.99
      vertex 7.45242 -20.7137 -11.49
      vertex 7.58908 -20.7565 -11.49
    endloop
  endfacet
  facet normal -0.0744472 -0.997225 0
    outer loop
      vertex 7.26221 -20.6995 -11.49
      vertex 7.45242 -20.7137 -10.99
      vertex 7.26221 -20.6995 -10.99
    endloop
  endfacet
  facet normal -0.0744472 -0.997225 -0
    outer loop
      vertex 7.45242 -20.7137 -10.99
      vertex 7.26221 -20.6995 -11.49
      vertex 7.45242 -20.7137 -11.49
    endloop
  endfacet
  facet normal 0 -1 0
    outer loop
      vertex 5.99817 -20.6995 -11.49
      vertex 7.26221 -20.6995 -10.99
      vertex 5.99817 -20.6995 -10.99
    endloop
  endfacet
  facet normal 0 -1 -0
    outer loop
      vertex 7.26221 -20.6995 -10.99
      vertex 5.99817 -20.6995 -11.49
      vertex 7.26221 -20.6995 -11.49
    endloop
  endfacet
  facet normal -0.162638 -0.986686 0
    outer loop
      vertex 5.57471 -20.6297 -11.49
      vertex 5.99817 -20.6995 -10.99
      vertex 5.57471 -20.6297 -10.99
    endloop
  endfacet
  facet normal -0.162638 -0.986686 -0
    outer loop
      vertex 5.99817 -20.6995 -10.99
      vertex 5.57471 -20.6297 -11.49
      vertex 5.99817 -20.6995 -11.49
    endloop
  endfacet
  facet normal -0.55983 -0.828607 0
    outer loop
      vertex 5.26448 -20.4201 -11.49
      vertex 5.57471 -20.6297 -10.99
      vertex 5.26448 -20.4201 -10.99
    endloop
  endfacet
  facet normal -0.55983 -0.828607 -0
    outer loop
      vertex 5.57471 -20.6297 -10.99
      vertex 5.26448 -20.4201 -11.49
      vertex 5.57471 -20.6297 -11.49
    endloop
  endfacet
  facet normal -0.877411 -0.479739 0
    outer loop
      vertex 5.26448 -20.4201 -11.49
      vertex 5.07426 -20.0722 -10.99
      vertex 5.07426 -20.0722 -11.49
    endloop
  endfacet
  facet normal -0.877411 -0.479739 0
    outer loop
      vertex 5.07426 -20.0722 -10.99
      vertex 5.26448 -20.4201 -11.49
      vertex 5.26448 -20.4201 -10.99
    endloop
  endfacet
  facet normal -0.991554 -0.129692 0
    outer loop
      vertex 5.07426 -20.0722 -11.49
      vertex 5.01085 -19.5874 -10.99
      vertex 5.01085 -19.5874 -11.49
    endloop
  endfacet
  facet normal -0.991554 -0.129692 0
    outer loop
      vertex 5.01085 -19.5874 -10.99
      vertex 5.07426 -20.0722 -11.49
      vertex 5.07426 -20.0722 -10.99
    endloop
  endfacet
  facet normal -0.972093 0.234594 0
    outer loop
      vertex 5.01085 -19.5874 -11.49
      vertex 5.20886 -18.7669 -10.99
      vertex 5.20886 -18.7669 -11.49
    endloop
  endfacet
  facet normal -0.972093 0.234594 0
    outer loop
      vertex 5.20886 -18.7669 -10.99
      vertex 5.01085 -19.5874 -11.49
      vertex 5.01085 -19.5874 -10.99
    endloop
  endfacet
  facet normal -0.514795 0.857313 0
    outer loop
      vertex 5.80289 -18.4102 -11.49
      vertex 5.20886 -18.7669 -10.99
      vertex 5.80289 -18.4102 -10.99
    endloop
  endfacet
  facet normal -0.514795 0.857313 0
    outer loop
      vertex 5.20886 -18.7669 -10.99
      vertex 5.80289 -18.4102 -11.49
      vertex 5.20886 -18.7669 -11.49
    endloop
  endfacet
  facet normal 0.995934 0.0900814 0
    outer loop
      vertex 5.84901 -18.9201 -10.99
      vertex 5.80289 -18.4102 -11.49
      vertex 5.80289 -18.4102 -10.99
    endloop
  endfacet
  facet normal 0.995934 0.0900814 0
    outer loop
      vertex 5.80289 -18.4102 -11.49
      vertex 5.84901 -18.9201 -10.99
      vertex 5.84901 -18.9201 -11.49
    endloop
  endfacet
  facet normal 0.272382 -0.962189 0
    outer loop
      vertex 5.63812 -18.9798 -11.49
      vertex 5.84901 -18.9201 -10.99
      vertex 5.63812 -18.9798 -10.99
    endloop
  endfacet
  facet normal 0.272382 -0.962189 0
    outer loop
      vertex 5.84901 -18.9201 -10.99
      vertex 5.63812 -18.9798 -11.49
      vertex 5.84901 -18.9201 -11.49
    endloop
  endfacet
  facet normal 0.636818 -0.771014 0
    outer loop
      vertex 5.49368 -19.0991 -11.49
      vertex 5.63812 -18.9798 -10.99
      vertex 5.49368 -19.0991 -10.99
    endloop
  endfacet
  facet normal 0.636818 -0.771014 0
    outer loop
      vertex 5.63812 -18.9798 -10.99
      vertex 5.49368 -19.0991 -11.49
      vertex 5.63812 -18.9798 -11.49
    endloop
  endfacet
  facet normal 0.918669 -0.395028 0
    outer loop
      vertex 5.41026 -19.2931 -10.99
      vertex 5.49368 -19.0991 -11.49
      vertex 5.49368 -19.0991 -10.99
    endloop
  endfacet
  facet normal 0.918669 -0.395028 0
    outer loop
      vertex 5.49368 -19.0991 -11.49
      vertex 5.41026 -19.2931 -10.99
      vertex 5.41026 -19.2931 -11.49
    endloop
  endfacet
  facet normal 0.99522 -0.0976608 0
    outer loop
      vertex 5.38245 -19.5765 -10.99
      vertex 5.41026 -19.2931 -11.49
      vertex 5.41026 -19.2931 -10.99
    endloop
  endfacet
  facet normal 0.99522 -0.0976608 0
    outer loop
      vertex 5.41026 -19.2931 -11.49
      vertex 5.38245 -19.5765 -10.99
      vertex 5.38245 -19.5765 -11.49
    endloop
  endfacet
  facet normal 0.99074 0.135775 0
    outer loop
      vertex 5.42111 -19.8586 -10.99
      vertex 5.38245 -19.5765 -11.49
      vertex 5.38245 -19.5765 -10.99
    endloop
  endfacet
  facet normal 0.99074 0.135775 0
    outer loop
      vertex 5.38245 -19.5765 -11.49
      vertex 5.42111 -19.8586 -10.99
      vertex 5.42111 -19.8586 -11.49
    endloop
  endfacet
  facet normal 0.859815 0.510606 0
    outer loop
      vertex 5.53709 -20.0539 -10.99
      vertex 5.42111 -19.8586 -11.49
      vertex 5.42111 -19.8586 -10.99
    endloop
  endfacet
  facet normal 0.859815 0.510606 0
    outer loop
      vertex 5.42111 -19.8586 -11.49
      vertex 5.53709 -20.0539 -10.99
      vertex 5.53709 -20.0539 -11.49
    endloop
  endfacet
  facet normal 0.485173 0.874418 -0
    outer loop
      vertex 5.74255 -20.1679 -11.49
      vertex 5.53709 -20.0539 -10.99
      vertex 5.74255 -20.1679 -10.99
    endloop
  endfacet
  facet normal 0.485173 0.874418 0
    outer loop
      vertex 5.53709 -20.0539 -10.99
      vertex 5.74255 -20.1679 -11.49
      vertex 5.53709 -20.0539 -11.49
    endloop
  endfacet
  facet normal 0.12277 0.992435 -0
    outer loop
      vertex 6.04973 -20.2059 -11.49
      vertex 5.74255 -20.1679 -10.99
      vertex 6.04973 -20.2059 -10.99
    endloop
  endfacet
  facet normal 0.12277 0.992435 0
    outer loop
      vertex 5.74255 -20.1679 -10.99
      vertex 6.04973 -20.2059 -11.49
      vertex 5.74255 -20.1679 -11.49
    endloop
  endfacet
  facet normal 0 1 -0
    outer loop
      vertex 6.20976 -20.2059 -11.49
      vertex 6.04973 -20.2059 -10.99
      vertex 6.20976 -20.2059 -10.99
    endloop
  endfacet
  facet normal 0 1 0
    outer loop
      vertex 6.04973 -20.2059 -10.99
      vertex 6.20976 -20.2059 -11.49
      vertex 6.04973 -20.2059 -11.49
    endloop
  endfacet
  facet normal -0.999865 0.0164571 0
    outer loop
      vertex 6.20976 -20.2059 -11.49
      vertex 6.22061 -19.5467 -10.99
      vertex 6.22061 -19.5467 -11.49
    endloop
  endfacet
  facet normal -0.999865 0.0164571 0
    outer loop
      vertex 6.22061 -19.5467 -10.99
      vertex 6.20976 -20.2059 -11.49
      vertex 6.20976 -20.2059 -10.99
    endloop
  endfacet
  facet normal -0.991996 0.126267 0
    outer loop
      vertex 6.22061 -19.5467 -11.49
      vertex 6.29385 -18.9713 -10.99
      vertex 6.29385 -18.9713 -11.49
    endloop
  endfacet
  facet normal -0.991996 0.126267 0
    outer loop
      vertex 6.29385 -18.9713 -10.99
      vertex 6.22061 -19.5467 -11.49
      vertex 6.22061 -19.5467 -10.99
    endloop
  endfacet
  facet normal -0.902257 0.431199 0
    outer loop
      vertex 6.29385 -18.9713 -11.49
      vertex 6.481 -18.5797 -10.99
      vertex 6.481 -18.5797 -11.49
    endloop
  endfacet
  facet normal -0.902257 0.431199 0
    outer loop
      vertex 6.481 -18.5797 -10.99
      vertex 6.29385 -18.9713 -11.49
      vertex 6.29385 -18.9713 -10.99
    endloop
  endfacet
  facet normal -0.603478 0.79738 0
    outer loop
      vertex 6.77803 -18.3549 -11.49
      vertex 6.481 -18.5797 -10.99
      vertex 6.77803 -18.3549 -10.99
    endloop
  endfacet
  facet normal -0.603478 0.79738 0
    outer loop
      vertex 6.481 -18.5797 -10.99
      vertex 6.77803 -18.3549 -11.49
      vertex 6.481 -18.5797 -11.49
    endloop
  endfacet
  facet normal -0.182806 0.983149 0
    outer loop
      vertex 7.18085 -18.28 -11.49
      vertex 6.77803 -18.3549 -10.99
      vertex 7.18085 -18.28 -10.99
    endloop
  endfacet
  facet normal -0.182806 0.983149 0
    outer loop
      vertex 6.77803 -18.3549 -10.99
      vertex 7.18085 -18.28 -11.49
      vertex 6.77803 -18.3549 -11.49
    endloop
  endfacet
  facet normal 0.151219 0.9885 -0
    outer loop
      vertex 7.5443 -18.3356 -11.49
      vertex 7.18085 -18.28 -10.99
      vertex 7.5443 -18.3356 -10.99
    endloop
  endfacet
  facet normal 0.151219 0.9885 0
    outer loop
      vertex 7.18085 -18.28 -10.99
      vertex 7.5443 -18.3356 -11.49
      vertex 7.18085 -18.28 -11.49
    endloop
  endfacet
  facet normal 0.516311 0.856401 -0
    outer loop
      vertex 7.82097 -18.5024 -11.49
      vertex 7.5443 -18.3356 -10.99
      vertex 7.82097 -18.5024 -10.99
    endloop
  endfacet
  facet normal 0.516311 0.856401 0
    outer loop
      vertex 7.5443 -18.3356 -10.99
      vertex 7.82097 -18.5024 -11.49
      vertex 7.5443 -18.3356 -11.49
    endloop
  endfacet
  facet normal 0.845732 0.533607 0
    outer loop
      vertex 7.99593 -18.7797 -10.99
      vertex 7.82097 -18.5024 -11.49
      vertex 7.82097 -18.5024 -10.99
    endloop
  endfacet
  facet normal 0.845732 0.533607 0
    outer loop
      vertex 7.82097 -18.5024 -11.49
      vertex 7.99593 -18.7797 -10.99
      vertex 7.99593 -18.7797 -11.49
    endloop
  endfacet
  facet normal 0.988854 0.14889 0
    outer loop
      vertex 8.05423 -19.1669 -10.99
      vertex 7.99593 -18.7797 -11.49
      vertex 7.99593 -18.7797 -10.99
    endloop
  endfacet
  facet normal 0.988854 0.14889 0
    outer loop
      vertex 7.99593 -18.7797 -11.49
      vertex 8.05423 -19.1669 -10.99
      vertex 8.05423 -19.1669 -11.49
    endloop
  endfacet
  facet normal 0.994404 -0.105644 0
    outer loop
      vertex 8.01932 -19.4955 -10.99
      vertex 8.05423 -19.1669 -11.49
      vertex 8.05423 -19.1669 -10.99
    endloop
  endfacet
  facet normal 0.994404 -0.105644 0
    outer loop
      vertex 8.05423 -19.1669 -11.49
      vertex 8.01932 -19.4955 -10.99
      vertex 8.01932 -19.4955 -11.49
    endloop
  endfacet
  facet normal -0.848114 -0.529814 0
    outer loop
      vertex 7.65553 -19.0669 -11.49
      vertex 7.55789 -18.9106 -10.99
      vertex 7.55789 -18.9106 -11.49
    endloop
  endfacet
  facet normal -0.848114 -0.529814 0
    outer loop
      vertex 7.55789 -18.9106 -10.99
      vertex 7.65553 -19.0669 -11.49
      vertex 7.65553 -19.0669 -10.99
    endloop
  endfacet
  facet normal -0.523239 -0.852186 0
    outer loop
      vertex 7.40056 -18.814 -11.49
      vertex 7.55789 -18.9106 -10.99
      vertex 7.40056 -18.814 -10.99
    endloop
  endfacet
  facet normal -0.523239 -0.852186 -0
    outer loop
      vertex 7.55789 -18.9106 -10.99
      vertex 7.40056 -18.814 -11.49
      vertex 7.55789 -18.9106 -11.49
    endloop
  endfacet
  facet normal -0.150442 -0.988619 0
    outer loop
      vertex 7.18896 -18.7818 -11.49
      vertex 7.40056 -18.814 -10.99
      vertex 7.18896 -18.7818 -10.99
    endloop
  endfacet
  facet normal -0.150442 -0.988619 -0
    outer loop
      vertex 7.40056 -18.814 -10.99
      vertex 7.18896 -18.7818 -11.49
      vertex 7.40056 -18.814 -11.49
    endloop
  endfacet
  facet normal 0.118448 -0.99296 0
    outer loop
      vertex 6.99028 -18.8055 -11.49
      vertex 7.18896 -18.7818 -10.99
      vertex 6.99028 -18.8055 -10.99
    endloop
  endfacet
  facet normal 0.118448 -0.99296 0
    outer loop
      vertex 7.18896 -18.7818 -10.99
      vertex 6.99028 -18.8055 -11.49
      vertex 7.18896 -18.7818 -11.49
    endloop
  endfacet
  facet normal 0.413825 -0.910357 0
    outer loop
      vertex 6.83365 -18.8767 -11.49
      vertex 6.99028 -18.8055 -10.99
      vertex 6.83365 -18.8767 -10.99
    endloop
  endfacet
  facet normal 0.413825 -0.910357 0
    outer loop
      vertex 6.99028 -18.8055 -10.99
      vertex 6.83365 -18.8767 -11.49
      vertex 6.99028 -18.8055 -11.49
    endloop
  endfacet
  facet normal 0.699805 -0.714334 0
    outer loop
      vertex 6.71565 -18.9923 -11.49
      vertex 6.83365 -18.8767 -10.99
      vertex 6.71565 -18.9923 -10.99
    endloop
  endfacet
  facet normal 0.699805 -0.714334 0
    outer loop
      vertex 6.83365 -18.8767 -10.99
      vertex 6.71565 -18.9923 -11.49
      vertex 6.83365 -18.8767 -11.49
    endloop
  endfacet
  facet normal 0.884713 -0.466137 0
    outer loop
      vertex 6.63293 -19.1493 -10.99
      vertex 6.71565 -18.9923 -11.49
      vertex 6.71565 -18.9923 -10.99
    endloop
  endfacet
  facet normal 0.884713 -0.466137 0
    outer loop
      vertex 6.71565 -18.9923 -11.49
      vertex 6.63293 -19.1493 -10.99
      vertex 6.63293 -19.1493 -11.49
    endloop
  endfacet
  facet normal 0.974809 -0.223042 0
    outer loop
      vertex 6.58273 -19.3687 -10.99
      vertex 6.63293 -19.1493 -11.49
      vertex 6.63293 -19.1493 -10.99
    endloop
  endfacet
  facet normal 0.974809 -0.223042 0
    outer loop
      vertex 6.63293 -19.1493 -11.49
      vertex 6.58273 -19.3687 -10.99
      vertex 6.58273 -19.3687 -11.49
    endloop
  endfacet
  facet normal 0.997745 -0.0671204 0
    outer loop
      vertex 6.56236 -19.6715 -10.99
      vertex 6.58273 -19.3687 -11.49
      vertex 6.58273 -19.3687 -10.99
    endloop
  endfacet
  facet normal 0.997745 -0.0671204 0
    outer loop
      vertex 6.58273 -19.3687 -11.49
      vertex 6.56236 -19.6715 -10.99
      vertex 6.56236 -19.6715 -11.49
    endloop
  endfacet
  facet normal 0.999795 -0.0202616 0
    outer loop
      vertex 6.55153 -20.2059 -10.99
      vertex 6.56236 -19.6715 -11.49
      vertex 6.56236 -19.6715 -10.99
    endloop
  endfacet
  facet normal 0.999795 -0.0202616 0
    outer loop
      vertex 6.56236 -19.6715 -11.49
      vertex 6.55153 -20.2059 -10.99
      vertex 6.55153 -20.2059 -11.49
    endloop
  endfacet
  facet normal 0 1 -0
    outer loop
      vertex 6.79292 -20.2059 -11.49
      vertex 6.55153 -20.2059 -10.99
      vertex 6.79292 -20.2059 -10.99
    endloop
  endfacet
  facet normal 0 1 0
    outer loop
      vertex 6.55153 -20.2059 -10.99
      vertex 6.79292 -20.2059 -11.49
      vertex 6.55153 -20.2059 -11.49
    endloop
  endfacet
  facet normal -0.134729 0.990882 0
    outer loop
      vertex 7.01503 -20.1757 -11.49
      vertex 6.79292 -20.2059 -10.99
      vertex 7.01503 -20.1757 -10.99
    endloop
  endfacet
  facet normal -0.134729 0.990882 0
    outer loop
      vertex 6.79292 -20.2059 -10.99
      vertex 7.01503 -20.1757 -11.49
      vertex 6.79292 -20.2059 -11.49
    endloop
  endfacet
  facet normal -0.386843 0.922146 0
    outer loop
      vertex 7.231 -20.0851 -11.49
      vertex 7.01503 -20.1757 -10.99
      vertex 7.231 -20.0851 -10.99
    endloop
  endfacet
  facet normal -0.386843 0.922146 0
    outer loop
      vertex 7.01503 -20.1757 -10.99
      vertex 7.231 -20.0851 -11.49
      vertex 7.01503 -20.1757 -11.49
    endloop
  endfacet
  facet normal -0.600094 0.799929 0
    outer loop
      vertex 7.42122 -19.9424 -11.49
      vertex 7.231 -20.0851 -10.99
      vertex 7.42122 -19.9424 -10.99
    endloop
  endfacet
  facet normal -0.600094 0.799929 0
    outer loop
      vertex 7.231 -20.0851 -10.99
      vertex 7.42122 -19.9424 -11.49
      vertex 7.231 -20.0851 -11.49
    endloop
  endfacet
  facet normal -0.790533 0.61242 0
    outer loop
      vertex 7.42122 -19.9424 -11.49
      vertex 7.56601 -19.7555 -10.99
      vertex 7.56601 -19.7555 -11.49
    endloop
  endfacet
  facet normal -0.790533 0.61242 0
    outer loop
      vertex 7.56601 -19.7555 -10.99
      vertex 7.42122 -19.9424 -11.49
      vertex 7.42122 -19.9424 -10.99
    endloop
  endfacet
  facet normal -0.925494 0.378762 0
    outer loop
      vertex 7.56601 -19.7555 -11.49
      vertex 7.65756 -19.5318 -10.99
      vertex 7.65756 -19.5318 -11.49
    endloop
  endfacet
  facet normal -0.925494 0.378762 0
    outer loop
      vertex 7.65756 -19.5318 -10.99
      vertex 7.56601 -19.7555 -11.49
      vertex 7.56601 -19.7555 -10.99
    endloop
  endfacet
  facet normal -0.992827 0.119562 0
    outer loop
      vertex 7.65756 -19.5318 -11.49
      vertex 7.6881 -19.2782 -10.99
      vertex 7.6881 -19.2782 -11.49
    endloop
  endfacet
  facet normal -0.992827 0.119562 0
    outer loop
      vertex 7.6881 -19.2782 -10.99
      vertex 7.65756 -19.5318 -11.49
      vertex 7.65756 -19.5318 -10.99
    endloop
  endfacet
  facet normal -0.988328 -0.152342 0
    outer loop
      vertex 7.6881 -19.2782 -11.49
      vertex 7.65553 -19.0669 -10.99
      vertex 7.65553 -19.0669 -11.49
    endloop
  endfacet
  facet normal -0.988328 -0.152342 0
    outer loop
      vertex 7.65553 -19.0669 -10.99
      vertex 7.6881 -19.2782 -11.49
      vertex 7.6881 -19.2782 -10.99
    endloop
  endfacet
  facet normal 0.31437 -0.949301 0
    outer loop
      vertex 7.91592 -23.7765 -11.49
      vertex 8.84357 -23.4693 -10.99
      vertex 7.91592 -23.7765 -10.99
    endloop
  endfacet
  facet normal 0.31437 -0.949301 0
    outer loop
      vertex 8.84357 -23.4693 -10.99
      vertex 7.91592 -23.7765 -11.49
      vertex 8.84357 -23.4693 -11.49
    endloop
  endfacet
  facet normal 0 -1 0
    outer loop
      vertex 5.67268 -23.7765 -11.49
      vertex 7.91592 -23.7765 -10.99
      vertex 5.67268 -23.7765 -10.99
    endloop
  endfacet
  facet normal 0 -1 -0
    outer loop
      vertex 7.91592 -23.7765 -10.99
      vertex 5.67268 -23.7765 -11.49
      vertex 7.91592 -23.7765 -11.49
    endloop
  endfacet
  facet normal 0.010458 -0.999945 0
    outer loop
      vertex 5.29022 -23.7805 -11.49
      vertex 5.67268 -23.7765 -10.99
      vertex 5.29022 -23.7805 -10.99
    endloop
  endfacet
  facet normal 0.010458 -0.999945 0
    outer loop
      vertex 5.67268 -23.7765 -10.99
      vertex 5.29022 -23.7805 -11.49
      vertex 5.67268 -23.7765 -11.49
    endloop
  endfacet
  facet normal 0.0545537 -0.998511 0
    outer loop
      vertex 5.06509 -23.7928 -11.49
      vertex 5.29022 -23.7805 -10.99
      vertex 5.06509 -23.7928 -10.99
    endloop
  endfacet
  facet normal 0.0545537 -0.998511 0
    outer loop
      vertex 5.29022 -23.7805 -10.99
      vertex 5.06509 -23.7928 -11.49
      vertex 5.29022 -23.7805 -11.49
    endloop
  endfacet
  facet normal -1 0 0
    outer loop
      vertex 5.06509 -23.7928 -11.49
      vertex 5.06509 -23.3289 -10.99
      vertex 5.06509 -23.3289 -11.49
    endloop
  endfacet
  facet normal -1 -0 0
    outer loop
      vertex 5.06509 -23.3289 -10.99
      vertex 5.06509 -23.7928 -11.49
      vertex 5.06509 -23.7928 -10.99
    endloop
  endfacet
  facet normal -0.165317 0.98624 0
    outer loop
      vertex 5.12952 -23.3181 -11.49
      vertex 5.06509 -23.3289 -10.99
      vertex 5.12952 -23.3181 -10.99
    endloop
  endfacet
  facet normal -0.165317 0.98624 0
    outer loop
      vertex 5.06509 -23.3289 -10.99
      vertex 5.12952 -23.3181 -11.49
      vertex 5.06509 -23.3289 -11.49
    endloop
  endfacet
  facet normal -0.070019 0.997546 0
    outer loop
      vertex 5.28481 -23.3072 -11.49
      vertex 5.12952 -23.3181 -10.99
      vertex 5.28481 -23.3072 -10.99
    endloop
  endfacet
  facet normal -0.070019 0.997546 0
    outer loop
      vertex 5.12952 -23.3181 -10.99
      vertex 5.28481 -23.3072 -11.49
      vertex 5.12952 -23.3181 -11.49
    endloop
  endfacet
  facet normal -0.0473485 0.998878 0
    outer loop
      vertex 5.45569 -23.2991 -11.49
      vertex 5.28481 -23.3072 -10.99
      vertex 5.45569 -23.2991 -10.99
    endloop
  endfacet
  facet normal -0.0473485 0.998878 0
    outer loop
      vertex 5.28481 -23.3072 -10.99
      vertex 5.45569 -23.2991 -11.49
      vertex 5.28481 -23.3072 -11.49
    endloop
  endfacet
  facet normal -0.0242734 0.999705 0
    outer loop
      vertex 5.56689 -23.2964 -11.49
      vertex 5.45569 -23.2991 -10.99
      vertex 5.56689 -23.2964 -10.99
    endloop
  endfacet
  facet normal -0.0242734 0.999705 0
    outer loop
      vertex 5.45569 -23.2991 -10.99
      vertex 5.56689 -23.2964 -11.49
      vertex 5.45569 -23.2991 -11.49
    endloop
  endfacet
  facet normal -1 0 0
    outer loop
      vertex 5.56689 -23.2964 -11.49
      vertex 5.56689 -23.291 -10.99
      vertex 5.56689 -23.291 -11.49
    endloop
  endfacet
  facet normal -1 -0 0
    outer loop
      vertex 5.56689 -23.291 -10.99
      vertex 5.56689 -23.2964 -11.49
      vertex 5.56689 -23.2964 -10.99
    endloop
  endfacet
  facet normal -0.543693 -0.839284 0
    outer loop
      vertex 5.33395 -23.1401 -11.49
      vertex 5.56689 -23.291 -10.99
      vertex 5.33395 -23.1401 -10.99
    endloop
  endfacet
  facet normal -0.543693 -0.839284 -0
    outer loop
      vertex 5.56689 -23.291 -10.99
      vertex 5.33395 -23.1401 -11.49
      vertex 5.56689 -23.291 -11.49
    endloop
  endfacet
  facet normal -0.762023 -0.64755 0
    outer loop
      vertex 5.33395 -23.1401 -11.49
      vertex 5.16136 -22.937 -10.99
      vertex 5.16136 -22.937 -11.49
    endloop
  endfacet
  facet normal -0.762023 -0.64755 0
    outer loop
      vertex 5.16136 -22.937 -10.99
      vertex 5.33395 -23.1401 -11.49
      vertex 5.33395 -23.1401 -10.99
    endloop
  endfacet
  facet normal -0.919558 -0.392955 0
    outer loop
      vertex 5.16136 -22.937 -11.49
      vertex 5.05457 -22.6871 -10.99
      vertex 5.05457 -22.6871 -11.49
    endloop
  endfacet
  facet normal -0.919558 -0.392955 0
    outer loop
      vertex 5.05457 -22.6871 -10.99
      vertex 5.16136 -22.937 -11.49
      vertex 5.16136 -22.937 -10.99
    endloop
  endfacet
  facet normal -0.992615 -0.121308 0
    outer loop
      vertex 5.05457 -22.6871 -11.49
      vertex 5.01897 -22.3958 -10.99
      vertex 5.01897 -22.3958 -11.49
    endloop
  endfacet
  facet normal -0.992615 -0.121308 0
    outer loop
      vertex 5.01897 -22.3958 -10.99
      vertex 5.05457 -22.6871 -11.49
      vertex 5.05457 -22.6871 -10.99
    endloop
  endfacet
  facet normal -0.982282 0.187407 0
    outer loop
      vertex 5.01897 -22.3958 -11.49
      vertex 5.11154 -21.9106 -10.99
      vertex 5.11154 -21.9106 -11.49
    endloop
  endfacet
  facet normal -0.982282 0.187407 0
    outer loop
      vertex 5.11154 -21.9106 -10.99
      vertex 5.01897 -22.3958 -11.49
      vertex 5.01897 -22.3958 -10.99
    endloop
  endfacet
  facet normal -0.777555 0.628814 0
    outer loop
      vertex 5.11154 -21.9106 -11.49
      vertex 5.38925 -21.5672 -10.99
      vertex 5.38925 -21.5672 -11.49
    endloop
  endfacet
  facet normal -0.777555 0.628814 0
    outer loop
      vertex 5.38925 -21.5672 -10.99
      vertex 5.11154 -21.9106 -11.49
      vertex 5.11154 -21.9106 -10.99
    endloop
  endfacet
  facet normal -0.397347 0.917668 0
    outer loop
      vertex 5.86154 -21.3627 -11.49
      vertex 5.38925 -21.5672 -10.99
      vertex 5.86154 -21.3627 -10.99
    endloop
  endfacet
  facet normal -0.397347 0.917668 0
    outer loop
      vertex 5.38925 -21.5672 -10.99
      vertex 5.86154 -21.3627 -11.49
      vertex 5.38925 -21.5672 -11.49
    endloop
  endfacet
  facet normal -0.100171 0.99497 0
    outer loop
      vertex 6.53796 -21.2946 -11.49
      vertex 5.86154 -21.3627 -10.99
      vertex 6.53796 -21.2946 -10.99
    endloop
  endfacet
  facet normal -0.100171 0.99497 0
    outer loop
      vertex 5.86154 -21.3627 -10.99
      vertex 6.53796 -21.2946 -11.49
      vertex 5.86154 -21.3627 -11.49
    endloop
  endfacet
  facet normal 0.0948712 0.99549 -0
    outer loop
      vertex 7.20322 -21.358 -11.49
      vertex 6.53796 -21.2946 -10.99
      vertex 7.20322 -21.358 -10.99
    endloop
  endfacet
  facet normal 0.0948712 0.99549 0
    outer loop
      vertex 6.53796 -21.2946 -10.99
      vertex 7.20322 -21.358 -11.49
      vertex 6.53796 -21.2946 -11.49
    endloop
  endfacet
  facet normal 0.381777 0.924254 -0
    outer loop
      vertex 7.66368 -21.5482 -11.49
      vertex 7.20322 -21.358 -10.99
      vertex 7.66368 -21.5482 -10.99
    endloop
  endfacet
  facet normal 0.381777 0.924254 0
    outer loop
      vertex 7.20322 -21.358 -10.99
      vertex 7.66368 -21.5482 -11.49
      vertex 7.20322 -21.358 -11.49
    endloop
  endfacet
  facet normal 0.770986 0.636852 0
    outer loop
      vertex 7.93222 -21.8733 -10.99
      vertex 7.66368 -21.5482 -11.49
      vertex 7.66368 -21.5482 -10.99
    endloop
  endfacet
  facet normal 0.770986 0.636852 0
    outer loop
      vertex 7.66368 -21.5482 -11.49
      vertex 7.93222 -21.8733 -10.99
      vertex 7.93222 -21.8733 -11.49
    endloop
  endfacet
  facet normal 0.982227 0.187699 0
    outer loop
      vertex 8.02171 -22.3416 -10.99
      vertex 7.93222 -21.8733 -11.49
      vertex 7.93222 -21.8733 -10.99
    endloop
  endfacet
  facet normal 0.982227 0.187699 0
    outer loop
      vertex 7.93222 -21.8733 -11.49
      vertex 8.02171 -22.3416 -10.99
      vertex 8.02171 -22.3416 -11.49
    endloop
  endfacet
  facet normal 0.993149 -0.116853 0
    outer loop
      vertex 7.98613 -22.644 -10.99
      vertex 8.02171 -22.3416 -11.49
      vertex 8.02171 -22.3416 -10.99
    endloop
  endfacet
  facet normal 0.993149 -0.116853 0
    outer loop
      vertex 8.02171 -22.3416 -11.49
      vertex 7.98613 -22.644 -10.99
      vertex 7.98613 -22.644 -11.49
    endloop
  endfacet
  facet normal 0.925918 -0.377724 0
    outer loop
      vertex 7.87933 -22.9058 -10.99
      vertex 7.98613 -22.644 -11.49
      vertex 7.98613 -22.644 -10.99
    endloop
  endfacet
  facet normal 0.925918 -0.377724 0
    outer loop
      vertex 7.98613 -22.644 -11.49
      vertex 7.87933 -22.9058 -10.99
      vertex 7.87933 -22.9058 -11.49
    endloop
  endfacet
  facet normal 0.772287 -0.635274 0
    outer loop
      vertex 7.70198 -23.1214 -10.99
      vertex 7.87933 -22.9058 -11.49
      vertex 7.87933 -22.9058 -10.99
    endloop
  endfacet
  facet normal 0.772287 -0.635274 0
    outer loop
      vertex 7.87933 -22.9058 -11.49
      vertex 7.70198 -23.1214 -10.99
      vertex 7.70198 -23.1214 -11.49
    endloop
  endfacet
  facet normal 0.553097 -0.833117 0
    outer loop
      vertex 7.4548 -23.2855 -11.49
      vertex 7.70198 -23.1214 -10.99
      vertex 7.4548 -23.2855 -10.99
    endloop
  endfacet
  facet normal 0.553097 -0.833117 0
    outer loop
      vertex 7.70198 -23.1214 -10.99
      vertex 7.4548 -23.2855 -11.49
      vertex 7.70198 -23.1214 -11.49
    endloop
  endfacet
  facet normal 1 -0 0
    outer loop
      vertex 7.4548 -23.291 -10.99
      vertex 7.4548 -23.2855 -11.49
      vertex 7.4548 -23.2855 -10.99
    endloop
  endfacet
  facet normal 1 0 0
    outer loop
      vertex 7.4548 -23.2855 -11.49
      vertex 7.4548 -23.291 -10.99
      vertex 7.4548 -23.291 -11.49
    endloop
  endfacet
  facet normal 0 1 -0
    outer loop
      vertex 7.92677 -23.291 -11.49
      vertex 7.4548 -23.291 -10.99
      vertex 7.92677 -23.291 -10.99
    endloop
  endfacet
  facet normal 0 1 0
    outer loop
      vertex 7.4548 -23.291 -10.99
      vertex 7.92677 -23.291 -11.49
      vertex 7.4548 -23.291 -11.49
    endloop
  endfacet
  facet normal -0.273904 0.961757 0
    outer loop
      vertex 8.56758 -23.1085 -11.49
      vertex 7.92677 -23.291 -10.99
      vertex 8.56758 -23.1085 -10.99
    endloop
  endfacet
  facet normal -0.273904 0.961757 0
    outer loop
      vertex 7.92677 -23.291 -10.99
      vertex 8.56758 -23.1085 -11.49
      vertex 7.92677 -23.291 -11.49
    endloop
  endfacet
  facet normal -0.931538 0.363644 0
    outer loop
      vertex 8.56758 -23.1085 -11.49
      vertex 8.78119 -22.5613 -10.99
      vertex 8.78119 -22.5613 -11.49
    endloop
  endfacet
  facet normal -0.931538 0.363644 0
    outer loop
      vertex 8.78119 -22.5613 -10.99
      vertex 8.56758 -23.1085 -11.49
      vertex 8.56758 -23.1085 -10.99
    endloop
  endfacet
  facet normal -0.993783 -0.111334 0
    outer loop
      vertex 8.78119 -22.5613 -11.49
      vertex 8.75372 -22.3161 -10.99
      vertex 8.75372 -22.3161 -11.49
    endloop
  endfacet
  facet normal -0.993783 -0.111334 0
    outer loop
      vertex 8.75372 -22.3161 -10.99
      vertex 8.78119 -22.5613 -11.49
      vertex 8.78119 -22.5613 -10.99
    endloop
  endfacet
  facet normal -0.919596 -0.392866 0
    outer loop
      vertex 8.75372 -22.3161 -11.49
      vertex 8.67131 -22.1232 -10.99
      vertex 8.67131 -22.1232 -11.49
    endloop
  endfacet
  facet normal -0.919596 -0.392866 0
    outer loop
      vertex 8.67131 -22.1232 -10.99
      vertex 8.75372 -22.3161 -11.49
      vertex 8.75372 -22.3161 -10.99
    endloop
  endfacet
  facet normal -0.717638 -0.696417 0
    outer loop
      vertex 8.67131 -22.1232 -11.49
      vertex 8.53807 -21.9859 -10.99
      vertex 8.53807 -21.9859 -11.49
    endloop
  endfacet
  facet normal -0.717638 -0.696417 0
    outer loop
      vertex 8.53807 -21.9859 -10.99
      vertex 8.67131 -22.1232 -11.49
      vertex 8.67131 -22.1232 -10.99
    endloop
  endfacet
  facet normal -0.398819 -0.91703 0
    outer loop
      vertex 8.35803 -21.9076 -11.49
      vertex 8.53807 -21.9859 -10.99
      vertex 8.35803 -21.9076 -10.99
    endloop
  endfacet
  facet normal -0.398819 -0.91703 -0
    outer loop
      vertex 8.53807 -21.9859 -10.99
      vertex 8.35803 -21.9076 -11.49
      vertex 8.53807 -21.9859 -11.49
    endloop
  endfacet
  facet normal -0.98984 0.142186 0
    outer loop
      vertex 8.35803 -21.9076 -11.49
      vertex 8.42856 -21.4166 -10.99
      vertex 8.42856 -21.4166 -11.49
    endloop
  endfacet
  facet normal -0.98984 0.142186 0
    outer loop
      vertex 8.42856 -21.4166 -10.99
      vertex 8.35803 -21.9076 -11.49
      vertex 8.35803 -21.9076 -10.99
    endloop
  endfacet
  facet normal 0.395195 0.918597 -0
    outer loop
      vertex 8.73608 -21.5489 -11.49
      vertex 8.42856 -21.4166 -10.99
      vertex 8.73608 -21.5489 -10.99
    endloop
  endfacet
  facet normal 0.395195 0.918597 0
    outer loop
      vertex 8.42856 -21.4166 -10.99
      vertex 8.73608 -21.5489 -11.49
      vertex 8.42856 -21.4166 -11.49
    endloop
  endfacet
  facet normal 0.715774 0.698332 0
    outer loop
      vertex 8.96428 -21.7828 -10.99
      vertex 8.73608 -21.5489 -11.49
      vertex 8.73608 -21.5489 -10.99
    endloop
  endfacet
  facet normal 0.715774 0.698332 0
    outer loop
      vertex 8.73608 -21.5489 -11.49
      vertex 8.96428 -21.7828 -10.99
      vertex 8.96428 -21.7828 -11.49
    endloop
  endfacet
  facet normal 0.920718 0.390229 0
    outer loop
      vertex 9.10567 -22.1164 -10.99
      vertex 8.96428 -21.7828 -11.49
      vertex 8.96428 -21.7828 -10.99
    endloop
  endfacet
  facet normal 0.920718 0.390229 0
    outer loop
      vertex 8.96428 -21.7828 -11.49
      vertex 9.10567 -22.1164 -10.99
      vertex 9.10567 -22.1164 -11.49
    endloop
  endfacet
  facet normal 0.994085 0.108605 0
    outer loop
      vertex 9.15279 -22.5477 -10.99
      vertex 9.10567 -22.1164 -11.49
      vertex 9.10567 -22.1164 -10.99
    endloop
  endfacet
  facet normal 0.994085 0.108605 0
    outer loop
      vertex 9.10567 -22.1164 -11.49
      vertex 9.15279 -22.5477 -10.99
      vertex 9.15279 -22.5477 -11.49
    endloop
  endfacet
  facet normal 0.948058 -0.318097 0
    outer loop
      vertex 8.84357 -23.4693 -10.99
      vertex 9.15279 -22.5477 -11.49
      vertex 9.15279 -22.5477 -10.99
    endloop
  endfacet
  facet normal 0.948058 -0.318097 0
    outer loop
      vertex 9.15279 -22.5477 -11.49
      vertex 8.84357 -23.4693 -10.99
      vertex 8.84357 -23.4693 -11.49
    endloop
  endfacet
  facet normal -0.739877 -0.672742 0
    outer loop
      vertex 7.59515 -22.1761 -11.49
      vertex 7.39784 -21.9591 -10.99
      vertex 7.39784 -21.9591 -11.49
    endloop
  endfacet
  facet normal -0.739877 -0.672742 0
    outer loop
      vertex 7.39784 -21.9591 -10.99
      vertex 7.59515 -22.1761 -11.49
      vertex 7.59515 -22.1761 -10.99
    endloop
  endfacet
  facet normal -0.326091 -0.945338 0
    outer loop
      vertex 7.04996 -21.8391 -11.49
      vertex 7.39784 -21.9591 -10.99
      vertex 7.04996 -21.8391 -10.99
    endloop
  endfacet
  facet normal -0.326091 -0.945338 -0
    outer loop
      vertex 7.39784 -21.9591 -10.99
      vertex 7.04996 -21.8391 -11.49
      vertex 7.39784 -21.9591 -11.49
    endloop
  endfacet
  facet normal -0.0770752 -0.997025 0
    outer loop
      vertex 6.53253 -21.7991 -11.49
      vertex 7.04996 -21.8391 -10.99
      vertex 6.53253 -21.7991 -10.99
    endloop
  endfacet
  facet normal -0.0770752 -0.997025 -0
    outer loop
      vertex 7.04996 -21.8391 -10.99
      vertex 6.53253 -21.7991 -11.49
      vertex 7.04996 -21.8391 -11.49
    endloop
  endfacet
  facet normal 0.0812949 -0.99669 0
    outer loop
      vertex 6.00902 -21.8418 -11.49
      vertex 6.53253 -21.7991 -10.99
      vertex 6.00902 -21.8418 -10.99
    endloop
  endfacet
  facet normal 0.0812949 -0.99669 0
    outer loop
      vertex 6.53253 -21.7991 -10.99
      vertex 6.00902 -21.8418 -11.49
      vertex 6.53253 -21.7991 -11.49
    endloop
  endfacet
  facet normal 0.339378 -0.94065 0
    outer loop
      vertex 5.65369 -21.97 -11.49
      vertex 6.00902 -21.8418 -10.99
      vertex 5.65369 -21.97 -10.99
    endloop
  endfacet
  facet normal 0.339378 -0.94065 0
    outer loop
      vertex 6.00902 -21.8418 -10.99
      vertex 5.65369 -21.97 -11.49
      vertex 6.00902 -21.8418 -11.49
    endloop
  endfacet
  facet normal 0.736815 -0.676095 0
    outer loop
      vertex 5.45026 -22.1917 -10.99
      vertex 5.65369 -21.97 -11.49
      vertex 5.65369 -21.97 -10.99
    endloop
  endfacet
  facet normal 0.736815 -0.676095 0
    outer loop
      vertex 5.65369 -21.97 -11.49
      vertex 5.45026 -22.1917 -10.99
      vertex 5.45026 -22.1917 -11.49
    endloop
  endfacet
  facet normal 0.978729 -0.205155 0
    outer loop
      vertex 5.38245 -22.5152 -10.99
      vertex 5.45026 -22.1917 -11.49
      vertex 5.45026 -22.1917 -10.99
    endloop
  endfacet
  facet normal 0.978729 -0.205155 0
    outer loop
      vertex 5.45026 -22.1917 -11.49
      vertex 5.38245 -22.5152 -10.99
      vertex 5.38245 -22.5152 -11.49
    endloop
  endfacet
  facet normal 0.987352 0.158541 0
    outer loop
      vertex 5.4167 -22.7285 -10.99
      vertex 5.38245 -22.5152 -11.49
      vertex 5.38245 -22.5152 -10.99
    endloop
  endfacet
  facet normal 0.987352 0.158541 0
    outer loop
      vertex 5.38245 -22.5152 -11.49
      vertex 5.4167 -22.7285 -10.99
      vertex 5.4167 -22.7285 -11.49
    endloop
  endfacet
  facet normal 0.87909 0.476657 0
    outer loop
      vertex 5.51945 -22.918 -10.99
      vertex 5.4167 -22.7285 -11.49
      vertex 5.4167 -22.7285 -10.99
    endloop
  endfacet
  facet normal 0.87909 0.476657 0
    outer loop
      vertex 5.4167 -22.7285 -11.49
      vertex 5.51945 -22.918 -10.99
      vertex 5.51945 -22.918 -11.49
    endloop
  endfacet
  facet normal 0.685321 0.728241 -0
    outer loop
      vertex 5.68692 -23.0756 -11.49
      vertex 5.51945 -22.918 -10.99
      vertex 5.68692 -23.0756 -10.99
    endloop
  endfacet
  facet normal 0.685321 0.728241 0
    outer loop
      vertex 5.51945 -22.918 -10.99
      vertex 5.68692 -23.0756 -11.49
      vertex 5.51945 -22.918 -11.49
    endloop
  endfacet
  facet normal 0.457872 0.889018 -0
    outer loop
      vertex 5.91545 -23.1933 -11.49
      vertex 5.68692 -23.0756 -10.99
      vertex 5.91545 -23.1933 -10.99
    endloop
  endfacet
  facet normal 0.457872 0.889018 0
    outer loop
      vertex 5.68692 -23.0756 -10.99
      vertex 5.91545 -23.1933 -11.49
      vertex 5.68692 -23.0756 -11.49
    endloop
  endfacet
  facet normal 0.249771 0.968305 -0
    outer loop
      vertex 6.19923 -23.2665 -11.49
      vertex 5.91545 -23.1933 -10.99
      vertex 6.19923 -23.2665 -10.99
    endloop
  endfacet
  facet normal 0.249771 0.968305 0
    outer loop
      vertex 5.91545 -23.1933 -10.99
      vertex 6.19923 -23.2665 -11.49
      vertex 5.91545 -23.1933 -11.49
    endloop
  endfacet
  facet normal 0.0733096 0.997309 -0
    outer loop
      vertex 6.53253 -23.291 -11.49
      vertex 6.19923 -23.2665 -10.99
      vertex 6.53253 -23.291 -10.99
    endloop
  endfacet
  facet normal 0.0733096 0.997309 0
    outer loop
      vertex 6.19923 -23.2665 -10.99
      vertex 6.53253 -23.291 -11.49
      vertex 6.19923 -23.2665 -11.49
    endloop
  endfacet
  facet normal -0.0749763 0.997185 0
    outer loop
      vertex 6.85838 -23.2665 -11.49
      vertex 6.53253 -23.291 -10.99
      vertex 6.85838 -23.2665 -10.99
    endloop
  endfacet
  facet normal -0.0749763 0.997185 0
    outer loop
      vertex 6.53253 -23.291 -10.99
      vertex 6.85838 -23.2665 -11.49
      vertex 6.53253 -23.291 -11.49
    endloop
  endfacet
  facet normal -0.254879 0.966973 0
    outer loop
      vertex 7.13609 -23.1933 -11.49
      vertex 6.85838 -23.2665 -10.99
      vertex 7.13609 -23.1933 -10.99
    endloop
  endfacet
  facet normal -0.254879 0.966973 0
    outer loop
      vertex 6.85838 -23.2665 -10.99
      vertex 7.13609 -23.1933 -11.49
      vertex 6.85838 -23.2665 -11.49
    endloop
  endfacet
  facet normal -0.465893 0.884841 0
    outer loop
      vertex 7.3602 -23.0753 -11.49
      vertex 7.13609 -23.1933 -10.99
      vertex 7.3602 -23.0753 -10.99
    endloop
  endfacet
  facet normal -0.465893 0.884841 0
    outer loop
      vertex 7.13609 -23.1933 -10.99
      vertex 7.3602 -23.0753 -11.49
      vertex 7.13609 -23.1933 -11.49
    endloop
  endfacet
  facet normal -0.69293 0.721005 0
    outer loop
      vertex 7.52533 -22.9166 -11.49
      vertex 7.3602 -23.0753 -10.99
      vertex 7.52533 -22.9166 -10.99
    endloop
  endfacet
  facet normal -0.69293 0.721005 0
    outer loop
      vertex 7.3602 -23.0753 -10.99
      vertex 7.52533 -22.9166 -11.49
      vertex 7.3602 -23.0753 -11.49
    endloop
  endfacet
  facet normal -0.883586 0.468268 0
    outer loop
      vertex 7.52533 -22.9166 -11.49
      vertex 7.62703 -22.7247 -10.99
      vertex 7.62703 -22.7247 -11.49
    endloop
  endfacet
  facet normal -0.883586 0.468268 0
    outer loop
      vertex 7.62703 -22.7247 -10.99
      vertex 7.52533 -22.9166 -11.49
      vertex 7.52533 -22.9166 -10.99
    endloop
  endfacet
  facet normal -0.988092 0.153865 0
    outer loop
      vertex 7.62703 -22.7247 -11.49
      vertex 7.66093 -22.507 -10.99
      vertex 7.66093 -22.507 -11.49
    endloop
  endfacet
  facet normal -0.988092 0.153865 0
    outer loop
      vertex 7.66093 -22.507 -10.99
      vertex 7.62703 -22.7247 -11.49
      vertex 7.62703 -22.7247 -10.99
    endloop
  endfacet
  facet normal -0.980808 -0.194976 0
    outer loop
      vertex 7.66093 -22.507 -11.49
      vertex 7.59515 -22.1761 -10.99
      vertex 7.59515 -22.1761 -11.49
    endloop
  endfacet
  facet normal -0.980808 -0.194976 0
    outer loop
      vertex 7.59515 -22.1761 -10.99
      vertex 7.66093 -22.507 -11.49
      vertex 7.66093 -22.507 -10.99
    endloop
  endfacet
  facet normal 1 -0 0
    outer loop
      vertex 95.8 -23.2 -7
      vertex 95.8 -18.2 -7.01
      vertex 95.8 -18.2 -7
    endloop
  endfacet
  facet normal 1 0 0
    outer loop
      vertex 95.8 -18.2 -7.01
      vertex 95.8 -23.2 -7
      vertex 95.8 -23.2 -7.01
    endloop
  endfacet
  facet normal 1 -0 0
    outer loop
      vertex 95.8 -23.2 -5.01
      vertex 95.8 -18.2 -6
      vertex 95.8 -18.2 -5.01
    endloop
  endfacet
  facet normal 1 0 0
    outer loop
      vertex 95.8 -18.2 -6
      vertex 95.8 -23.2 -5.01
      vertex 95.8 -23.2 -6
    endloop
  endfacet
  facet normal 0 0 -1
    outer loop
      vertex 95.8 -23.2 -7.01
      vertex 94.8 -22.2 -7.01
      vertex 95.8 -18.2 -7.01
    endloop
  endfacet
  facet normal 0 0 -1
    outer loop
      vertex 91.245 -23.2 -7.01
      vertex 94.8 -22.2 -7.01
      vertex 95.8 -23.2 -7.01
    endloop
  endfacet
  facet normal -0 0 -1
    outer loop
      vertex 91.8 -22.2 -7.01
      vertex 91.245 -23.2 -7.01
      vertex 91.8 -19.2 -7.01
    endloop
  endfacet
  facet normal -0 0 -1
    outer loop
      vertex 94.8 -22.2 -7.01
      vertex 91.245 -23.2 -7.01
      vertex 91.8 -22.2 -7.01
    endloop
  endfacet
  facet normal 0 0 -1
    outer loop
      vertex 94.8 -19.2 -7.01
      vertex 95.8 -18.2 -7.01
      vertex 94.8 -22.2 -7.01
    endloop
  endfacet
  facet normal 0 0 -1
    outer loop
      vertex 91.245 -18.2 -7.01
      vertex 94.8 -19.2 -7.01
      vertex 91.8 -19.2 -7.01
    endloop
  endfacet
  facet normal 0 0 -1
    outer loop
      vertex 94.8 -19.2 -7.01
      vertex 91.245 -18.2 -7.01
      vertex 95.8 -18.2 -7.01
    endloop
  endfacet
  facet normal 0 0 -1
    outer loop
      vertex 91.245 -18.2 -7.01
      vertex 91.8 -19.2 -7.01
      vertex 91.245 -23.2 -7.01
    endloop
  endfacet
  facet normal 0 0 1
    outer loop
      vertex 95.8 -18.2 -5.01
      vertex 94.8 -19.2 -5.01
      vertex 95.8 -23.2 -5.01
    endloop
  endfacet
  facet normal 0 0 1
    outer loop
      vertex 95.8 -18.2 -5.01
      vertex 91.8 -19.2 -5.01
      vertex 94.8 -19.2 -5.01
    endloop
  endfacet
  facet normal 0 0 1
    outer loop
      vertex 91.8 -19.2 -5.01
      vertex 90.8 -18.2 -5.01
      vertex 91.8 -22.2 -5.01
    endloop
  endfacet
  facet normal -0 0 1
    outer loop
      vertex 90.8 -18.2 -5.01
      vertex 91.8 -19.2 -5.01
      vertex 95.8 -18.2 -5.01
    endloop
  endfacet
  facet normal -0 0 1
    outer loop
      vertex 94.8 -22.2 -5.01
      vertex 95.8 -23.2 -5.01
      vertex 94.8 -19.2 -5.01
    endloop
  endfacet
  facet normal -0 0 1
    outer loop
      vertex 91.8 -22.2 -5.01
      vertex 95.8 -23.2 -5.01
      vertex 94.8 -22.2 -5.01
    endloop
  endfacet
  facet normal 0 0 1
    outer loop
      vertex 91.8 -22.2 -5.01
      vertex 90.8 -23.2 -5.01
      vertex 95.8 -23.2 -5.01
    endloop
  endfacet
  facet normal 0 0 1
    outer loop
      vertex 90.8 -23.2 -5.01
      vertex 91.8 -22.2 -5.01
      vertex 90.8 -18.2 -5.01
    endloop
  endfacet
  facet normal -1 0 0
    outer loop
      vertex 90.8 -23.2 -6
      vertex 90.8 -18.2 -5.01
      vertex 90.8 -18.2 -6
    endloop
  endfacet
  facet normal -1 -0 0
    outer loop
      vertex 90.8 -18.2 -5.01
      vertex 90.8 -23.2 -6
      vertex 90.8 -23.2 -5.01
    endloop
  endfacet
  facet normal 0 -1 0
    outer loop
      vertex 91.245 -23.2 -7.01
      vertex 95.8 -23.2 -7
      vertex 91.245 -23.2 -7
    endloop
  endfacet
  facet normal 0 -1 -0
    outer loop
      vertex 95.8 -23.2 -7
      vertex 91.245 -23.2 -7.01
      vertex 95.8 -23.2 -7.01
    endloop
  endfacet
  facet normal 0 -1 0
    outer loop
      vertex 90.8 -23.2 -6
      vertex 95.8 -23.2 -5.01
      vertex 90.8 -23.2 -5.01
    endloop
  endfacet
  facet normal 0 -1 -0
    outer loop
      vertex 95.8 -23.2 -5.01
      vertex 90.8 -23.2 -6
      vertex 95.8 -23.2 -6
    endloop
  endfacet
  facet normal 0 1 -0
    outer loop
      vertex 95.8 -18.2 -7.01
      vertex 91.245 -18.2 -7
      vertex 95.8 -18.2 -7
    endloop
  endfacet
  facet normal 0 1 0
    outer loop
      vertex 91.245 -18.2 -7
      vertex 95.8 -18.2 -7.01
      vertex 91.245 -18.2 -7.01
    endloop
  endfacet
  facet normal 0 1 -0
    outer loop
      vertex 95.8 -18.2 -6
      vertex 90.8 -18.2 -5.01
      vertex 95.8 -18.2 -5.01
    endloop
  endfacet
  facet normal 0 1 0
    outer loop
      vertex 90.8 -18.2 -5.01
      vertex 95.8 -18.2 -6
      vertex 90.8 -18.2 -6
    endloop
  endfacet
  facet normal -1 0 0
    outer loop
      vertex 27.5 -38 -20.01
      vertex 27.5 -9 -18.98
      vertex 27.5 -9 -20.01
    endloop
  endfacet
  facet normal -1 -0 0
    outer loop
      vertex 27.5 -9 -18.98
      vertex 27.5 -38 -20.01
      vertex 27.5 -38 -18.98
    endloop
  endfacet
  facet normal 1 -0 0
    outer loop
      vertex 15.5 -38 -18.98
      vertex 15.5 -9 -20.01
      vertex 15.5 -9 -18.98
    endloop
  endfacet
  facet normal 1 0 0
    outer loop
      vertex 15.5 -9 -20.01
      vertex 15.5 -38 -18.98
      vertex 15.5 -38 -20.01
    endloop
  endfacet
  facet normal 0 1 -0
    outer loop
      vertex 27.5 -38 -20.01
      vertex 15.5 -38 -18.98
      vertex 27.5 -38 -18.98
    endloop
  endfacet
  facet normal 0 1 0
    outer loop
      vertex 15.5 -38 -18.98
      vertex 27.5 -38 -20.01
      vertex 15.5 -38 -20.01
    endloop
  endfacet
  facet normal 0 -1 0
    outer loop
      vertex 15.5 -9 -20.01
      vertex 27.5 -9 -18.98
      vertex 15.5 -9 -18.98
    endloop
  endfacet
  facet normal 0 -1 -0
    outer loop
      vertex 27.5 -9 -18.98
      vertex 15.5 -9 -20.01
      vertex 27.5 -9 -20.01
    endloop
  endfacet
  facet normal -1 0 0
    outer loop
      vertex 94.8 -22.2 -7.01
      vertex 94.8 -19.2 -5.01
      vertex 94.8 -19.2 -7.01
    endloop
  endfacet
  facet normal -1 -0 0
    outer loop
      vertex 94.8 -19.2 -5.01
      vertex 94.8 -22.2 -7.01
      vertex 94.8 -22.2 -5.01
    endloop
  endfacet
  facet normal 1 -0 0
    outer loop
      vertex 91.8 -22.2 -5.01
      vertex 91.8 -19.2 -7.01
      vertex 91.8 -19.2 -5.01
    endloop
  endfacet
  facet normal 1 0 0
    outer loop
      vertex 91.8 -19.2 -7.01
      vertex 91.8 -22.2 -5.01
      vertex 91.8 -22.2 -7.01
    endloop
  endfacet
  facet normal 0 1 -0
    outer loop
      vertex 94.8 -22.2 -7.01
      vertex 91.8 -22.2 -5.01
      vertex 94.8 -22.2 -5.01
    endloop
  endfacet
  facet normal 0 1 0
    outer loop
      vertex 91.8 -22.2 -5.01
      vertex 94.8 -22.2 -7.01
      vertex 91.8 -22.2 -7.01
    endloop
  endfacet
  facet normal 0 -1 0
    outer loop
      vertex 91.8 -19.2 -7.01
      vertex 94.8 -19.2 -5.01
      vertex 91.8 -19.2 -5.01
    endloop
  endfacet
  facet normal 0 -1 -0
    outer loop
      vertex 94.8 -19.2 -5.01
      vertex 91.8 -19.2 -7.01
      vertex 94.8 -19.2 -7.01
    endloop
  endfacet
  facet normal -1 0 0
    outer loop
      vertex 38.9 -43.77 -9.6
      vertex 38.9 -44.77 -8.98
      vertex 38.9 -43.77 -8.98
    endloop
  endfacet
  facet normal -1 0 0
    outer loop
      vertex 38.9 -45.77 -9.6
      vertex 38.9 -44.77 -8.98
      vertex 38.9 -43.77 -9.6
    endloop
  endfacet
  facet normal -1 0 0
    outer loop
      vertex 38.9 -45.77 -3.6
      vertex 38.9 -44.77 -8.98
      vertex 38.9 -45.77 -9.6
    endloop
  endfacet
  facet normal -1 0 0
    outer loop
      vertex 38.9 -44.77 -8.98
      vertex 38.9 -45.77 -3.6
      vertex 38.9 -44.77 -3.6
    endloop
  endfacet
  facet normal 0 0 1
    outer loop
      vertex 28 -44.77 -9.6
      vertex 38.9 -43.77 -9.6
      vertex 28 -43.77 -9.6
    endloop
  endfacet
  facet normal 0 0 1
    outer loop
      vertex 38.9 -43.77 -9.6
      vertex 28 -44.77 -9.6
      vertex 38.9 -45.77 -9.6
    endloop
  endfacet
  facet normal 0 0 1
    outer loop
      vertex 27.9 -45.77 -9.6
      vertex 28 -44.77 -9.6
      vertex 27.9 -44.77 -9.6
    endloop
  endfacet
  facet normal 0 0 1
    outer loop
      vertex 28 -44.77 -9.6
      vertex 27.9 -45.77 -9.6
      vertex 38.9 -45.77 -9.6
    endloop
  endfacet
  facet normal 0 0 -1
    outer loop
      vertex 27.9 -45.77 -3.6
      vertex 38.9 -44.77 -3.6
      vertex 38.9 -45.77 -3.6
    endloop
  endfacet
  facet normal -0 0 -1
    outer loop
      vertex 38.9 -44.77 -3.6
      vertex 27.9 -45.77 -3.6
      vertex 27.9 -44.77 -3.6
    endloop
  endfacet
  facet normal 1 -0 0
    outer loop
      vertex 27.9 -45.77 -3.6
      vertex 27.9 -44.77 -9.6
      vertex 27.9 -44.77 -3.6
    endloop
  endfacet
  facet normal 1 0 0
    outer loop
      vertex 27.9 -44.77 -9.6
      vertex 27.9 -45.77 -3.6
      vertex 27.9 -45.77 -9.6
    endloop
  endfacet
  facet normal 0 -1 0
    outer loop
      vertex 28 -43.77 -9.6
      vertex 38.9 -43.77 -8.98
      vertex 28 -43.77 -8.98
    endloop
  endfacet
  facet normal 0 -1 -0
    outer loop
      vertex 38.9 -43.77 -8.98
      vertex 28 -43.77 -9.6
      vertex 38.9 -43.77 -9.6
    endloop
  endfacet
endsolid OpenSCAD_Model
